account_id,customer_id,account_type,currency,opened_on,closed_on,overdraft_limit
1,1,current,GBP,2024-11-28,,0.00
2,6573,savings,USD,2024-10-03,,0.00
3,435,credit_card,GBP,2025-09-11,,0.00
4,1,loan,GBP,2024-01-27,,0.00
5,1047,current,GBP,2024-04-18,,1000.00
6,1,current,USD,2025-08-25,,1000.00
7,27,savings,GBP,2024-06-30,,0.00
8,1212,current,GBP,2025-07-25,,1000.00
9,189,current,GBP,2024-01-11,,500.00
10,3,current,GBP,2025-05-28,,500.00
11,3,savings,GBP,2025-12-28,,0.00
12,4,savings,GBP,2024-11-24,,0.00
13,248,current,USD,2024-10-01,,0.00
14,240,savings,GBP,2024-09-19,,0.00
15,75,current,EUR,2025-02-25,,250.00
16,9,loan,EUR,2025-04-19,,0.00
17,3,current,GBP,2024-12-03,,2000.00
18,67,current,GBP,2024-08-04,,500.00
19,1,loan,GBP,2024-02-18,,0.00
20,92,savings,GBP,2025-12-08,,0.00
21,507,current,USD,2025-02-13,,2000.00
22,11,savings,USD,2024-09-19,,0.00
23,339,credit_card,GBP,2024-10-06,,0.00
24,168,current,GBP,2025-07-03,,250.00
25,2,current,GBP,2025-02-01,,1000.00
26,39,current,GBP,2025-12-24,,1000.00
27,1,savings,GBP,2025-10-25,,0.00
28,115,savings,GBP,2025-04-15,,0.00
29,2,savings,USD,2024-03-01,2025-05-22,0.00
30,24,current,GBP,2025-07-07,,250.00
31,2,current,GBP,2024-12-09,,0.00
32,1,current,EUR,2024-12-01,,2000.00
33,4,credit_card,GBP,2024-12-20,,0.00
34,313,current,GBP,2025-11-08,,2000.00
35,43,current,GBP,2025-07-26,,250.00
36,116,current,USD,2025-12-18,,0.00
37,117,current,GBP,2025-07-25,,250.00
38,2,savings,GBP,2024-02-20,,0.00
39,15,savings,USD,2025-07-26,,0.00
40,55,savings,EUR,2024-05-15,,0.00
41,8,current,EUR,2025-08-09,,2000.00
42,90,savings,GBP,2024-03-26,,0.00
43,2024,credit_card,GBP,2025-04-23,,0.00
44,155,savings,GBP,2024-11-12,,0.00
45,803,current,GBP,2025-05-09,,0.00
46,1,current,USD,2025-04-08,,1000.00
47,3,current,EUR,2025-02-27,,250.00
48,1915,current,GBP,2025-12-09,,0.00
49,13,savings,EUR,2024-03-24,,0.00
50,1,savings,GBP,2025-09-30,,0.00
51,228,current,EUR,2024-02-04,,2000.00
52,1,current,GBP,2025-12-30,,250.00
53,5905,current,GBP,2024-12-06,,1000.00
54,7,savings,USD,2025-12-17,2026-06-22,0.00
55,70,savings,USD,2024-05-22,,0.00
56,20,current,GBP,2025-02-09,,250.00
57,6713,savings,GBP,2025-03-20,,0.00
58,24,current,GBP,2024-12-06,,0.00
59,1,credit_card,GBP,2025-04-02,,0.00
60,47,current,GBP,2024-03-13,,2000.00
61,223,current,EUR,2024-06-23,,1000.00
62,1,current,USD,2025-09-20,,0.00
63,81,loan,USD,2024-06-15,,0.00
64,61,savings,USD,2024-12-12,2026-02-21,0.00
65,148,savings,GBP,2024-04-29,,0.00
66,1,credit_card,GBP,2025-02-25,,0.00
67,163,current,USD,2024-12-28,2025-10-28,1000.00
68,43,savings,GBP,2024-04-12,,0.00
69,3,savings,GBP,2024-04-12,,0.00
70,48,credit_card,EUR,2025-11-02,,0.00
71,17,credit_card,USD,2024-09-04,,0.00
72,2,credit_card,GBP,2024-02-06,,0.00
73,1,savings,GBP,2024-10-17,,0.00
74,2,savings,GBP,2025-12-21,,0.00
75,2,savings,GBP,2024-06-22,,0.00
76,1,current,GBP,2025-01-24,,0.00
77,1,current,GBP,2024-08-09,,0.00
78,379,current,USD,2025-07-04,,500.00
79,1,loan,GBP,2024-09-15,,0.00
80,2,savings,EUR,2024-12-01,,0.00
81,6603,savings,USD,2024-08-07,,0.00
82,254,current,GBP,2024-03-18,,0.00
83,73,savings,GBP,2025-09-20,,0.00
84,3,credit_card,GBP,2025-05-04,,0.00
85,869,savings,GBP,2025-12-02,,0.00
86,11,current,USD,2025-09-09,,250.00
87,1,credit_card,USD,2025-05-21,2025-11-24,0.00
88,2,savings,EUR,2024-07-26,,0.00
89,8,current,GBP,2025-05-31,,500.00
90,1,credit_card,USD,2025-09-27,,0.00
91,296,current,USD,2024-12-08,,0.00
92,9,current,USD,2025-03-31,,1000.00
93,6,savings,EUR,2025-05-25,,0.00
94,4339,current,USD,2025-08-28,,2000.00
95,117,loan,EUR,2024-04-30,,0.00
96,12,current,GBP,2025-12-30,,250.00
97,2,current,GBP,2025-05-22,,250.00
98,2,current,USD,2024-03-25,,500.00
99,48,savings,USD,2025-01-13,,0.00
100,597,loan,GBP,2025-01-09,,0.00
101,1,current,USD,2024-11-29,,1000.00
102,100,savings,GBP,2024-03-12,,0.00
103,351,savings,GBP,2024-10-10,,0.00
104,1077,savings,GBP,2025-09-07,,0.00
105,1,credit_card,USD,2025-10-03,,0.00
106,103,savings,GBP,2024-01-24,,0.00
107,5,current,GBP,2024-11-07,,500.00
108,760,savings,USD,2025-11-20,,0.00
109,1,savings,USD,2025-12-08,,0.00
110,12,current,GBP,2025-02-15,2026-01-23,0.00
111,4,current,GBP,2025-06-18,,250.00
112,129,savings,EUR,2024-09-13,,0.00
113,1,current,GBP,2025-12-25,,250.00
114,1,savings,USD,2025-01-12,,0.00
115,6417,savings,USD,2024-06-08,,0.00
116,9,savings,GBP,2024-10-03,,0.00
117,26,credit_card,EUR,2025-06-03,,0.00
118,438,loan,GBP,2025-07-19,,0.00
119,5790,credit_card,GBP,2024-06-17,,0.00
120,443,savings,GBP,2025-06-03,,0.00
121,1171,savings,USD,2025-07-09,2026-01-06,0.00
122,4972,current,GBP,2025-09-23,,0.00
123,70,savings,GBP,2025-08-06,,0.00
124,104,credit_card,GBP,2025-08-22,,0.00
125,50,current,GBP,2025-09-19,,500.00
126,2461,current,GBP,2024-08-10,,1000.00
127,178,current,GBP,2025-01-06,,250.00
128,827,current,GBP,2025-03-07,,250.00
129,1,savings,GBP,2024-03-06,,0.00
130,6,current,GBP,2025-02-12,,0.00
131,4,savings,USD,2025-05-18,,0.00
132,1,savings,GBP,2025-06-15,,0.00
133,6,current,GBP,2025-02-15,,1000.00
134,3,savings,GBP,2025-02-21,,0.00
135,166,savings,GBP,2025-07-28,,0.00
136,1,loan,GBP,2025-08-30,2026-06-17,0.00
137,3207,current,USD,2024-01-08,,250.00
138,4639,current,GBP,2025-10-10,,500.00
139,309,savings,USD,2024-02-29,,0.00
140,1,current,USD,2024-02-21,,250.00
141,4696,loan,GBP,2025-07-05,,0.00
142,1,savings,GBP,2024-10-18,,0.00
143,2639,current,GBP,2025-06-14,,2000.00
144,35,savings,EUR,2024-01-10,,0.00
145,13,current,GBP,2025-09-20,,1000.00
146,48,current,GBP,2025-04-28,,0.00
147,482,savings,USD,2024-03-28,,0.00
148,6,current,EUR,2025-08-02,,1000.00
149,925,credit_card,GBP,2024-09-28,2025-03-19,0.00
150,599,savings,USD,2024-04-17,,0.00
151,17,credit_card,GBP,2024-10-19,,0.00
152,2,current,GBP,2024-08-13,,2000.00
153,26,current,USD,2025-10-08,,500.00
154,4422,credit_card,GBP,2024-11-22,,0.00
155,1179,savings,USD,2024-07-29,,0.00
156,2,savings,GBP,2024-11-29,,0.00
157,6,savings,GBP,2024-04-06,2024-09-14,0.00
158,1,current,GBP,2025-05-26,,2000.00
159,2,current,GBP,2024-05-07,,250.00
160,607,current,GBP,2024-02-25,,2000.00
161,534,current,USD,2024-10-07,,2000.00
162,6531,current,GBP,2024-02-02,,0.00
163,157,current,EUR,2024-12-09,,1000.00
164,16,current,USD,2024-08-06,,250.00
165,64,current,GBP,2025-11-12,,1000.00
166,10,loan,USD,2024-12-23,,0.00
167,1,current,EUR,2024-08-28,,0.00
168,1039,savings,GBP,2025-12-28,,0.00
169,1,savings,GBP,2024-12-29,2025-09-12,0.00
170,2221,current,GBP,2025-12-22,2027-04-12,0.00
171,356,current,GBP,2024-08-16,,1000.00
172,686,credit_card,GBP,2025-03-14,,0.00
173,1,current,USD,2025-11-12,,1000.00
174,1,current,GBP,2025-11-26,,0.00
175,42,loan,GBP,2024-01-16,,0.00
176,199,current,USD,2025-08-08,,1000.00
177,2165,credit_card,GBP,2024-02-17,,0.00
178,1,savings,GBP,2024-06-29,,0.00
179,2,savings,GBP,2024-01-28,,0.00
180,614,savings,USD,2024-06-01,,0.00
181,183,current,GBP,2024-10-19,,0.00
182,5,savings,GBP,2024-12-06,,0.00
183,417,credit_card,GBP,2024-06-02,,0.00
184,78,current,GBP,2025-03-10,,2000.00
185,1,credit_card,GBP,2025-02-25,,0.00
186,396,savings,GBP,2025-12-14,,0.00
187,3,current,USD,2024-02-22,,250.00
188,1,current,USD,2025-04-16,,2000.00
189,33,savings,GBP,2024-06-21,,0.00
190,9,current,GBP,2025-12-01,,250.00
191,630,current,GBP,2025-05-06,,0.00
192,1,loan,EUR,2024-02-09,,0.00
193,1,savings,USD,2025-03-23,,0.00
194,1,savings,GBP,2025-12-04,,0.00
195,60,current,USD,2025-08-23,,0.00
196,9,current,GBP,2025-05-13,,500.00
197,596,savings,GBP,2025-03-03,,0.00
198,824,current,GBP,2025-05-03,,2000.00
199,3,current,USD,2025-08-03,,500.00
200,2,credit_card,EUR,2024-11-30,,0.00
201,1,current,GBP,2024-06-25,,250.00
202,264,current,GBP,2025-01-14,,250.00
203,4302,credit_card,GBP,2024-08-11,,0.00
204,115,credit_card,GBP,2025-12-12,,0.00
205,2,savings,USD,2024-02-10,,0.00
206,20,savings,GBP,2025-02-27,,0.00
207,548,savings,USD,2025-10-15,,0.00
208,1444,current,EUR,2024-12-02,,0.00
209,156,current,GBP,2024-08-31,,500.00
210,8,current,GBP,2024-07-23,2025-11-23,500.00
211,188,savings,GBP,2025-08-29,,0.00
212,8678,current,USD,2024-06-06,,1000.00
213,5,credit_card,GBP,2024-04-09,2025-02-25,0.00
214,1867,current,EUR,2025-05-26,,2000.00
215,193,savings,EUR,2025-11-19,,0.00
216,979,savings,GBP,2025-06-12,,0.00
217,133,current,GBP,2024-02-10,,250.00
218,2,current,EUR,2024-02-07,,0.00
219,1,savings,GBP,2025-08-17,,0.00
220,12,credit_card,GBP,2024-07-01,,0.00
221,18,current,EUR,2024-01-20,,2000.00
222,516,current,GBP,2024-10-27,,1000.00
223,3,savings,GBP,2025-04-17,,0.00
224,4868,savings,GBP,2024-09-16,,0.00
225,585,credit_card,GBP,2024-12-29,,0.00
226,1,current,GBP,2025-10-19,,500.00
227,254,current,GBP,2024-08-30,,0.00
228,5,savings,GBP,2025-07-22,,0.00
229,3,current,USD,2024-02-25,,2000.00
230,1,current,GBP,2024-07-06,,1000.00
231,1,current,GBP,2025-01-04,,0.00
232,2,credit_card,GBP,2024-08-28,,0.00
233,424,current,USD,2025-07-15,,0.00
234,265,current,USD,2024-07-14,,0.00
235,2974,current,GBP,2025-01-03,,250.00
236,1064,current,USD,2024-08-30,,0.00
237,6,current,USD,2025-06-21,,500.00
238,2,current,USD,2025-12-10,,500.00
239,4422,current,GBP,2024-08-16,,500.00
240,12,savings,USD,2025-03-09,2025-12-22,0.00
241,16,savings,GBP,2024-03-10,,0.00
242,10,current,GBP,2025-02-05,,2000.00
243,47,current,EUR,2025-12-28,,250.00
244,356,credit_card,GBP,2024-05-09,,0.00
245,980,savings,EUR,2024-04-13,,0.00
246,1,current,GBP,2024-07-16,,1000.00
247,1974,current,EUR,2024-09-25,,500.00
248,5,savings,GBP,2025-08-04,,0.00
249,12,current,GBP,2025-08-29,,0.00
250,1532,savings,GBP,2025-03-29,,0.00
251,6659,savings,GBP,2024-10-12,2025-09-14,0.00
252,1,savings,GBP,2024-09-03,,0.00
253,10,savings,GBP,2025-09-01,,0.00
254,11,savings,USD,2025-09-02,,0.00
255,222,loan,EUR,2024-12-31,,0.00
256,224,current,GBP,2025-05-23,,1000.00
257,15,current,GBP,2024-03-14,,250.00
258,5,current,USD,2024-03-28,,500.00
259,34,savings,GBP,2024-06-21,,0.00
260,402,credit_card,GBP,2024-05-15,,0.00
261,5,current,GBP,2024-07-20,,1000.00
262,346,savings,GBP,2025-11-08,,0.00
263,1,current,GBP,2024-10-02,,250.00
264,1160,current,GBP,2024-02-03,,0.00
265,126,current,EUR,2024-08-29,,250.00
266,1002,savings,GBP,2024-06-17,,0.00
267,2354,credit_card,GBP,2024-12-19,,0.00
268,5732,savings,GBP,2025-09-28,,0.00
269,34,savings,USD,2024-01-24,,0.00
270,303,current,GBP,2025-11-21,,1000.00
271,2,current,USD,2024-03-08,,1000.00
272,69,current,GBP,2025-01-04,,1000.00
273,2,credit_card,USD,2024-10-30,,0.00
274,854,savings,GBP,2025-11-18,,0.00
275,1,loan,GBP,2025-06-07,,0.00
276,5539,savings,GBP,2025-06-21,,0.00
277,2,current,GBP,2024-06-12,,1000.00
278,16,current,GBP,2025-01-19,,0.00
279,150,current,GBP,2024-08-18,,250.00
280,4,current,USD,2025-08-03,,500.00
281,1,current,USD,2024-08-03,2025-11-15,0.00
282,2,credit_card,GBP,2025-12-03,2026-04-24,0.00
283,2,savings,GBP,2024-07-06,,0.00
284,32,savings,EUR,2025-03-10,,0.00
285,6,savings,GBP,2025-10-06,,0.00
286,22,loan,USD,2024-05-21,,0.00
287,10,savings,GBP,2024-11-20,,0.00
288,9,savings,USD,2025-08-15,2025-10-06,0.00
289,2152,savings,GBP,2024-01-23,2024-12-21,0.00
290,1,current,GBP,2025-12-27,,0.00
291,1589,current,USD,2024-04-23,2024-08-22,250.00
292,52,current,USD,2025-06-26,,500.00
293,188,current,GBP,2025-02-13,,0.00
294,30,current,GBP,2025-02-23,,1000.00
295,3,credit_card,EUR,2025-01-17,,0.00
296,105,current,GBP,2024-11-04,,1000.00
297,1,current,GBP,2024-11-01,,1000.00
298,6,savings,USD,2024-08-03,,0.00
299,2585,credit_card,GBP,2024-07-17,,0.00
300,1,savings,GBP,2024-10-04,,0.00
301,47,current,GBP,2025-02-15,,500.00
302,11,savings,USD,2025-03-04,,0.00
303,2,savings,GBP,2025-12-08,2026-11-16,0.00
304,1,current,USD,2025-07-18,,2000.00
305,2020,savings,GBP,2024-03-11,,0.00
306,213,loan,USD,2024-01-13,,0.00
307,4045,current,GBP,2025-04-24,,1000.00
308,10,current,GBP,2025-11-03,,0.00
309,8,current,EUR,2025-01-18,,250.00
310,84,current,GBP,2024-02-22,,2000.00
311,40,current,GBP,2025-09-20,,500.00
312,301,current,GBP,2024-10-14,,2000.00
313,5,current,GBP,2025-05-29,2026-09-09,0.00
314,3167,current,USD,2025-09-29,,0.00
315,19,current,GBP,2025-05-13,,0.00
316,1,current,GBP,2024-04-11,,1000.00
317,7,credit_card,GBP,2025-11-04,,0.00
318,292,current,GBP,2024-11-29,2025-07-30,2000.00
319,1,current,GBP,2025-03-25,,0.00
320,92,current,GBP,2025-03-27,,1000.00
321,135,credit_card,USD,2025-02-02,,0.00
322,642,savings,USD,2024-06-21,,0.00
323,4,current,GBP,2024-03-28,,2000.00
324,319,savings,GBP,2025-04-26,,0.00
325,207,credit_card,EUR,2024-06-20,,0.00
326,1,current,GBP,2024-04-10,,2000.00
327,104,current,USD,2025-11-15,,0.00
328,2,credit_card,GBP,2024-03-16,,0.00
329,82,credit_card,GBP,2024-12-11,,0.00
330,1,current,USD,2025-12-20,,2000.00
331,4181,current,GBP,2025-11-01,,0.00
332,140,savings,GBP,2024-11-14,,0.00
333,1,current,GBP,2024-12-26,,250.00
334,4,credit_card,EUR,2025-04-11,,0.00
335,5,current,GBP,2025-09-06,,1000.00
336,9,current,USD,2024-01-24,,1000.00
337,5,current,USD,2024-09-11,,500.00
338,1,savings,GBP,2025-07-07,,0.00
339,22,current,GBP,2025-05-28,,2000.00
340,1284,savings,GBP,2024-06-24,,0.00
341,57,current,USD,2025-01-17,,2000.00
342,23,current,GBP,2024-05-13,2024-09-02,2000.00
343,3,current,USD,2025-12-17,,500.00
344,5239,savings,GBP,2025-04-27,,0.00
345,2,loan,USD,2024-12-19,,0.00
346,4,credit_card,GBP,2025-11-17,,0.00
347,2,current,GBP,2024-03-12,,250.00
348,152,savings,EUR,2025-11-29,,0.00
349,66,current,USD,2024-06-01,,2000.00
350,7,current,GBP,2025-07-13,,0.00
351,2,savings,EUR,2024-02-06,,0.00
352,53,current,GBP,2024-09-15,,1000.00
353,4,savings,USD,2025-06-28,,0.00
354,7,savings,GBP,2024-12-01,,0.00
355,2528,current,USD,2025-12-23,,500.00
356,5,current,GBP,2024-05-03,2025-03-30,2000.00
357,3,savings,GBP,2025-09-13,,0.00
358,74,savings,GBP,2025-09-25,,0.00
359,644,current,GBP,2025-10-30,,1000.00
360,5,current,GBP,2024-09-07,,2000.00
361,100,credit_card,USD,2024-09-04,,0.00
362,182,savings,USD,2024-10-01,,0.00
363,1,current,GBP,2024-01-19,,2000.00
364,17,savings,EUR,2024-10-26,,0.00
365,122,current,EUR,2024-02-25,,2000.00
366,15,credit_card,GBP,2024-02-17,,0.00
367,947,savings,GBP,2025-11-29,,0.00
368,341,current,GBP,2024-08-12,,1000.00
369,1,current,GBP,2024-08-18,,1000.00
370,4,credit_card,GBP,2025-08-03,,0.00
371,11,savings,GBP,2024-10-07,,0.00
372,241,loan,GBP,2025-09-19,,0.00
373,4,savings,GBP,2025-04-07,,0.00
374,598,current,USD,2024-01-14,,500.00
375,24,current,GBP,2024-06-08,,250.00
376,88,current,GBP,2024-12-20,,2000.00
377,41,current,USD,2024-06-27,,250.00
378,13,current,GBP,2024-05-16,,500.00
379,2,current,GBP,2025-01-24,,500.00
380,2135,current,GBP,2024-03-17,,1000.00
381,104,savings,GBP,2025-10-17,,0.00
382,50,current,USD,2025-12-16,,250.00
383,102,current,GBP,2024-08-18,,500.00
384,411,savings,USD,2024-01-29,,0.00
385,624,credit_card,GBP,2024-09-13,2024-12-03,0.00
386,1,current,GBP,2025-06-09,2025-12-21,1000.00
387,332,savings,GBP,2025-09-28,,0.00
388,1,current,GBP,2024-05-16,,2000.00
389,40,current,GBP,2024-03-01,,2000.00
390,3786,current,GBP,2024-05-03,,2000.00
391,1066,savings,GBP,2025-01-24,,0.00
392,47,current,USD,2024-10-09,,1000.00
393,14,current,EUR,2025-11-02,,2000.00
394,2,current,EUR,2025-03-05,,0.00
395,190,current,USD,2024-07-23,,500.00
396,8,current,GBP,2024-11-19,,0.00
397,55,current,USD,2025-06-06,,1000.00
398,1,savings,GBP,2025-09-22,,0.00
399,4,current,USD,2024-10-19,,2000.00
400,4,savings,GBP,2024-04-04,,0.00
401,314,current,GBP,2025-07-10,,500.00
402,9,current,USD,2025-02-27,,1000.00
403,967,savings,GBP,2024-03-23,,0.00
404,5188,current,GBP,2024-08-10,,2000.00
405,6,current,GBP,2024-04-27,,250.00
406,5,current,GBP,2025-10-17,,2000.00
407,4,credit_card,USD,2025-11-02,,0.00
408,2729,savings,USD,2024-04-03,,0.00
409,2,savings,GBP,2025-06-13,2026-04-08,0.00
410,2611,current,EUR,2024-08-28,,250.00
411,1,savings,EUR,2025-05-20,,0.00
412,316,savings,GBP,2024-02-21,,0.00
413,6077,current,GBP,2025-04-07,,0.00
414,14,savings,GBP,2025-08-01,,0.00
415,1,current,GBP,2025-11-21,,250.00
416,15,savings,GBP,2025-03-12,,0.00
417,11,credit_card,USD,2025-10-06,,0.00
418,802,current,GBP,2024-01-23,,1000.00
419,307,savings,USD,2024-09-14,,0.00
420,76,savings,EUR,2025-01-28,,0.00
421,2,credit_card,GBP,2024-06-12,,0.00
422,7,loan,GBP,2025-09-02,,0.00
423,7,current,GBP,2024-03-30,,0.00
424,322,savings,GBP,2025-11-14,2026-05-31,0.00
425,4266,current,USD,2024-01-31,,2000.00
426,63,credit_card,GBP,2025-12-20,,0.00
427,4,savings,EUR,2024-03-30,,0.00
428,3154,credit_card,GBP,2024-11-23,,0.00
429,106,credit_card,GBP,2024-01-27,,0.00
430,1,current,GBP,2025-01-04,,0.00
431,2,savings,GBP,2025-06-15,,0.00
432,1,savings,GBP,2025-02-22,,0.00
433,83,credit_card,USD,2024-02-28,,0.00
434,1,current,USD,2024-05-02,,500.00
435,1,savings,USD,2024-02-03,,0.00
436,3,credit_card,GBP,2025-06-19,,0.00
437,2995,current,GBP,2024-11-30,,1000.00
438,40,current,GBP,2024-06-17,,0.00
439,3,current,GBP,2024-11-23,,500.00
440,418,current,EUR,2025-10-02,,500.00
441,1,current,GBP,2024-09-18,,2000.00
442,15,loan,GBP,2024-01-31,,0.00
443,3,savings,USD,2025-05-23,,0.00
444,7,current,GBP,2024-12-12,,0.00
445,103,loan,GBP,2024-01-15,,0.00
446,375,current,GBP,2025-03-23,,0.00
447,412,savings,GBP,2025-06-14,,0.00
448,43,current,GBP,2024-01-25,,1000.00
449,1,current,EUR,2024-04-20,,1000.00
450,8532,credit_card,GBP,2025-01-11,,0.00
451,13,current,GBP,2024-05-15,2025-07-28,500.00
452,3,current,GBP,2025-09-30,,500.00
453,58,current,GBP,2025-03-24,,0.00
454,308,savings,GBP,2024-07-27,,0.00
455,18,current,GBP,2025-08-28,,500.00
456,1379,credit_card,USD,2025-03-29,,0.00
457,4,current,GBP,2024-01-12,,500.00
458,30,current,USD,2024-01-12,,250.00
459,2,current,GBP,2025-03-04,,250.00
460,27,current,EUR,2024-12-08,2025-09-19,1000.00
461,1643,loan,GBP,2024-01-06,,0.00
462,223,current,GBP,2024-09-24,,2000.00
463,10,savings,GBP,2024-09-12,,0.00
464,827,current,EUR,2024-11-30,,2000.00
465,1196,savings,GBP,2025-09-25,,0.00
466,7,credit_card,EUR,2024-02-04,,0.00
467,3811,current,USD,2025-05-26,,1000.00
468,666,loan,USD,2025-07-19,,0.00
469,2255,current,USD,2024-05-24,,250.00
470,40,current,GBP,2025-09-06,,1000.00
471,2,savings,EUR,2024-08-02,,0.00
472,289,savings,GBP,2025-10-29,,0.00
473,105,current,USD,2025-07-01,2026-08-31,1000.00
474,6052,savings,GBP,2024-02-16,,0.00
475,10,savings,GBP,2025-07-09,,0.00
476,1434,current,EUR,2024-08-21,,1000.00
477,256,credit_card,GBP,2025-08-17,,0.00
478,3040,savings,USD,2025-04-12,,0.00
479,1,credit_card,EUR,2024-09-27,,0.00
480,1325,savings,GBP,2024-05-30,,0.00
481,124,savings,GBP,2025-12-14,,0.00
482,293,current,GBP,2025-06-17,,0.00
483,142,current,GBP,2025-04-06,,500.00
484,1,credit_card,GBP,2024-02-20,,0.00
485,39,savings,EUR,2024-12-24,,0.00
486,157,current,EUR,2024-10-25,,1000.00
487,1485,savings,EUR,2024-10-26,,0.00
488,33,current,GBP,2025-04-04,,500.00
489,453,current,GBP,2024-05-28,,2000.00
490,39,current,USD,2024-08-29,,2000.00
491,48,current,EUR,2024-02-14,2025-03-19,0.00
492,12,savings,GBP,2024-03-05,,0.00
493,3,current,GBP,2025-11-14,,1000.00
494,1735,current,GBP,2024-09-21,2025-05-19,500.00
495,4220,savings,GBP,2025-05-06,,0.00
496,110,current,EUR,2025-06-23,,250.00
497,2160,current,GBP,2025-08-07,,1000.00
498,1,current,GBP,2024-09-11,,1000.00
499,9,credit_card,USD,2024-12-01,,0.00
500,10,savings,GBP,2024-07-12,2025-11-16,0.00
501,293,savings,GBP,2024-06-13,,0.00
502,2,credit_card,GBP,2025-11-23,,0.00
503,139,current,GBP,2025-12-13,,250.00
504,433,current,GBP,2025-03-17,,0.00
505,23,loan,GBP,2024-12-24,,0.00
506,1885,current,USD,2024-11-06,,1000.00
507,703,savings,USD,2025-03-30,,0.00
508,25,credit_card,GBP,2024-09-22,2025-08-04,0.00
509,1,savings,GBP,2025-11-08,,0.00
510,3456,credit_card,GBP,2024-11-24,,0.00
511,2029,current,GBP,2024-04-05,2025-05-13,0.00
512,3,credit_card,GBP,2024-06-08,,0.00
513,1332,credit_card,USD,2025-11-03,2027-02-13,0.00
514,31,credit_card,GBP,2025-03-03,,0.00
515,1,current,USD,2024-07-16,,250.00
516,1,credit_card,GBP,2025-04-18,,0.00
517,35,loan,GBP,2025-04-08,,0.00
518,214,current,GBP,2025-08-22,,0.00
519,1,credit_card,GBP,2025-11-22,,0.00
520,3,loan,USD,2025-11-29,,0.00
521,1744,loan,GBP,2025-05-30,2026-01-24,0.00
522,416,current,EUR,2025-11-07,,2000.00
523,31,current,GBP,2025-03-24,,500.00
524,146,savings,USD,2024-07-11,,0.00
525,13,credit_card,GBP,2024-06-27,,0.00
526,12,credit_card,GBP,2024-01-31,,0.00
527,5,current,GBP,2025-01-27,,250.00
528,342,credit_card,EUR,2025-11-23,,0.00
529,276,loan,USD,2024-08-13,,0.00
530,274,loan,GBP,2025-09-11,,0.00
531,6,current,USD,2025-02-11,,2000.00
532,1,current,GBP,2025-01-25,,0.00
533,1,current,GBP,2025-02-26,,0.00
534,48,current,GBP,2025-04-25,,1000.00
535,1414,current,EUR,2025-02-15,,500.00
536,1,current,GBP,2025-06-03,,250.00
537,6,credit_card,EUR,2024-04-22,,0.00
538,1146,current,EUR,2024-10-21,,2000.00
539,3,current,GBP,2024-12-06,,2000.00
540,725,current,GBP,2025-07-11,,250.00
541,2,credit_card,GBP,2024-07-06,,0.00
542,2,savings,GBP,2025-02-28,,0.00
543,1215,current,GBP,2024-01-02,,250.00
544,1,current,USD,2024-02-04,,250.00
545,1925,loan,USD,2024-04-17,,0.00
546,90,current,GBP,2024-09-06,,1000.00
547,4,loan,USD,2024-12-31,,0.00
548,2,credit_card,USD,2024-07-13,,0.00
549,3451,savings,EUR,2024-01-26,,0.00
550,8,current,GBP,2025-05-16,,500.00
551,1710,loan,USD,2024-10-15,,0.00
552,122,savings,EUR,2024-03-22,,0.00
553,1,current,GBP,2025-11-15,,2000.00
554,3,savings,USD,2025-09-13,,0.00
555,1357,loan,GBP,2025-11-21,,0.00
556,7,current,USD,2025-06-08,,500.00
557,594,current,GBP,2025-09-24,,500.00
558,1255,current,USD,2024-02-21,,1000.00
559,1,credit_card,GBP,2024-04-28,,0.00
560,59,current,GBP,2024-05-15,,0.00
561,6,loan,USD,2025-07-28,2025-10-27,0.00
562,10,current,GBP,2025-03-21,,500.00
563,140,loan,EUR,2025-03-05,,0.00
564,7321,current,GBP,2024-01-15,,2000.00
565,4,current,EUR,2025-09-04,,250.00
566,366,credit_card,GBP,2025-03-17,,0.00
567,4192,current,GBP,2025-02-22,,500.00
568,863,savings,GBP,2025-02-27,,0.00
569,1361,loan,GBP,2024-02-19,,0.00
570,2159,savings,EUR,2025-07-01,,0.00
571,2,current,GBP,2025-07-07,,250.00
572,234,savings,GBP,2024-05-18,2024-07-21,0.00
573,2,current,EUR,2024-02-07,,1000.00
574,372,current,GBP,2025-03-31,,250.00
575,1212,credit_card,GBP,2025-08-15,,0.00
576,2,current,GBP,2025-10-27,,250.00
577,72,current,EUR,2024-03-27,,500.00
578,3025,current,EUR,2025-03-21,,250.00
579,1,credit_card,GBP,2024-02-24,,0.00
580,3,savings,GBP,2025-10-20,,0.00
581,1,loan,GBP,2024-04-06,,0.00
582,91,credit_card,GBP,2024-07-16,2025-10-19,0.00
583,217,credit_card,GBP,2024-12-22,,0.00
584,8961,savings,GBP,2024-11-12,,0.00
585,2,loan,GBP,2025-12-24,,0.00
586,6,loan,USD,2025-11-11,,0.00
587,3,loan,GBP,2025-08-19,,0.00
588,7,current,EUR,2025-10-30,,250.00
589,7389,credit_card,EUR,2025-08-09,,0.00
590,194,savings,GBP,2024-12-20,,0.00
591,2,savings,USD,2025-04-09,,0.00
592,3,current,GBP,2025-02-23,,0.00
593,359,current,USD,2024-09-06,,1000.00
594,2632,loan,USD,2024-11-18,,0.00
595,43,current,GBP,2024-01-17,,500.00
596,4,credit_card,EUR,2025-12-14,,0.00
597,6,savings,GBP,2024-04-24,2024-11-04,0.00
598,50,current,GBP,2024-02-24,,2000.00
599,2392,credit_card,EUR,2024-10-04,,0.00
600,1,current,GBP,2025-05-29,,2000.00
601,1262,credit_card,USD,2024-08-19,,0.00
602,613,savings,EUR,2025-12-12,,0.00
603,2,current,GBP,2024-06-08,,2000.00
604,1502,savings,USD,2025-02-04,,0.00
605,15,current,GBP,2025-01-21,,500.00
606,9,savings,USD,2024-04-20,,0.00
607,742,current,GBP,2024-05-01,,0.00
608,172,credit_card,GBP,2024-05-30,,0.00
609,65,savings,GBP,2025-03-04,,0.00
610,1,current,GBP,2024-05-30,,2000.00
611,130,current,EUR,2025-06-10,,0.00
612,33,current,EUR,2024-01-06,2024-03-03,0.00
613,8,savings,USD,2024-03-22,,0.00
614,84,savings,USD,2025-11-28,,0.00
615,2,savings,GBP,2025-05-13,2026-01-28,0.00
616,8230,credit_card,GBP,2025-03-13,,0.00
617,137,current,GBP,2024-02-10,2025-01-18,250.00
618,523,loan,USD,2025-05-13,,0.00
619,1,credit_card,USD,2024-10-26,,0.00
620,2,loan,GBP,2025-02-22,,0.00
621,6,savings,USD,2024-01-24,,0.00
622,1,current,GBP,2025-03-20,,1000.00
623,82,credit_card,GBP,2025-06-16,,0.00
624,178,credit_card,EUR,2025-12-21,,0.00
625,10,current,GBP,2025-02-12,,0.00
626,2,current,GBP,2025-07-14,,2000.00
627,22,savings,GBP,2024-06-28,,0.00
628,47,savings,USD,2024-07-06,,0.00
629,135,savings,USD,2025-07-21,,0.00
630,6,savings,GBP,2025-08-11,,0.00
631,242,savings,EUR,2025-07-27,,0.00
632,1,savings,GBP,2024-01-14,,0.00
633,56,credit_card,GBP,2024-09-08,,0.00
634,267,loan,GBP,2024-08-02,,0.00
635,18,loan,USD,2025-10-25,,0.00
636,1,savings,EUR,2025-03-19,,0.00
637,1130,loan,GBP,2024-11-10,,0.00
638,615,current,GBP,2024-10-19,,0.00
639,33,savings,GBP,2025-06-29,,0.00
640,12,credit_card,GBP,2024-02-02,,0.00
641,2,credit_card,EUR,2024-05-11,,0.00
642,13,current,EUR,2025-03-02,,500.00
643,23,current,USD,2025-01-14,,500.00
644,11,savings,EUR,2024-02-14,,0.00
645,602,current,GBP,2024-07-22,2025-01-16,2000.00
646,40,current,GBP,2024-10-17,,2000.00
647,5,current,EUR,2025-09-20,,250.00
648,939,credit_card,GBP,2024-02-28,,0.00
649,1,savings,GBP,2024-10-04,,0.00
650,6898,savings,GBP,2025-05-08,,0.00
651,13,current,GBP,2025-04-11,2025-12-10,250.00
652,821,current,GBP,2024-12-05,,2000.00
653,3,credit_card,GBP,2025-02-06,,0.00
654,373,credit_card,GBP,2025-09-01,,0.00
655,2,current,EUR,2024-05-15,,500.00
656,6,current,EUR,2024-05-28,,0.00
657,56,current,GBP,2025-04-14,,0.00
658,7,savings,GBP,2024-12-11,,0.00
659,8,savings,GBP,2025-11-09,,0.00
660,1,current,USD,2024-06-17,,500.00
661,1,savings,GBP,2025-02-16,,0.00
662,6386,credit_card,GBP,2025-02-08,,0.00
663,1,current,EUR,2024-03-04,,1000.00
664,1,current,GBP,2025-11-19,,1000.00
665,3,current,GBP,2025-09-05,,0.00
666,8,savings,USD,2024-10-29,,0.00
667,59,savings,GBP,2025-12-29,,0.00
668,8,credit_card,EUR,2025-10-26,,0.00
669,2170,credit_card,USD,2024-07-30,,0.00
670,2,current,GBP,2024-12-15,,0.00
671,2,credit_card,GBP,2024-11-13,,0.00
672,2,current,EUR,2024-03-01,,2000.00
673,16,savings,GBP,2025-11-22,,0.00
674,9,current,USD,2025-12-28,,500.00
675,19,current,USD,2024-01-07,,500.00
676,1,savings,GBP,2025-04-26,,0.00
677,1,credit_card,USD,2025-06-26,,0.00
678,23,savings,GBP,2024-08-27,,0.00
679,297,current,USD,2024-06-02,,500.00
680,14,savings,GBP,2024-07-14,,0.00
681,332,credit_card,EUR,2024-12-16,,0.00
682,69,credit_card,USD,2024-06-17,,0.00
683,3,current,GBP,2025-02-08,,2000.00
684,35,current,GBP,2024-07-28,,250.00
685,71,current,EUR,2025-12-14,2026-06-20,2000.00
686,65,current,GBP,2024-11-02,,500.00
687,1,current,GBP,2025-02-11,2026-01-27,0.00
688,2,savings,USD,2024-01-06,,0.00
689,7,current,USD,2025-03-08,,1000.00
690,2368,current,USD,2025-11-22,,250.00
691,26,current,USD,2025-12-21,,1000.00
692,1,current,GBP,2024-03-04,,250.00
693,2,savings,USD,2025-12-16,,0.00
694,3,current,GBP,2025-11-02,,250.00
695,45,credit_card,GBP,2024-01-05,,0.00
696,1,current,GBP,2024-11-02,,250.00
697,28,current,EUR,2024-07-14,,0.00
698,11,loan,GBP,2024-01-23,,0.00
699,1,current,GBP,2025-07-15,,1000.00
700,2,loan,GBP,2025-06-09,,0.00
701,2,current,GBP,2024-04-04,,500.00
702,46,credit_card,GBP,2025-01-19,,0.00
703,921,current,USD,2025-08-11,,500.00
704,67,savings,GBP,2024-08-01,,0.00
705,1,current,USD,2024-10-01,,1000.00
706,43,current,GBP,2025-05-08,,500.00
707,2,savings,GBP,2025-06-06,,0.00
708,37,current,EUR,2025-06-23,,0.00
709,282,current,GBP,2024-04-15,,2000.00
710,1,current,GBP,2024-08-26,,250.00
711,3,loan,GBP,2024-05-30,,0.00
712,1,loan,EUR,2025-05-19,,0.00
713,1600,current,USD,2025-06-06,,1000.00
714,1083,savings,USD,2025-05-12,,0.00
715,55,current,GBP,2024-11-05,2025-08-17,250.00
716,2,credit_card,USD,2025-01-02,,0.00
717,162,savings,USD,2024-08-10,,0.00
718,1,savings,USD,2025-10-31,,0.00
719,1,current,GBP,2024-03-22,,1000.00
720,446,savings,GBP,2024-12-04,,0.00
721,3,savings,GBP,2025-08-06,,0.00
722,11,current,GBP,2024-12-25,,250.00
723,4,current,USD,2024-02-22,2024-11-16,0.00
724,8,loan,EUR,2024-06-19,,0.00
725,1,current,USD,2025-05-11,,1000.00
726,137,savings,GBP,2025-09-15,,0.00
727,8359,credit_card,GBP,2024-08-21,2024-09-21,0.00
728,16,savings,USD,2025-04-28,,0.00
729,2402,savings,GBP,2024-07-06,,0.00
730,316,credit_card,GBP,2025-07-02,,0.00
731,10,current,USD,2025-01-26,,1000.00
732,12,credit_card,USD,2025-06-12,2026-03-31,0.00
733,2,savings,GBP,2025-01-19,,0.00
734,715,savings,GBP,2025-08-07,,0.00
735,783,savings,GBP,2025-12-06,,0.00
736,2,savings,USD,2025-12-16,,0.00
737,150,current,GBP,2024-09-16,,0.00
738,179,credit_card,GBP,2024-04-27,,0.00
739,3270,loan,GBP,2025-08-05,,0.00
740,16,savings,GBP,2024-01-17,,0.00
741,1,savings,GBP,2025-05-08,,0.00
742,3,current,GBP,2025-11-21,2026-04-01,250.00
743,17,current,EUR,2024-08-04,,250.00
744,3,savings,EUR,2024-01-21,,0.00
745,430,savings,GBP,2025-08-26,,0.00
746,9,savings,GBP,2025-12-08,,0.00
747,2815,current,EUR,2025-01-18,,1000.00
748,2,savings,GBP,2025-02-20,,0.00
749,2446,savings,GBP,2024-07-23,,0.00
750,11,savings,GBP,2024-11-20,,0.00
751,2726,savings,EUR,2025-12-01,,0.00
752,2686,loan,EUR,2024-08-14,,0.00
753,19,savings,EUR,2024-09-27,,0.00
754,2,savings,GBP,2025-11-19,,0.00
755,4959,savings,GBP,2024-08-22,,0.00
756,1,savings,EUR,2025-01-19,,0.00
757,64,current,EUR,2024-06-05,,0.00
758,3,current,GBP,2024-05-05,,1000.00
759,144,savings,GBP,2025-10-29,,0.00
760,186,savings,GBP,2025-09-22,,0.00
761,3,current,GBP,2025-08-26,,500.00
762,5075,current,GBP,2024-07-30,,2000.00
763,2,savings,GBP,2025-09-12,,0.00
764,3263,savings,GBP,2025-08-13,,0.00
765,23,current,EUR,2025-07-19,,2000.00
766,15,savings,GBP,2025-04-06,,0.00
767,1,current,GBP,2024-11-05,,0.00
768,7,loan,GBP,2024-01-23,,0.00
769,229,current,USD,2025-12-21,2027-02-01,500.00
770,1025,savings,EUR,2024-05-01,,0.00
771,29,current,USD,2024-07-13,,2000.00
772,13,credit_card,GBP,2024-09-25,,0.00
773,137,savings,GBP,2025-12-27,,0.00
774,9,savings,USD,2024-06-01,,0.00
775,4234,current,EUR,2025-05-26,,2000.00
776,285,current,GBP,2025-06-23,,1000.00
777,1326,savings,GBP,2025-05-26,,0.00
778,1,current,GBP,2024-08-16,,1000.00
779,7,current,EUR,2025-11-10,,250.00
780,1,current,USD,2024-03-10,,500.00
781,187,credit_card,USD,2025-01-17,,0.00
782,9,savings,GBP,2024-01-15,,0.00
783,1015,savings,USD,2024-06-13,,0.00
784,192,savings,EUR,2024-07-12,,0.00
785,3534,current,GBP,2025-07-30,,500.00
786,22,current,USD,2024-07-19,,500.00
787,56,current,GBP,2024-10-13,,0.00
788,1031,current,USD,2025-05-28,,500.00
789,7,loan,GBP,2025-05-27,,0.00
790,1968,savings,GBP,2024-11-10,,0.00
791,10,current,GBP,2024-02-25,,2000.00
792,2146,savings,GBP,2025-07-17,,0.00
793,5302,loan,GBP,2025-07-07,,0.00
794,19,savings,GBP,2024-12-16,,0.00
795,21,current,GBP,2025-05-16,,0.00
796,31,savings,USD,2025-11-09,,0.00
797,1,current,EUR,2024-01-31,,2000.00
798,15,current,EUR,2024-12-11,,250.00
799,55,current,GBP,2024-12-15,2025-04-24,500.00
800,2997,credit_card,GBP,2025-08-09,,0.00
801,1,current,USD,2024-02-03,,0.00
802,173,savings,USD,2024-05-06,,0.00
803,1,savings,GBP,2025-09-12,,0.00
804,81,credit_card,GBP,2024-03-27,,0.00
805,770,current,EUR,2025-06-27,,500.00
806,14,savings,USD,2025-02-16,,0.00
807,2315,current,GBP,2025-03-14,,0.00
808,2,credit_card,GBP,2025-10-10,,0.00
809,242,current,USD,2025-06-06,2025-12-01,500.00
810,357,loan,GBP,2024-11-01,,0.00
811,2,savings,EUR,2025-10-05,,0.00
812,179,loan,GBP,2024-03-26,,0.00
813,2,current,GBP,2024-11-22,,250.00
814,3245,current,EUR,2024-10-17,,2000.00
815,3,current,GBP,2025-06-22,,0.00
816,1,loan,GBP,2025-11-26,,0.00
817,1,loan,EUR,2024-12-25,,0.00
818,95,savings,GBP,2024-03-31,,0.00
819,4,credit_card,GBP,2025-09-09,,0.00
820,164,credit_card,USD,2025-11-16,,0.00
821,15,current,GBP,2025-12-10,,500.00
822,1,savings,GBP,2024-06-30,,0.00
823,197,current,GBP,2024-01-03,,2000.00
824,1,credit_card,USD,2024-03-21,,0.00
825,2,savings,GBP,2024-12-26,,0.00
826,4,current,GBP,2025-03-23,,250.00
827,1,savings,GBP,2024-08-07,,0.00
828,17,current,USD,2024-01-11,,2000.00
829,4,current,GBP,2024-01-31,,500.00
830,99,current,GBP,2024-04-27,,0.00
831,34,current,EUR,2025-04-14,,500.00
832,1197,credit_card,USD,2024-11-23,,0.00
833,3,current,GBP,2024-08-02,,0.00
834,166,current,GBP,2024-12-03,,0.00
835,5,credit_card,GBP,2024-03-31,,0.00
836,2,current,GBP,2024-11-05,,250.00
837,2,current,EUR,2024-01-02,2025-03-28,1000.00
838,328,credit_card,USD,2024-12-07,,0.00
839,1372,current,GBP,2024-08-04,,2000.00
840,13,savings,GBP,2025-11-19,,0.00
841,296,credit_card,GBP,2025-09-14,,0.00
842,794,loan,GBP,2024-01-02,,0.00
843,93,current,GBP,2024-06-19,,2000.00
844,1,current,GBP,2025-06-15,,1000.00
845,747,credit_card,GBP,2025-12-14,,0.00
846,1082,savings,USD,2025-07-26,,0.00
847,11,savings,GBP,2024-08-27,,0.00
848,48,savings,GBP,2024-06-07,,0.00
849,3672,savings,GBP,2024-01-19,2024-07-29,0.00
850,92,savings,GBP,2024-02-14,,0.00
851,1,savings,GBP,2024-12-13,,0.00
852,1185,current,GBP,2025-05-02,,1000.00
853,1,current,GBP,2025-12-09,,250.00
854,1554,savings,GBP,2024-12-19,,0.00
855,6,savings,GBP,2025-07-09,,0.00
856,1,current,USD,2025-09-30,,500.00
857,54,current,GBP,2025-09-06,,500.00
858,2,current,GBP,2024-10-13,,2000.00
859,302,credit_card,GBP,2025-06-24,,0.00
860,16,credit_card,EUR,2024-05-07,2024-11-26,0.00
861,216,savings,GBP,2025-07-02,,0.00
862,2,current,GBP,2024-03-05,,0.00
863,6934,current,GBP,2025-12-01,2026-08-16,500.00
864,156,current,USD,2025-12-05,,500.00
865,20,credit_card,GBP,2025-10-22,2026-10-22,0.00
866,17,credit_card,GBP,2025-06-30,,0.00
867,17,savings,GBP,2024-07-07,,0.00
868,571,loan,GBP,2025-02-21,,0.00
869,3,loan,GBP,2024-08-27,,0.00
870,3,savings,GBP,2025-05-14,,0.00
871,67,loan,GBP,2025-02-20,,0.00
872,68,savings,GBP,2024-08-07,,0.00
873,11,current,GBP,2024-01-03,,250.00
874,92,credit_card,GBP,2024-09-03,,0.00
875,3,savings,GBP,2025-04-10,,0.00
876,73,current,USD,2025-03-29,,500.00
877,23,current,EUR,2024-01-29,,1000.00
878,292,current,GBP,2024-01-06,,250.00
879,137,savings,USD,2025-09-03,,0.00
880,984,credit_card,USD,2024-04-21,,0.00
881,920,credit_card,GBP,2025-09-07,,0.00
882,5689,credit_card,GBP,2024-12-31,,0.00
883,1570,savings,GBP,2025-04-09,,0.00
884,53,current,GBP,2025-06-21,,500.00
885,16,current,EUR,2024-07-20,,1000.00
886,3,savings,GBP,2025-09-04,2025-12-05,0.00
887,1,savings,GBP,2025-09-14,,0.00
888,2,current,GBP,2025-09-04,,2000.00
889,712,savings,EUR,2024-04-01,2024-05-12,0.00
890,1,current,GBP,2025-03-16,,0.00
891,18,current,USD,2025-09-22,2026-07-22,2000.00
892,11,savings,GBP,2025-06-11,,0.00
893,298,current,USD,2024-12-26,,2000.00
894,112,current,GBP,2024-04-27,2025-01-11,250.00
895,879,credit_card,GBP,2024-09-16,,0.00
896,1,current,GBP,2025-12-09,,0.00
897,1,current,GBP,2025-09-30,,2000.00
898,868,current,EUR,2025-07-15,,500.00
899,686,loan,USD,2025-11-14,,0.00
900,216,savings,USD,2025-08-30,,0.00
901,425,credit_card,EUR,2025-09-21,,0.00
902,3,savings,GBP,2024-11-28,,0.00
903,1,savings,GBP,2024-07-29,,0.00
904,2,current,GBP,2024-05-15,,250.00
905,1,current,USD,2025-09-05,,1000.00
906,5075,current,GBP,2025-07-11,,1000.00
907,1,savings,GBP,2024-02-03,,0.00
908,88,loan,GBP,2024-12-02,,0.00
909,50,current,USD,2025-12-20,,500.00
910,1,credit_card,USD,2024-09-12,,0.00
911,6,savings,USD,2025-07-22,,0.00
912,120,savings,GBP,2025-07-10,,0.00
913,9,current,GBP,2024-12-22,,1000.00
914,1,current,GBP,2025-09-12,,0.00
915,18,savings,GBP,2025-12-16,,0.00
916,4,current,EUR,2024-02-06,,250.00
917,3,current,EUR,2025-10-03,,250.00
918,1520,savings,GBP,2025-08-17,,0.00
919,6,current,GBP,2025-05-28,,0.00
920,7,current,GBP,2025-12-19,,0.00
921,3,credit_card,EUR,2025-03-19,2025-08-15,0.00
922,1,credit_card,EUR,2024-05-18,,0.00
923,4707,savings,GBP,2024-05-24,,0.00
924,7359,savings,EUR,2025-09-28,,0.00
925,2677,loan,GBP,2025-02-26,,0.00
926,1,savings,GBP,2025-10-17,,0.00
927,932,credit_card,USD,2024-08-31,,0.00
928,112,current,GBP,2024-08-06,,0.00
929,3606,savings,USD,2024-06-28,,0.00
930,2613,current,GBP,2024-04-28,,2000.00
931,2,current,EUR,2025-03-28,,2000.00
932,8,credit_card,USD,2025-09-23,,0.00
933,1,credit_card,GBP,2024-08-24,,0.00
934,28,savings,GBP,2025-02-21,,0.00
935,219,savings,USD,2024-04-17,2024-06-08,0.00
936,1782,current,GBP,2024-12-12,,0.00
937,2,credit_card,GBP,2024-06-23,,0.00
938,3,current,GBP,2024-05-01,,250.00
939,356,savings,EUR,2025-01-06,,0.00
940,4,current,USD,2025-10-06,,250.00
941,6,loan,GBP,2025-09-05,,0.00
942,2,current,GBP,2024-01-10,,250.00
943,1,savings,EUR,2024-08-16,,0.00
944,29,current,EUR,2025-04-18,,0.00
945,248,current,GBP,2025-03-14,,0.00
946,73,savings,GBP,2024-02-14,2024-12-08,0.00
947,35,current,GBP,2024-12-16,,2000.00
948,401,current,GBP,2024-12-11,,0.00
949,107,current,USD,2025-05-24,,500.00
950,4912,current,USD,2025-03-10,,500.00
951,1,current,USD,2025-01-25,,500.00
952,3,current,GBP,2024-12-05,,0.00
953,9,current,EUR,2024-08-07,,0.00
954,1,savings,GBP,2025-02-12,,0.00
955,10,savings,GBP,2025-04-08,,0.00
956,101,current,USD,2025-06-15,,1000.00
957,10,current,EUR,2025-06-19,,2000.00
958,128,current,GBP,2024-03-17,,0.00
959,1,current,GBP,2025-07-26,,1000.00
960,36,credit_card,GBP,2024-03-08,,0.00
961,15,savings,GBP,2025-10-14,,0.00
962,3951,loan,GBP,2025-01-10,,0.00
963,1,current,USD,2025-01-11,,2000.00
964,100,savings,GBP,2024-06-14,,0.00
965,8,savings,GBP,2024-08-23,,0.00
966,52,credit_card,GBP,2024-03-23,,0.00
967,376,savings,USD,2025-09-17,,0.00
968,10,savings,USD,2025-01-04,,0.00
969,123,current,EUR,2025-11-23,,500.00
970,1,credit_card,GBP,2024-03-20,,0.00
971,194,current,GBP,2024-01-28,,0.00
972,2,credit_card,GBP,2025-07-08,,0.00
973,1,savings,GBP,2024-08-26,,0.00
974,19,current,GBP,2024-11-20,,500.00
975,6272,savings,GBP,2024-08-14,,0.00
976,5,credit_card,EUR,2025-10-16,,0.00
977,7393,current,USD,2024-02-19,,1000.00
978,761,savings,GBP,2025-09-10,,0.00
979,600,current,USD,2025-07-18,,1000.00
980,13,current,EUR,2024-03-01,,500.00
981,4397,current,EUR,2025-10-14,,1000.00
982,2,current,GBP,2025-04-05,,1000.00
983,1,savings,GBP,2024-11-05,,0.00
984,1,savings,USD,2024-09-29,,0.00
985,73,current,EUR,2024-11-20,,500.00
986,1211,current,GBP,2024-05-09,,250.00
987,53,savings,GBP,2025-02-26,,0.00
988,1,credit_card,USD,2025-07-27,,0.00
989,55,current,GBP,2024-10-08,,2000.00
990,249,current,EUR,2025-08-13,,250.00
991,130,savings,USD,2024-06-28,,0.00
992,798,savings,GBP,2024-02-19,,0.00
993,3,current,EUR,2024-10-30,,0.00
994,96,credit_card,GBP,2024-09-17,,0.00
995,329,savings,USD,2024-04-17,,0.00
996,2,savings,USD,2024-02-04,,0.00
997,91,savings,GBP,2025-02-11,,0.00
998,1,current,GBP,2025-02-28,,500.00
999,28,credit_card,EUR,2024-10-13,,0.00
1000,178,savings,USD,2024-04-09,,0.00
1001,3,current,USD,2024-09-24,,2000.00
1002,376,savings,GBP,2025-08-20,,0.00
1003,3050,credit_card,USD,2024-09-21,,0.00
1004,5,credit_card,GBP,2024-12-16,,0.00
1005,61,current,EUR,2025-10-26,,1000.00
1006,5,current,USD,2025-01-08,,250.00
1007,55,current,GBP,2024-06-12,,500.00
1008,3,current,GBP,2024-06-29,,250.00
1009,2,current,GBP,2025-02-22,,2000.00
1010,5,credit_card,GBP,2024-08-14,2024-11-12,0.00
1011,1,current,GBP,2025-11-02,,2000.00
1012,102,current,EUR,2025-11-30,,2000.00
1013,3,savings,GBP,2025-12-26,,0.00
1014,292,current,EUR,2025-12-31,,1000.00
1015,2,savings,GBP,2025-02-11,,0.00
1016,97,current,USD,2024-06-18,,500.00
1017,1,savings,EUR,2025-06-01,,0.00
1018,4225,savings,GBP,2025-08-05,,0.00
1019,5,savings,GBP,2025-05-26,,0.00
1020,7303,credit_card,USD,2024-02-03,,0.00
1021,1582,current,EUR,2024-07-10,,1000.00
1022,1,current,GBP,2025-12-07,,2000.00
1023,21,savings,USD,2024-10-02,2024-12-28,0.00
1024,3,credit_card,GBP,2024-03-20,,0.00
1025,1219,savings,GBP,2025-09-04,,0.00
1026,1,savings,GBP,2024-08-25,,0.00
1027,440,savings,GBP,2024-09-21,,0.00
1028,224,savings,GBP,2024-10-07,2025-01-14,0.00
1029,1280,credit_card,GBP,2025-10-19,2026-07-19,0.00
1030,2,savings,EUR,2025-11-30,,0.00
1031,51,credit_card,GBP,2024-10-31,,0.00
1032,30,credit_card,GBP,2025-01-20,,0.00
1033,2117,loan,GBP,2025-09-05,,0.00
1034,8247,savings,GBP,2025-06-06,,0.00
1035,281,current,GBP,2024-05-23,,500.00
1036,3312,current,GBP,2025-01-08,,1000.00
1037,34,current,GBP,2025-03-17,,500.00
1038,79,current,GBP,2025-11-04,,500.00
1039,3487,savings,EUR,2024-04-25,,0.00
1040,3,savings,GBP,2024-02-08,,0.00
1041,558,savings,EUR,2025-02-22,,0.00
1042,1170,credit_card,EUR,2025-02-15,,0.00
1043,19,savings,USD,2025-08-13,,0.00
1044,920,current,USD,2025-09-06,,0.00
1045,350,current,GBP,2025-12-22,,2000.00
1046,615,credit_card,USD,2025-02-22,,0.00
1047,1,current,GBP,2025-12-15,,0.00
1048,1166,current,GBP,2024-08-09,,500.00
1049,560,current,GBP,2024-03-20,2025-05-27,1000.00
1050,1,savings,USD,2024-10-14,,0.00
1051,1,credit_card,GBP,2025-03-04,,0.00
1052,10,savings,GBP,2025-06-21,,0.00
1053,26,savings,USD,2025-12-05,,0.00
1054,1,current,USD,2025-10-30,,2000.00
1055,35,current,GBP,2024-08-10,,1000.00
1056,2028,current,USD,2024-08-24,,2000.00
1057,1,current,GBP,2025-07-27,2026-12-05,0.00
1058,7016,current,GBP,2024-11-22,,250.00
1059,304,current,GBP,2025-09-28,,0.00
1060,332,savings,GBP,2024-12-17,2025-09-10,0.00
1061,5781,current,GBP,2025-07-29,2026-03-22,250.00
1062,5215,current,GBP,2025-07-02,,0.00
1063,1,current,GBP,2025-07-10,,250.00
1064,38,credit_card,GBP,2025-12-31,,0.00
1065,7,current,USD,2024-08-29,,0.00
1066,2,current,GBP,2024-06-11,,0.00
1067,1,savings,USD,2025-02-28,,0.00
1068,129,current,GBP,2025-07-06,,1000.00
1069,1,savings,GBP,2025-02-15,,0.00
1070,1396,credit_card,GBP,2024-05-08,,0.00
1071,2,current,GBP,2024-12-11,2026-04-20,0.00
1072,16,current,EUR,2025-10-25,,0.00
1073,4,credit_card,EUR,2024-11-26,,0.00
1074,6,savings,GBP,2025-06-23,,0.00
1075,11,current,EUR,2024-05-30,,500.00
1076,22,savings,GBP,2024-05-27,,0.00
1077,4,current,GBP,2025-05-26,,0.00
1078,69,savings,GBP,2024-08-24,2025-01-07,0.00
1079,44,savings,GBP,2025-09-30,2026-12-04,0.00
1080,5,savings,USD,2024-07-22,,0.00
1081,1261,current,GBP,2024-07-12,,0.00
1082,2,current,GBP,2024-02-04,,250.00
1083,1,current,GBP,2025-07-05,2026-05-28,500.00
1084,1,current,EUR,2024-02-24,,2000.00
1085,1,savings,USD,2024-11-29,,0.00
1086,12,credit_card,GBP,2025-06-03,,0.00
1087,2931,current,GBP,2024-03-28,,1000.00
1088,2669,savings,USD,2025-06-23,,0.00
1089,2,current,USD,2025-07-13,,0.00
1090,23,current,GBP,2025-09-05,2025-10-23,500.00
1091,1,current,GBP,2024-12-06,,1000.00
1092,2867,current,EUR,2024-08-29,,500.00
1093,3,current,EUR,2024-05-03,,1000.00
1094,5010,current,USD,2024-08-30,,1000.00
1095,15,savings,GBP,2024-04-12,,0.00
1096,1,credit_card,EUR,2025-10-18,,0.00
1097,1,credit_card,GBP,2024-02-26,,0.00
1098,18,current,GBP,2024-12-21,,250.00
1099,8580,current,GBP,2024-09-02,,2000.00
1100,6,current,GBP,2025-12-16,,1000.00
1101,33,current,GBP,2025-08-15,,2000.00
1102,1,current,GBP,2024-10-13,,1000.00
1103,105,credit_card,EUR,2025-02-20,,0.00
1104,3063,credit_card,GBP,2025-06-16,,0.00
1105,819,current,EUR,2025-04-09,,1000.00
1106,19,current,GBP,2025-11-30,,2000.00
1107,40,savings,USD,2024-10-22,,0.00
1108,1,credit_card,GBP,2025-08-24,,0.00
1109,11,current,USD,2024-03-27,2024-10-31,1000.00
1110,9,loan,GBP,2024-08-04,,0.00
1111,115,current,GBP,2025-07-09,,0.00
1112,2,credit_card,GBP,2025-08-31,,0.00
1113,2,savings,GBP,2024-09-29,,0.00
1114,27,savings,EUR,2024-01-06,,0.00
1115,2,current,GBP,2024-03-25,,500.00
1116,352,current,USD,2025-09-13,,250.00
1117,1,current,USD,2025-12-27,,1000.00
1118,1360,current,GBP,2024-03-31,,0.00
1119,1,loan,GBP,2025-12-10,,0.00
1120,948,current,GBP,2024-11-04,2025-03-18,250.00
1121,50,current,GBP,2024-05-25,2024-08-05,250.00
1122,288,current,USD,2024-08-07,,1000.00
1123,58,current,GBP,2025-04-07,2025-06-01,500.00
1124,194,savings,USD,2024-01-14,,0.00
1125,2,savings,GBP,2024-06-01,2025-01-02,0.00
1126,1,current,GBP,2025-05-20,,1000.00
1127,3899,savings,GBP,2025-10-19,,0.00
1128,12,savings,GBP,2025-11-22,,0.00
1129,410,loan,EUR,2024-05-07,,0.00
1130,5549,savings,GBP,2025-10-03,,0.00
1131,2987,current,GBP,2025-07-13,,2000.00
1132,106,current,USD,2024-08-29,,1000.00
1133,14,loan,GBP,2025-03-14,,0.00
1134,210,credit_card,GBP,2024-03-19,,0.00
1135,8,loan,GBP,2025-05-28,,0.00
1136,13,savings,GBP,2025-06-25,,0.00
1137,188,savings,GBP,2024-03-17,,0.00
1138,3667,current,USD,2025-06-03,,2000.00
1139,14,current,GBP,2024-03-04,,1000.00
1140,5557,savings,GBP,2024-02-05,,0.00
1141,36,current,GBP,2025-07-31,,250.00
1142,407,savings,USD,2025-11-25,,0.00
1143,1,savings,GBP,2024-08-01,,0.00
1144,11,current,EUR,2024-07-17,,1000.00
1145,43,current,EUR,2025-10-08,,250.00
1146,4589,loan,GBP,2024-04-14,,0.00
1147,63,current,GBP,2025-06-17,,500.00
1148,3442,current,USD,2025-03-16,,500.00
1149,203,loan,GBP,2024-12-31,,0.00
1150,2,loan,USD,2024-11-30,2025-11-03,0.00
1151,3,loan,EUR,2025-12-29,,0.00
1152,48,current,GBP,2024-01-26,,0.00
1153,97,savings,GBP,2024-03-08,,0.00
1154,275,current,GBP,2025-10-23,2026-11-04,500.00
1155,158,current,USD,2025-07-27,,250.00
1156,7,current,GBP,2025-09-27,,1000.00
1157,251,credit_card,GBP,2024-04-25,,0.00
1158,1,current,GBP,2025-11-10,,2000.00
1159,766,current,USD,2024-01-12,,500.00
1160,110,credit_card,GBP,2024-02-06,,0.00
1161,58,savings,GBP,2025-09-02,,0.00
1162,2,savings,USD,2024-01-08,,0.00
1163,4,loan,GBP,2025-10-04,,0.00
1164,73,credit_card,GBP,2025-09-23,,0.00
1165,15,savings,GBP,2024-11-23,,0.00
1166,29,savings,USD,2024-09-07,,0.00
1167,225,current,GBP,2024-10-10,,250.00
1168,412,savings,GBP,2024-01-05,,0.00
1169,162,credit_card,GBP,2024-11-02,,0.00
1170,58,current,GBP,2025-01-18,,500.00
1171,1831,savings,EUR,2025-06-26,,0.00
1172,1,loan,GBP,2024-02-25,,0.00
1173,7,current,USD,2024-02-08,,250.00
1174,4,credit_card,USD,2024-02-24,,0.00
1175,5274,savings,USD,2024-01-14,,0.00
1176,8,savings,GBP,2025-03-14,,0.00
1177,2,credit_card,GBP,2025-11-09,,0.00
1178,1,savings,EUR,2025-04-27,,0.00
1179,376,credit_card,EUR,2024-04-22,,0.00
1180,8,current,GBP,2024-02-10,,500.00
1181,3,current,GBP,2025-11-07,,500.00
1182,3,current,GBP,2025-06-11,,0.00
1183,322,current,GBP,2025-04-05,,2000.00
1184,11,current,EUR,2025-09-15,,2000.00
1185,98,savings,GBP,2024-07-29,,0.00
1186,98,current,GBP,2025-04-28,,500.00
1187,1,current,USD,2025-12-22,,250.00
1188,5,current,GBP,2025-07-02,2026-05-05,1000.00
1189,6,credit_card,GBP,2025-08-24,,0.00
1190,1,current,GBP,2025-06-13,,1000.00
1191,2,credit_card,GBP,2024-11-07,,0.00
1192,7,current,GBP,2025-03-18,,2000.00
1193,3200,savings,EUR,2024-02-21,,0.00
1194,380,savings,GBP,2025-12-15,,0.00
1195,34,current,USD,2025-06-23,,500.00
1196,160,current,USD,2025-08-26,,250.00
1197,20,current,USD,2024-05-18,,250.00
1198,487,loan,EUR,2024-10-10,,0.00
1199,4,savings,GBP,2025-01-07,,0.00
1200,2,current,GBP,2025-05-07,,2000.00
1201,6,current,GBP,2025-04-06,,2000.00
1202,21,current,USD,2025-05-18,,0.00
1203,1,current,USD,2024-04-25,,0.00
1204,6710,current,GBP,2025-08-18,2026-02-01,1000.00
1205,240,current,GBP,2025-10-08,,0.00
1206,5164,current,USD,2025-06-11,,0.00
1207,25,savings,USD,2025-04-24,,0.00
1208,584,current,GBP,2024-03-19,,2000.00
1209,272,current,GBP,2024-11-25,,250.00
1210,1,current,EUR,2025-11-23,,0.00
1211,2421,current,GBP,2025-04-16,,2000.00
1212,6,current,GBP,2024-06-15,,500.00
1213,1,current,GBP,2024-04-13,,250.00
1214,9,current,GBP,2025-05-01,,1000.00
1215,4927,savings,GBP,2025-09-03,,0.00
1216,39,loan,GBP,2025-07-04,,0.00
1217,5,loan,GBP,2024-10-22,,0.00
1218,17,current,GBP,2024-11-02,,250.00
1219,4,savings,GBP,2025-03-01,,0.00
1220,2,savings,USD,2024-11-20,,0.00
1221,593,savings,GBP,2024-01-14,,0.00
1222,1,current,GBP,2025-08-24,2026-04-27,500.00
1223,1,credit_card,USD,2024-08-16,,0.00
1224,609,current,EUR,2024-06-08,,250.00
1225,971,current,USD,2025-04-10,,1000.00
1226,3,savings,GBP,2024-05-21,,0.00
1227,13,savings,EUR,2025-02-17,,0.00
1228,4,current,USD,2025-12-28,,1000.00
1229,603,savings,GBP,2024-11-11,,0.00
1230,7977,savings,USD,2025-07-29,,0.00
1231,2,current,USD,2025-06-22,,0.00
1232,11,savings,GBP,2025-08-16,,0.00
1233,3,savings,GBP,2024-04-08,,0.00
1234,11,savings,GBP,2024-03-04,,0.00
1235,92,savings,GBP,2024-06-03,,0.00
1236,1,current,GBP,2024-10-27,,250.00
1237,4,savings,GBP,2024-08-05,,0.00
1238,623,savings,USD,2024-07-25,2025-01-06,0.00
1239,4,current,GBP,2024-08-16,,2000.00
1240,7058,current,GBP,2024-01-17,,500.00
1241,335,current,USD,2025-03-18,,500.00
1242,39,current,GBP,2024-10-03,2025-04-22,250.00
1243,58,current,GBP,2025-08-30,,500.00
1244,1,credit_card,USD,2025-01-29,,0.00
1245,8083,loan,EUR,2024-01-11,2025-05-04,0.00
1246,5578,loan,USD,2024-08-31,,0.00
1247,31,current,GBP,2024-04-07,,500.00
1248,242,current,GBP,2024-12-22,,500.00
1249,1187,current,EUR,2025-02-21,,500.00
1250,4801,credit_card,EUR,2024-01-23,,0.00
1251,36,credit_card,EUR,2025-05-30,,0.00
1252,1,current,GBP,2025-12-14,,0.00
1253,5675,loan,USD,2025-01-22,,0.00
1254,2068,loan,GBP,2025-12-04,,0.00
1255,5606,current,USD,2024-11-24,,0.00
1256,4,current,GBP,2024-04-28,,500.00
1257,4843,current,GBP,2025-11-17,,2000.00
1258,11,savings,USD,2024-10-04,,0.00
1259,54,current,GBP,2024-04-06,,250.00
1260,1,credit_card,EUR,2024-12-23,,0.00
1261,665,savings,GBP,2025-04-15,,0.00
1262,18,savings,GBP,2024-04-28,,0.00
1263,6389,current,GBP,2024-08-31,,2000.00
1264,378,current,GBP,2025-10-04,,250.00
1265,13,credit_card,GBP,2025-11-15,,0.00
1266,2,current,EUR,2025-12-01,,500.00
1267,14,savings,GBP,2025-06-07,2026-04-04,0.00
1268,35,credit_card,USD,2024-12-13,,0.00
1269,220,current,GBP,2024-09-10,,250.00
1270,3065,current,USD,2025-12-11,,1000.00
1271,2,current,GBP,2024-08-05,,1000.00
1272,246,savings,EUR,2025-12-01,,0.00
1273,2348,current,EUR,2025-09-24,,0.00
1274,1,current,GBP,2024-08-13,,1000.00
1275,8,credit_card,GBP,2025-01-10,,0.00
1276,257,credit_card,GBP,2025-08-17,,0.00
1277,1304,savings,EUR,2025-12-20,,0.00
1278,34,current,EUR,2024-07-24,,500.00
1279,50,current,EUR,2024-04-08,,250.00
1280,2,current,GBP,2024-02-14,,250.00
1281,2,current,GBP,2025-12-31,,2000.00
1282,1513,savings,GBP,2024-06-26,,0.00
1283,33,current,GBP,2024-05-08,,1000.00
1284,146,current,GBP,2024-08-03,,1000.00
1285,1,loan,USD,2025-12-07,,0.00
1286,2,current,USD,2025-05-10,,250.00
1287,3,savings,EUR,2025-05-10,2026-08-02,0.00
1288,1,savings,USD,2024-05-24,,0.00
1289,50,current,USD,2024-03-19,,0.00
1290,406,credit_card,GBP,2024-12-06,,0.00
1291,250,current,GBP,2024-07-20,,1000.00
1292,4,credit_card,USD,2025-07-25,,0.00
1293,2,savings,EUR,2024-04-12,,0.00
1294,10,current,GBP,2024-09-09,,500.00
1295,2,current,GBP,2024-11-18,2026-03-13,0.00
1296,1,current,GBP,2024-08-30,,500.00
1297,12,savings,GBP,2025-06-02,,0.00
1298,1,savings,GBP,2025-07-01,,0.00
1299,188,current,USD,2024-06-15,,500.00
1300,2635,current,GBP,2024-06-24,2025-09-05,1000.00
1301,6346,savings,GBP,2025-06-12,,0.00
1302,150,credit_card,GBP,2025-01-31,,0.00
1303,760,current,GBP,2024-04-29,,0.00
1304,7373,current,GBP,2025-11-08,,500.00
1305,2077,savings,GBP,2024-08-02,,0.00
1306,9,savings,GBP,2024-03-14,,0.00
1307,336,savings,GBP,2025-01-17,,0.00
1308,10,savings,USD,2024-04-22,,0.00
1309,8583,savings,GBP,2025-03-01,,0.00
1310,6,savings,EUR,2024-05-31,,0.00
1311,88,credit_card,EUR,2025-09-12,,0.00
1312,17,current,USD,2025-12-03,,500.00
1313,5552,current,GBP,2025-11-13,,500.00
1314,17,savings,EUR,2025-06-29,2026-04-06,0.00
1315,351,credit_card,EUR,2025-08-21,,0.00
1316,2,current,USD,2024-03-12,,500.00
1317,7,savings,EUR,2025-06-11,,0.00
1318,7,savings,GBP,2024-12-18,2025-03-23,0.00
1319,1038,savings,GBP,2024-09-07,,0.00
1320,283,savings,GBP,2025-05-11,,0.00
1321,46,savings,USD,2024-04-09,,0.00
1322,17,current,GBP,2025-05-09,,1000.00
1323,88,current,USD,2024-10-27,,2000.00
1324,3152,loan,EUR,2025-04-12,,0.00
1325,4,current,EUR,2025-04-02,,250.00
1326,4,current,USD,2025-11-26,,500.00
1327,420,savings,EUR,2024-12-01,,0.00
1328,3067,savings,EUR,2025-05-11,,0.00
1329,578,savings,GBP,2024-02-11,,0.00
1330,3129,current,GBP,2024-01-04,2025-03-10,2000.00
1331,40,savings,GBP,2025-01-31,,0.00
1332,272,loan,GBP,2025-07-04,,0.00
1333,112,current,EUR,2025-08-23,2026-08-03,500.00
1334,3857,savings,USD,2025-04-08,,0.00
1335,1079,savings,GBP,2024-06-18,,0.00
1336,1,savings,USD,2024-04-17,,0.00
1337,6,savings,GBP,2024-01-05,,0.00
1338,6854,current,GBP,2025-06-17,,250.00
1339,1,savings,GBP,2025-09-26,,0.00
1340,152,current,GBP,2025-07-23,,1000.00
1341,33,savings,USD,2025-06-14,,0.00
1342,3119,savings,GBP,2024-07-02,2024-10-02,0.00
1343,103,current,USD,2024-07-05,,1000.00
1344,2,current,GBP,2025-08-13,,0.00
1345,1,credit_card,GBP,2025-07-15,,0.00
1346,53,savings,GBP,2024-12-27,,0.00
1347,417,credit_card,USD,2024-07-16,,0.00
1348,4,credit_card,USD,2025-07-28,2025-08-30,0.00
1349,6626,savings,GBP,2025-03-12,,0.00
1350,33,current,GBP,2024-01-25,,500.00
1351,38,savings,EUR,2024-01-08,2024-06-17,0.00
1352,383,savings,GBP,2025-11-11,2026-02-06,0.00
1353,6799,current,USD,2024-09-04,,1000.00
1354,2,current,GBP,2024-11-23,,500.00
1355,1,savings,USD,2025-06-01,2025-07-02,0.00
1356,39,savings,GBP,2025-08-20,,0.00
1357,216,credit_card,GBP,2025-03-24,,0.00
1358,708,current,GBP,2024-03-23,,250.00
1359,2,savings,USD,2025-11-25,,0.00
1360,9,current,USD,2024-08-10,2025-07-10,500.00
1361,1,credit_card,GBP,2024-05-25,,0.00
1362,50,savings,GBP,2024-12-07,,0.00
1363,4769,current,GBP,2025-07-04,,1000.00
1364,981,savings,GBP,2024-06-12,,0.00
1365,121,credit_card,GBP,2025-02-13,,0.00
1366,1,loan,USD,2025-08-21,,0.00
1367,367,savings,GBP,2025-07-11,,0.00
1368,7,savings,GBP,2025-04-23,,0.00
1369,7,credit_card,EUR,2024-05-31,,0.00
1370,555,savings,USD,2024-02-15,,0.00
1371,6848,loan,EUR,2024-12-12,,0.00
1372,126,savings,GBP,2024-08-31,,0.00
1373,178,loan,GBP,2025-06-28,,0.00
1374,213,savings,USD,2025-01-03,,0.00
1375,1,current,GBP,2025-05-28,,0.00
1376,36,loan,GBP,2025-11-22,,0.00
1377,4,savings,USD,2025-08-21,,0.00
1378,269,current,GBP,2025-12-12,,2000.00
1379,120,current,USD,2025-09-23,,2000.00
1380,545,savings,USD,2024-12-27,,0.00
1381,2,savings,EUR,2025-02-07,,0.00
1382,11,credit_card,GBP,2025-03-24,,0.00
1383,1365,savings,GBP,2025-09-15,,0.00
1384,40,savings,GBP,2024-03-24,,0.00
1385,6499,current,GBP,2024-09-13,,2000.00
1386,4,savings,GBP,2025-04-04,,0.00
1387,13,credit_card,GBP,2024-02-09,,0.00
1388,67,credit_card,GBP,2025-08-20,,0.00
1389,331,credit_card,USD,2024-05-09,,0.00
1390,72,savings,GBP,2024-07-11,,0.00
1391,14,savings,USD,2025-05-22,,0.00
1392,78,savings,GBP,2024-10-14,,0.00
1393,1637,loan,EUR,2024-12-28,,0.00
1394,1,savings,USD,2025-02-14,,0.00
1395,349,current,GBP,2025-07-03,,1000.00
1396,8,credit_card,USD,2025-12-01,,0.00
1397,5,current,USD,2025-08-08,,250.00
1398,6,credit_card,GBP,2024-04-29,,0.00
1399,405,savings,GBP,2024-10-15,,0.00
1400,169,savings,EUR,2024-09-08,,0.00
1401,75,savings,GBP,2024-01-29,,0.00
1402,902,current,GBP,2025-03-13,2026-03-28,250.00
1403,4,current,GBP,2024-07-25,,2000.00
1404,11,current,GBP,2025-06-22,,250.00
1405,12,current,GBP,2024-04-21,,0.00
1406,1307,credit_card,GBP,2025-05-08,,0.00
1407,4,savings,GBP,2025-06-05,,0.00
1408,180,savings,GBP,2025-10-09,,0.00
1409,2,savings,USD,2025-02-07,2025-11-27,0.00
1410,378,current,USD,2025-09-23,,1000.00
1411,1,credit_card,GBP,2025-12-22,,0.00
1412,103,credit_card,GBP,2025-11-25,,0.00
1413,63,current,GBP,2025-10-09,,2000.00
1414,5,savings,EUR,2024-07-16,,0.00
1415,20,savings,GBP,2025-02-05,2025-10-17,0.00
1416,3,credit_card,GBP,2025-03-05,,0.00
1417,1,current,GBP,2024-08-31,,500.00
1418,40,current,EUR,2025-01-13,,2000.00
1419,70,current,GBP,2024-01-19,,1000.00
1420,61,current,GBP,2024-06-26,,0.00
1421,2,savings,GBP,2024-07-29,2025-12-11,0.00
1422,1,current,GBP,2025-10-20,,2000.00
1423,19,current,EUR,2025-12-17,,1000.00
1424,1,credit_card,USD,2024-01-08,,0.00
1425,1,current,GBP,2024-11-12,,2000.00
1426,1,savings,GBP,2024-03-08,,0.00
1427,6,credit_card,GBP,2025-06-05,,0.00
1428,561,current,GBP,2025-10-21,2027-01-26,1000.00
1429,242,current,USD,2024-02-06,,1000.00
1430,39,credit_card,GBP,2025-06-05,,0.00
1431,721,current,USD,2025-09-04,,0.00
1432,31,savings,GBP,2024-08-28,,0.00
1433,43,savings,GBP,2024-11-09,,0.00
1434,2,savings,GBP,2025-12-21,,0.00
1435,7209,credit_card,USD,2024-01-26,,0.00
1436,155,loan,GBP,2025-04-18,,0.00
1437,11,current,GBP,2025-12-11,2026-12-07,500.00
1438,66,current,USD,2024-04-11,,500.00
1439,6315,savings,GBP,2024-10-30,,0.00
1440,8,savings,USD,2025-12-20,,0.00
1441,106,current,USD,2024-08-21,,500.00
1442,1146,savings,GBP,2025-07-27,,0.00
1443,3,current,GBP,2024-10-06,,1000.00
1444,2,savings,GBP,2025-02-18,,0.00
1445,1,loan,GBP,2024-09-22,,0.00
1446,959,current,EUR,2024-11-16,,1000.00
1447,1,loan,GBP,2025-08-04,,0.00
1448,3,credit_card,GBP,2024-01-06,,0.00
1449,2,current,GBP,2025-03-07,,1000.00
1450,88,savings,EUR,2025-05-02,,0.00
1451,132,savings,EUR,2025-12-29,,0.00
1452,2,current,GBP,2024-04-07,,500.00
1453,53,credit_card,GBP,2024-09-16,,0.00
1454,219,current,EUR,2025-10-02,,1000.00
1455,273,savings,USD,2024-10-19,,0.00
1456,1,credit_card,GBP,2025-06-03,,0.00
1457,166,savings,USD,2024-04-28,,0.00
1458,81,current,USD,2024-03-17,,2000.00
1459,200,loan,USD,2024-11-13,,0.00
1460,2417,loan,USD,2024-08-10,,0.00
1461,77,savings,EUR,2025-12-12,,0.00
1462,3099,current,GBP,2024-07-11,,500.00
1463,1,current,GBP,2025-09-28,,2000.00
1464,10,credit_card,GBP,2025-04-06,,0.00
1465,2,loan,EUR,2024-12-23,,0.00
1466,1,current,USD,2025-12-15,,1000.00
1467,31,savings,GBP,2025-12-14,2026-05-09,0.00
1468,290,savings,GBP,2025-09-20,,0.00
1469,1150,current,GBP,2024-03-31,,2000.00
1470,43,savings,GBP,2024-11-25,,0.00
1471,327,savings,GBP,2025-12-15,,0.00
1472,3444,current,GBP,2025-04-20,,2000.00
1473,686,savings,GBP,2024-12-06,,0.00
1474,14,savings,EUR,2025-11-09,,0.00
1475,26,credit_card,GBP,2024-01-28,,0.00
1476,37,savings,USD,2024-12-02,,0.00
1477,7,current,USD,2024-05-06,2024-09-14,500.00
1478,1938,current,USD,2025-12-23,,250.00
1479,3020,savings,GBP,2025-06-17,,0.00
1480,10,current,USD,2024-04-09,,1000.00
1481,1,loan,USD,2024-07-28,,0.00
1482,1,credit_card,USD,2025-09-20,,0.00
1483,124,credit_card,GBP,2024-12-29,,0.00
1484,1,savings,GBP,2025-02-19,,0.00
1485,2,savings,GBP,2025-06-17,,0.00
1486,15,savings,USD,2025-05-06,,0.00
1487,8,current,GBP,2024-11-04,,1000.00
1488,15,credit_card,GBP,2024-05-19,,0.00
1489,16,savings,GBP,2025-11-22,,0.00
1490,1669,current,GBP,2024-10-02,,250.00
1491,1,current,EUR,2025-03-22,,250.00
1492,1,current,GBP,2024-03-06,,0.00
1493,14,current,GBP,2024-06-19,,0.00
1494,2,savings,USD,2024-10-13,,0.00
1495,108,current,USD,2024-06-15,2024-12-29,2000.00
1496,320,credit_card,GBP,2025-12-07,,0.00
1497,1957,current,GBP,2025-08-17,2026-03-23,2000.00
1498,16,current,GBP,2025-07-30,,0.00
1499,2,current,GBP,2025-02-15,,500.00
1500,7672,current,EUR,2025-03-08,,1000.00
1501,1656,current,GBP,2025-12-06,,250.00
1502,1949,current,GBP,2025-03-21,,1000.00
1503,20,savings,GBP,2025-05-27,,0.00
1504,196,savings,GBP,2024-12-23,,0.00
1505,299,current,USD,2025-05-06,,0.00
1506,3,current,EUR,2025-07-25,,2000.00
1507,5,savings,GBP,2025-08-11,,0.00
1508,375,current,EUR,2025-08-25,,1000.00
1509,13,savings,GBP,2025-11-14,,0.00
1510,8,current,GBP,2025-03-22,,500.00
1511,9,loan,GBP,2025-02-09,,0.00
1512,8211,credit_card,GBP,2024-03-10,,0.00
1513,22,current,USD,2024-03-02,,500.00
1514,1,credit_card,GBP,2025-02-16,,0.00
1515,3,savings,GBP,2024-08-26,,0.00
1516,2,current,GBP,2025-07-11,,0.00
1517,36,current,GBP,2025-10-10,2026-09-22,2000.00
1518,1449,current,EUR,2024-04-15,,0.00
1519,3,savings,USD,2024-12-25,,0.00
1520,182,credit_card,GBP,2024-09-13,,0.00
1521,5868,savings,USD,2025-10-27,,0.00
1522,165,current,GBP,2024-02-16,,0.00
1523,149,savings,USD,2024-10-08,,0.00
1524,328,credit_card,USD,2024-02-09,,0.00
1525,386,current,USD,2024-10-09,,500.00
1526,1126,current,USD,2024-06-17,2025-01-01,250.00
1527,8513,savings,EUR,2024-04-28,,0.00
1528,35,current,GBP,2025-02-14,,1000.00
1529,1,current,GBP,2025-06-04,,2000.00
1530,5,current,GBP,2025-03-05,,0.00
1531,5,loan,GBP,2025-09-09,,0.00
1532,515,savings,USD,2024-08-08,2024-09-22,0.00
1533,43,loan,GBP,2025-09-26,,0.00
1534,64,current,GBP,2024-11-06,2024-12-25,500.00
1535,35,current,GBP,2024-12-29,,500.00
1536,4,current,USD,2025-05-16,,2000.00
1537,9,savings,EUR,2025-12-05,,0.00
1538,1,savings,GBP,2024-09-09,,0.00
1539,1557,current,USD,2025-12-31,2027-01-08,2000.00
1540,1247,savings,USD,2024-01-02,,0.00
1541,1253,credit_card,USD,2024-07-29,,0.00
1542,1040,current,GBP,2024-07-05,,500.00
1543,1621,savings,GBP,2025-03-13,,0.00
1544,1777,credit_card,GBP,2025-03-31,,0.00
1545,57,current,GBP,2024-08-07,,500.00
1546,2329,savings,USD,2025-08-19,,0.00
1547,64,current,GBP,2025-09-15,,250.00
1548,2,savings,EUR,2025-06-29,,0.00
1549,4,savings,EUR,2025-10-08,,0.00
1550,97,credit_card,GBP,2025-12-05,,0.00
1551,3140,current,GBP,2025-05-14,,1000.00
1552,70,current,EUR,2025-05-14,,1000.00
1553,9,current,USD,2024-11-29,,1000.00
1554,1,credit_card,GBP,2025-12-30,,0.00
1555,14,savings,GBP,2025-07-10,,0.00
1556,162,credit_card,GBP,2024-03-09,,0.00
1557,6,savings,GBP,2025-03-15,,0.00
1558,64,current,EUR,2025-07-26,,1000.00
1559,678,current,EUR,2025-01-21,,1000.00
1560,630,current,GBP,2025-12-21,,500.00
1561,10,current,USD,2024-11-09,,500.00
1562,2,current,USD,2024-10-07,,500.00
1563,6690,savings,EUR,2024-03-09,,0.00
1564,7,current,GBP,2024-10-28,,1000.00
1565,99,current,GBP,2024-11-17,,250.00
1566,1,savings,USD,2025-02-22,2026-06-10,0.00
1567,195,current,USD,2025-10-07,,2000.00
1568,1,savings,GBP,2024-01-14,,0.00
1569,68,savings,GBP,2024-08-16,,0.00
1570,320,credit_card,GBP,2024-08-09,,0.00
1571,28,loan,GBP,2025-11-10,,0.00
1572,70,savings,GBP,2024-04-23,,0.00
1573,22,loan,GBP,2024-03-20,,0.00
1574,196,savings,USD,2024-06-16,,0.00
1575,918,savings,GBP,2024-08-22,,0.00
1576,1,credit_card,GBP,2024-09-11,,0.00
1577,39,loan,EUR,2024-04-15,,0.00
1578,3,credit_card,GBP,2024-06-23,,0.00
1579,3,current,USD,2024-11-06,,0.00
1580,10,credit_card,GBP,2025-02-18,,0.00
1581,498,current,GBP,2025-07-12,2025-11-27,0.00
1582,12,current,USD,2025-12-31,,2000.00
1583,1,loan,GBP,2024-11-19,,0.00
1584,106,savings,GBP,2024-02-23,,0.00
1585,105,current,EUR,2024-04-02,2024-05-15,1000.00
1586,278,savings,GBP,2025-08-22,,0.00
1587,22,current,EUR,2025-04-03,,250.00
1588,72,credit_card,USD,2024-03-12,,0.00
1589,129,current,EUR,2025-11-11,,250.00
1590,7,current,USD,2025-06-14,,250.00
1591,169,current,USD,2024-07-04,,0.00
1592,41,current,USD,2024-01-22,,250.00
1593,1,loan,GBP,2024-12-08,,0.00
1594,6441,credit_card,GBP,2024-03-01,,0.00
1595,32,savings,GBP,2024-06-23,,0.00
1596,171,current,USD,2025-10-25,,0.00
1597,16,savings,GBP,2025-07-30,,0.00
1598,858,current,GBP,2025-09-23,,500.00
1599,61,savings,USD,2025-06-03,,0.00
1600,258,current,USD,2025-01-09,,500.00
1601,140,current,USD,2024-08-24,,1000.00
1602,2,savings,GBP,2025-09-10,,0.00
1603,5,current,EUR,2024-10-16,,250.00
1604,1442,current,USD,2024-12-01,,250.00
1605,2,savings,EUR,2025-12-29,,0.00
1606,1,current,GBP,2024-01-26,,2000.00
1607,2,credit_card,USD,2024-10-30,,0.00
1608,4,savings,EUR,2025-06-24,,0.00
1609,5,current,GBP,2024-07-21,,500.00
1610,586,current,GBP,2024-08-08,,2000.00
1611,3,current,USD,2024-11-26,,0.00
1612,1,credit_card,GBP,2025-12-21,2026-01-22,0.00
1613,2,current,GBP,2024-07-22,,1000.00
1614,336,savings,GBP,2024-12-10,,0.00
1615,3,savings,GBP,2025-08-18,,0.00
1616,1049,savings,USD,2024-08-12,,0.00
1617,3,current,GBP,2025-01-25,,1000.00
1618,2,credit_card,USD,2024-06-18,2024-10-17,0.00
1619,174,savings,GBP,2024-10-18,,0.00
1620,8529,savings,EUR,2024-12-16,,0.00
1621,157,current,GBP,2025-06-10,,2000.00
1622,15,current,GBP,2025-01-05,,500.00
1623,1301,current,GBP,2024-11-27,,250.00
1624,349,current,GBP,2025-06-06,,2000.00
1625,4,current,GBP,2024-01-16,,0.00
1626,126,current,GBP,2024-04-09,,500.00
1627,180,savings,EUR,2024-09-23,,0.00
1628,119,loan,GBP,2024-11-07,,0.00
1629,3,current,GBP,2024-07-20,,250.00
1630,27,savings,USD,2025-12-20,,0.00
1631,2780,current,EUR,2025-03-27,,250.00
1632,778,savings,GBP,2025-12-04,,0.00
1633,1,savings,USD,2025-08-26,,0.00
1634,517,savings,GBP,2024-12-24,2025-04-15,0.00
1635,8,credit_card,GBP,2024-06-11,,0.00
1636,18,savings,GBP,2025-09-14,,0.00
1637,32,current,GBP,2025-04-26,,250.00
1638,21,savings,GBP,2024-06-22,,0.00
1639,7,credit_card,USD,2025-01-16,,0.00
1640,274,current,GBP,2024-04-26,,0.00
1641,101,current,EUR,2024-12-04,,2000.00
1642,337,credit_card,GBP,2025-12-15,2026-04-02,0.00
1643,1,loan,GBP,2025-12-12,,0.00
1644,698,credit_card,GBP,2025-11-20,,0.00
1645,102,savings,GBP,2024-04-12,,0.00
1646,1646,savings,GBP,2024-11-18,,0.00
1647,3926,savings,GBP,2024-10-04,,0.00
1648,52,credit_card,GBP,2024-06-30,,0.00
1649,3,savings,GBP,2025-07-06,,0.00
1650,57,current,USD,2024-12-30,,0.00
1651,6,savings,GBP,2024-08-31,,0.00
1652,2,savings,USD,2024-06-10,,0.00
1653,1650,current,USD,2025-12-10,,500.00
1654,3770,savings,GBP,2024-01-17,,0.00
1655,443,savings,GBP,2024-12-30,,0.00
1656,1,current,USD,2025-02-11,,2000.00
1657,1,current,USD,2025-06-16,,0.00
1658,44,current,GBP,2024-10-14,2025-05-02,0.00
1659,1,savings,GBP,2025-08-10,,0.00
1660,1,savings,GBP,2024-08-14,,0.00
1661,8,loan,EUR,2024-06-04,,0.00
1662,3462,current,GBP,2025-03-18,,250.00
1663,1,savings,GBP,2024-12-29,,0.00
1664,17,current,USD,2024-02-17,,2000.00
1665,35,current,USD,2025-06-08,,2000.00
1666,14,savings,USD,2024-11-26,,0.00
1667,9,current,GBP,2025-09-22,,0.00
1668,498,credit_card,GBP,2024-02-21,,0.00
1669,27,current,EUR,2025-12-29,,2000.00
1670,13,current,GBP,2024-10-12,,2000.00
1671,9,savings,USD,2025-11-20,,0.00
1672,2,current,GBP,2024-10-29,,2000.00
1673,1946,savings,EUR,2024-12-08,,0.00
1674,56,credit_card,EUR,2024-10-31,,0.00
1675,9,current,GBP,2025-10-02,2027-01-19,250.00
1676,2763,current,GBP,2024-02-20,,500.00
1677,589,current,GBP,2024-02-22,2024-07-05,0.00
1678,32,savings,GBP,2025-12-15,,0.00
1679,42,credit_card,GBP,2024-11-07,,0.00
1680,50,current,USD,2025-05-21,,500.00
1681,157,current,EUR,2024-07-27,,0.00
1682,2,credit_card,EUR,2024-10-22,2025-03-04,0.00
1683,1,current,GBP,2025-04-26,,250.00
1684,9,current,GBP,2024-12-05,2025-09-11,250.00
1685,40,current,GBP,2024-05-13,,0.00
1686,1,loan,USD,2024-10-02,,0.00
1687,1133,savings,GBP,2025-09-23,,0.00
1688,1,current,EUR,2024-09-15,,0.00
1689,5,savings,EUR,2025-05-01,,0.00
1690,6,savings,GBP,2024-09-05,,0.00
1691,10,credit_card,GBP,2025-07-17,,0.00
1692,1,savings,GBP,2025-01-07,,0.00
1693,1799,credit_card,USD,2025-11-27,,0.00
1694,4,current,GBP,2025-09-24,,250.00
1695,2,savings,USD,2024-02-20,,0.00
1696,4,current,GBP,2025-07-03,,250.00
1697,1,current,GBP,2025-08-24,,1000.00
1698,321,current,EUR,2025-11-03,2026-07-24,250.00
1699,24,current,USD,2024-10-30,,0.00
1700,2,current,USD,2025-06-13,2025-07-18,0.00
1701,6888,current,GBP,2024-11-21,,500.00
1702,10,current,GBP,2024-11-21,,1000.00
1703,15,credit_card,GBP,2024-07-29,,0.00
1704,1,savings,USD,2024-01-31,,0.00
1705,1,current,GBP,2025-02-28,,0.00
1706,1,current,GBP,2025-05-10,,0.00
1707,5,savings,EUR,2025-08-01,,0.00
1708,909,current,GBP,2024-10-04,,500.00
1709,20,savings,USD,2025-02-22,,0.00
1710,116,savings,GBP,2024-02-05,,0.00
1711,4,current,GBP,2024-10-27,,250.00
1712,2791,credit_card,GBP,2025-11-27,,0.00
1713,5054,loan,GBP,2024-11-18,2025-12-29,0.00
1714,42,current,GBP,2024-12-11,,250.00
1715,52,savings,GBP,2024-12-05,,0.00
1716,2173,savings,GBP,2025-02-18,,0.00
1717,30,current,GBP,2025-12-14,,250.00
1718,21,current,GBP,2025-11-13,,500.00
1719,162,loan,GBP,2024-04-01,,0.00
1720,70,current,EUR,2025-01-20,,1000.00
1721,1,current,GBP,2024-07-20,,500.00
1722,98,current,GBP,2025-08-30,,500.00
1723,5,savings,GBP,2024-12-29,,0.00
1724,687,current,GBP,2024-03-31,,1000.00
1725,1422,savings,GBP,2024-06-01,,0.00
1726,10,savings,GBP,2024-06-06,,0.00
1727,52,credit_card,GBP,2025-11-12,,0.00
1728,1,current,GBP,2024-03-02,,1000.00
1729,2038,savings,GBP,2024-10-30,2025-05-25,0.00
1730,6,credit_card,GBP,2024-04-03,,0.00
1731,6,savings,EUR,2025-07-15,,0.00
1732,5612,current,GBP,2024-03-06,,250.00
1733,32,loan,GBP,2024-10-04,,0.00
1734,1073,current,EUR,2025-04-13,,250.00
1735,566,current,GBP,2024-04-02,2025-06-28,0.00
1736,1,loan,GBP,2025-06-12,,0.00
1737,123,savings,GBP,2024-08-15,,0.00
1738,1,credit_card,USD,2025-03-29,,0.00
1739,1,credit_card,GBP,2025-03-20,,0.00
1740,84,current,GBP,2024-06-09,,2000.00
1741,1627,current,GBP,2024-03-21,,1000.00
1742,2,savings,GBP,2024-01-04,,0.00
1743,923,savings,GBP,2025-04-23,,0.00
1744,13,savings,USD,2024-04-24,,0.00
1745,21,credit_card,GBP,2025-05-03,,0.00
1746,22,savings,GBP,2025-07-02,,0.00
1747,256,savings,GBP,2024-11-28,,0.00
1748,8544,loan,GBP,2024-11-02,,0.00
1749,1030,current,USD,2024-01-01,,2000.00
1750,2,credit_card,GBP,2025-01-20,,0.00
1751,1859,savings,USD,2025-11-10,,0.00
1752,80,current,EUR,2024-12-05,,2000.00
1753,1281,current,GBP,2024-08-16,,1000.00
1754,981,current,EUR,2025-08-12,,1000.00
1755,1134,credit_card,GBP,2024-08-05,,0.00
1756,1,current,USD,2025-10-24,,500.00
1757,74,current,GBP,2024-08-29,,500.00
1758,151,current,USD,2024-05-03,,0.00
1759,6,current,EUR,2025-04-27,,1000.00
1760,389,current,USD,2024-04-19,,1000.00
1761,123,credit_card,GBP,2025-10-18,,0.00
1762,2174,current,EUR,2024-02-24,,0.00
1763,8,current,GBP,2025-12-27,,500.00
1764,13,savings,GBP,2024-02-14,,0.00
1765,196,current,GBP,2025-11-23,,2000.00
1766,2,current,GBP,2025-10-13,2025-12-07,250.00
1767,8,savings,GBP,2024-07-05,,0.00
1768,56,current,GBP,2024-01-06,,2000.00
1769,2,credit_card,USD,2024-09-12,,0.00
1770,637,current,GBP,2024-05-05,,0.00
1771,1,loan,GBP,2024-04-26,,0.00
1772,1308,current,USD,2025-02-23,,0.00
1773,523,current,GBP,2025-01-04,,0.00
1774,317,current,USD,2024-04-12,,250.00
1775,52,current,GBP,2025-01-31,,0.00
1776,978,savings,GBP,2025-03-30,,0.00
1777,1,savings,USD,2024-10-07,,0.00
1778,6311,savings,USD,2024-11-16,,0.00
1779,459,current,EUR,2024-08-23,,2000.00
1780,1,savings,USD,2024-03-05,,0.00
1781,9,loan,GBP,2024-10-20,,0.00
1782,2,current,GBP,2024-11-03,,1000.00
1783,208,current,GBP,2025-10-01,,1000.00
1784,1,current,GBP,2025-11-28,,2000.00
1785,82,current,GBP,2024-04-28,,250.00
1786,2990,credit_card,GBP,2024-10-10,,0.00
1787,174,credit_card,USD,2025-07-11,,0.00
1788,420,savings,EUR,2024-12-05,,0.00
1789,54,savings,GBP,2024-01-17,,0.00
1790,1,savings,GBP,2025-08-15,,0.00
1791,1,current,GBP,2025-12-10,,250.00
1792,35,savings,USD,2024-02-19,2024-07-24,0.00
1793,23,current,GBP,2025-05-04,,0.00
1794,1011,credit_card,GBP,2025-10-09,,0.00
1795,7,credit_card,GBP,2024-12-19,,0.00
1796,3,credit_card,USD,2024-04-16,,0.00
1797,7,savings,USD,2025-06-04,,0.00
1798,11,savings,GBP,2025-08-23,,0.00
1799,1,current,GBP,2024-08-03,2024-12-25,500.00
1800,173,current,USD,2025-06-13,,0.00
1801,1,current,USD,2025-10-18,2026-06-19,1000.00
1802,1238,credit_card,GBP,2025-07-12,2026-04-19,0.00
1803,23,current,USD,2025-07-13,2025-11-15,0.00
1804,1009,credit_card,GBP,2025-10-14,,0.00
1805,1,current,USD,2024-11-09,,0.00
1806,41,credit_card,GBP,2024-10-23,,0.00
1807,5,loan,GBP,2024-12-05,,0.00
1808,3,savings,GBP,2024-03-30,,0.00
1809,7,current,GBP,2025-06-13,,1000.00
1810,993,credit_card,GBP,2025-12-20,,0.00
1811,5,savings,USD,2025-07-06,,0.00
1812,378,current,GBP,2024-09-29,,250.00
1813,663,current,EUR,2025-07-22,,0.00
1814,9,credit_card,EUR,2024-10-14,,0.00
1815,43,current,GBP,2025-05-12,,1000.00
1816,3,savings,GBP,2024-02-28,,0.00
1817,391,current,GBP,2025-09-29,,1000.00
1818,5533,loan,GBP,2025-01-08,2026-05-21,0.00
1819,6,loan,GBP,2024-02-19,,0.00
1820,124,savings,USD,2024-05-04,,0.00
1821,248,current,USD,2024-11-10,,2000.00
1822,2,current,GBP,2024-01-19,,250.00
1823,68,current,USD,2025-10-08,2026-09-23,2000.00
1824,1,loan,GBP,2025-09-20,,0.00
1825,12,savings,GBP,2025-07-03,,0.00
1826,1,savings,EUR,2024-03-26,,0.00
1827,50,credit_card,USD,2024-07-30,,0.00
1828,28,credit_card,GBP,2025-12-18,,0.00
1829,204,savings,GBP,2024-07-17,,0.00
1830,3,credit_card,USD,2025-05-19,,0.00
1831,199,credit_card,EUR,2024-03-02,,0.00
1832,6,savings,GBP,2025-04-07,,0.00
1833,1020,current,GBP,2025-01-11,,1000.00
1834,4,savings,GBP,2024-03-16,,0.00
1835,135,savings,USD,2025-08-28,2026-11-21,0.00
1836,17,credit_card,GBP,2025-06-20,,0.00
1837,15,credit_card,GBP,2024-07-23,,0.00
1838,634,current,EUR,2024-04-15,,0.00
1839,1,credit_card,USD,2025-01-24,,0.00
1840,23,current,GBP,2025-02-09,,1000.00
1841,182,current,GBP,2024-02-15,,1000.00
1842,3,current,USD,2024-08-07,,500.00
1843,3767,current,USD,2025-06-21,,0.00
1844,2982,current,GBP,2024-03-05,,500.00
1845,5255,credit_card,GBP,2025-02-20,,0.00
1846,209,loan,USD,2025-06-28,,0.00
1847,399,savings,GBP,2024-12-08,,0.00
1848,2,current,EUR,2025-02-11,,1000.00
1849,8,savings,USD,2025-06-11,,0.00
1850,4366,current,GBP,2024-01-28,,1000.00
1851,22,current,GBP,2025-03-04,,500.00
1852,17,current,GBP,2024-09-12,2025-11-10,250.00
1853,27,credit_card,GBP,2024-12-21,,0.00
1854,1,savings,USD,2024-09-14,,0.00
1855,10,savings,USD,2025-09-11,2026-12-10,0.00
1856,704,current,USD,2024-03-07,,2000.00
1857,1,current,GBP,2025-07-01,,500.00
1858,6,current,GBP,2024-09-21,,0.00
1859,2,savings,USD,2025-01-04,,0.00
1860,1,loan,GBP,2024-04-21,,0.00
1861,2608,loan,GBP,2024-03-30,,0.00
1862,5,current,GBP,2024-01-29,,250.00
1863,30,savings,GBP,2025-05-10,,0.00
1864,7,credit_card,GBP,2024-08-21,,0.00
1865,30,savings,GBP,2025-01-06,,0.00
1866,791,loan,GBP,2025-07-05,,0.00
1867,58,savings,GBP,2025-03-24,,0.00
1868,4466,savings,GBP,2024-07-07,,0.00
1869,3,current,GBP,2025-04-15,,500.00
1870,4878,savings,GBP,2025-04-17,2025-07-01,0.00
1871,100,current,GBP,2025-07-04,,2000.00
1872,140,credit_card,USD,2024-12-04,2025-02-03,0.00
1873,5,credit_card,GBP,2025-11-05,,0.00
1874,415,savings,GBP,2025-08-16,,0.00
1875,2410,current,GBP,2025-06-18,2026-09-12,250.00
1876,220,current,GBP,2024-09-15,,1000.00
1877,1,savings,GBP,2025-02-01,,0.00
1878,475,credit_card,USD,2025-10-16,,0.00
1879,1128,savings,GBP,2025-02-15,,0.00
1880,1,savings,GBP,2025-09-08,,0.00
1881,2,current,GBP,2024-09-25,,1000.00
1882,307,savings,GBP,2024-07-26,,0.00
1883,856,current,GBP,2025-05-24,2026-08-23,0.00
1884,91,loan,GBP,2025-05-29,,0.00
1885,633,current,GBP,2025-08-18,,1000.00
1886,4,credit_card,GBP,2025-06-04,,0.00
1887,1,current,GBP,2025-01-06,,1000.00
1888,1,current,GBP,2025-05-05,,250.00
1889,514,current,GBP,2025-10-11,2026-10-15,0.00
1890,15,current,EUR,2024-10-09,,2000.00
1891,19,savings,EUR,2024-06-18,,0.00
1892,662,current,USD,2024-10-15,,0.00
1893,434,current,GBP,2025-02-18,,500.00
1894,2736,current,GBP,2024-03-19,2024-09-21,0.00
1895,24,savings,EUR,2024-03-29,,0.00
1896,545,savings,USD,2024-01-19,,0.00
1897,1,current,USD,2024-05-01,,2000.00
1898,247,savings,EUR,2025-09-26,,0.00
1899,35,current,GBP,2025-04-06,,500.00
1900,3,savings,GBP,2025-04-01,,0.00
1901,7462,loan,GBP,2025-11-19,,0.00
1902,4,current,GBP,2025-01-29,,2000.00
1903,44,savings,GBP,2024-07-20,,0.00
1904,165,current,GBP,2025-12-26,,0.00
1905,7,savings,GBP,2024-11-03,,0.00
1906,13,savings,EUR,2025-05-06,,0.00
1907,2,savings,GBP,2024-02-15,2025-05-15,0.00
1908,1826,current,GBP,2025-12-20,,1000.00
1909,10,savings,GBP,2025-06-04,,0.00
1910,112,current,GBP,2025-05-20,,0.00
1911,1,current,GBP,2024-07-28,,250.00
1912,1041,current,GBP,2025-04-22,,2000.00
1913,1,current,GBP,2025-01-05,,1000.00
1914,1,current,GBP,2024-12-24,,1000.00
1915,202,current,EUR,2024-07-20,,1000.00
1916,17,current,GBP,2025-05-23,,500.00
1917,2,current,GBP,2025-02-07,,0.00
1918,45,savings,EUR,2025-12-15,,0.00
1919,3201,savings,EUR,2025-12-08,,0.00
1920,40,current,GBP,2025-12-11,2026-10-24,0.00
1921,171,current,GBP,2025-12-29,,1000.00
1922,1708,credit_card,USD,2025-07-24,,0.00
1923,1,current,USD,2024-04-27,,2000.00
1924,7784,current,USD,2024-11-27,,1000.00
1925,3,loan,EUR,2024-07-25,,0.00
1926,31,current,GBP,2024-10-26,,0.00
1927,87,current,GBP,2025-12-12,,0.00
1928,1623,savings,GBP,2025-05-18,,0.00
1929,7275,current,USD,2024-03-19,,0.00
1930,5630,current,GBP,2024-01-17,,250.00
1931,810,savings,USD,2024-03-01,,0.00
1932,1,savings,EUR,2024-08-26,,0.00
1933,1,savings,GBP,2024-12-21,,0.00
1934,99,current,USD,2025-01-24,,1000.00
1935,532,loan,GBP,2025-07-20,,0.00
1936,2458,savings,GBP,2024-12-20,,0.00
1937,2,savings,USD,2025-06-09,,0.00
1938,1,current,USD,2024-07-21,,0.00
1939,1,savings,EUR,2024-12-09,,0.00
1940,9,credit_card,GBP,2024-04-15,,0.00
1941,1076,current,GBP,2025-05-06,,1000.00
1942,18,current,GBP,2025-04-12,,250.00
1943,1,current,GBP,2024-02-29,,1000.00
1944,2,current,EUR,2025-10-10,,500.00
1945,15,current,USD,2024-05-12,,2000.00
1946,2254,current,GBP,2024-03-21,,500.00
1947,53,credit_card,GBP,2025-08-05,,0.00
1948,4,credit_card,GBP,2024-01-24,,0.00
1949,11,savings,GBP,2025-05-18,,0.00
1950,4422,current,GBP,2025-12-07,2026-05-17,0.00
1951,1,current,GBP,2024-06-23,,500.00
1952,1039,current,GBP,2024-10-03,2024-12-22,500.00
1953,2420,savings,GBP,2024-08-14,,0.00
1954,158,savings,GBP,2024-03-05,,0.00
1955,2,savings,GBP,2024-11-12,2025-09-21,0.00
1956,469,savings,GBP,2024-09-22,,0.00
1957,11,credit_card,EUR,2025-03-08,,0.00
1958,17,current,GBP,2025-01-30,,1000.00
1959,30,current,USD,2025-12-27,,250.00
1960,58,current,USD,2024-05-06,,1000.00
1961,1407,current,GBP,2024-02-21,,500.00
1962,70,current,EUR,2024-11-23,,1000.00
1963,26,current,EUR,2025-01-26,,250.00
1964,10,savings,GBP,2024-02-07,,0.00
1965,4,current,GBP,2024-11-16,2026-01-28,2000.00
1966,1154,current,GBP,2024-12-18,,2000.00
1967,5,current,GBP,2025-09-23,,1000.00
1968,5,savings,USD,2024-05-14,,0.00
1969,8,savings,GBP,2025-03-05,,0.00
1970,7,current,GBP,2025-08-23,,500.00
1971,228,savings,USD,2024-10-28,,0.00
1972,36,credit_card,GBP,2024-04-06,,0.00
1973,3,current,GBP,2024-02-05,,500.00
1974,412,current,GBP,2024-02-29,,0.00
1975,93,current,GBP,2024-04-05,2024-11-18,0.00
1976,1,savings,GBP,2024-08-29,2025-07-21,0.00
1977,1852,current,USD,2025-11-19,,500.00
1978,5,credit_card,GBP,2024-11-26,,0.00
1979,911,current,USD,2024-03-17,,250.00
1980,1,credit_card,EUR,2024-10-27,,0.00
1981,4201,current,GBP,2024-11-15,,500.00
1982,549,savings,USD,2024-05-27,,0.00
1983,8,current,EUR,2025-02-18,,1000.00
1984,33,current,GBP,2025-08-14,,500.00
1985,5,savings,USD,2024-02-23,,0.00
1986,869,current,EUR,2025-10-21,2027-03-02,500.00
1987,3,savings,GBP,2025-03-16,,0.00
1988,10,current,GBP,2024-04-03,,1000.00
1989,1,current,GBP,2025-11-13,,250.00
1990,4,savings,GBP,2025-01-05,,0.00
1991,6,savings,USD,2025-05-12,,0.00
1992,8764,current,GBP,2025-09-04,,500.00
1993,228,current,USD,2025-08-14,,500.00
1994,1,current,GBP,2024-11-12,,500.00
1995,575,savings,GBP,2025-10-24,,0.00
1996,9,savings,GBP,2024-05-10,,0.00
1997,1,credit_card,GBP,2024-01-23,2025-02-01,0.00
1998,9,current,GBP,2025-04-30,,0.00
1999,151,current,GBP,2024-12-17,,500.00
2000,80,current,EUR,2024-03-18,,2000.00
2001,804,current,EUR,2025-10-12,2025-11-24,0.00
2002,1,current,GBP,2024-10-31,,0.00
2003,40,current,USD,2025-05-10,2025-10-18,2000.00
2004,3411,current,GBP,2024-01-30,,500.00
2005,4,savings,GBP,2024-11-07,2024-12-11,0.00
2006,369,current,GBP,2025-07-01,,2000.00
2007,228,current,USD,2025-11-16,,2000.00
2008,509,current,USD,2024-10-01,,250.00
2009,240,current,USD,2024-11-17,,2000.00
2010,33,current,USD,2024-08-13,,2000.00
2011,2,current,GBP,2025-05-16,,500.00
2012,51,current,GBP,2025-08-27,,500.00
2013,5,savings,USD,2024-02-19,,0.00
2014,167,current,EUR,2024-03-15,,250.00
2015,15,current,GBP,2025-09-05,,1000.00
2016,1,current,GBP,2025-06-12,,1000.00
2017,3973,credit_card,GBP,2024-05-07,,0.00
2018,218,current,GBP,2024-12-21,,2000.00
2019,1260,savings,GBP,2025-06-09,,0.00
2020,16,current,GBP,2024-09-21,,500.00
2021,1,loan,USD,2025-08-28,,0.00
2022,4095,savings,GBP,2024-04-16,,0.00
2023,73,savings,USD,2024-12-18,,0.00
2024,13,savings,GBP,2025-03-19,2025-08-09,0.00
2025,15,savings,USD,2024-08-28,,0.00
2026,5,credit_card,GBP,2025-04-01,,0.00
2027,5,savings,GBP,2024-12-24,,0.00
2028,1747,savings,USD,2024-01-29,,0.00
2029,5786,credit_card,GBP,2024-01-07,,0.00
2030,2,current,USD,2024-04-23,,1000.00
2031,31,credit_card,GBP,2025-10-17,,0.00
2032,4195,current,USD,2024-03-03,,1000.00
2033,28,savings,GBP,2025-03-04,,0.00
2034,3984,savings,GBP,2024-06-17,,0.00
2035,304,current,USD,2025-11-07,,2000.00
2036,292,credit_card,EUR,2025-06-05,,0.00
2037,13,credit_card,GBP,2024-05-31,2024-07-02,0.00
2038,3745,current,GBP,2025-10-11,,2000.00
2039,3,current,EUR,2025-05-09,,1000.00
2040,147,credit_card,EUR,2024-10-19,,0.00
2041,61,current,GBP,2025-09-26,,2000.00
2042,14,current,GBP,2025-01-23,,500.00
2043,3511,credit_card,GBP,2024-02-25,,0.00
2044,1099,savings,USD,2024-10-05,,0.00
2045,356,savings,USD,2025-03-19,,0.00
2046,399,loan,USD,2025-12-28,,0.00
2047,178,current,GBP,2025-01-21,,500.00
2048,8,savings,GBP,2025-04-13,,0.00
2049,8,savings,GBP,2025-01-20,,0.00
2050,4,current,GBP,2024-12-17,,1000.00
2051,46,credit_card,GBP,2024-08-12,,0.00
2052,6086,current,GBP,2024-07-02,,2000.00
2053,15,savings,EUR,2024-12-07,,0.00
2054,1,savings,EUR,2024-11-28,,0.00
2055,32,current,USD,2025-09-16,,500.00
2056,14,savings,GBP,2024-04-30,,0.00
2057,1099,current,USD,2024-04-21,,500.00
2058,496,loan,GBP,2024-08-29,,0.00
2059,4,credit_card,USD,2024-11-26,,0.00
2060,93,credit_card,EUR,2025-10-07,,0.00
2061,537,savings,GBP,2025-04-05,,0.00
2062,41,credit_card,USD,2025-03-27,,0.00
2063,1,current,GBP,2024-09-20,,500.00
2064,206,savings,GBP,2025-03-10,,0.00
2065,1,credit_card,GBP,2025-10-26,,0.00
2066,722,credit_card,USD,2025-05-31,,0.00
2067,4644,savings,EUR,2024-12-19,,0.00
2068,816,current,GBP,2024-10-19,,1000.00
2069,6664,current,GBP,2025-02-13,,250.00
2070,54,current,GBP,2024-12-26,,1000.00
2071,35,savings,USD,2025-01-22,,0.00
2072,2,credit_card,USD,2025-06-22,,0.00
2073,461,credit_card,EUR,2025-02-20,,0.00
2074,4,loan,GBP,2025-10-13,,0.00
2075,980,loan,GBP,2024-07-26,,0.00
2076,15,savings,GBP,2024-07-30,,0.00
2077,1,savings,USD,2025-11-30,,0.00
2078,114,savings,GBP,2024-07-28,,0.00
2079,1,current,GBP,2025-01-20,,1000.00
2080,4,current,GBP,2025-11-20,,250.00
2081,18,loan,GBP,2024-12-11,,0.00
2082,665,current,EUR,2024-03-03,,2000.00
2083,4,current,EUR,2024-10-01,,1000.00
2084,1,current,GBP,2024-08-01,,0.00
2085,67,loan,GBP,2024-09-30,,0.00
2086,1933,current,GBP,2025-04-29,,500.00
2087,372,savings,GBP,2024-11-10,,0.00
2088,4,savings,USD,2024-10-16,,0.00
2089,1,current,EUR,2025-10-08,,250.00
2090,3,credit_card,USD,2025-06-27,,0.00
2091,35,current,USD,2024-09-09,,500.00
2092,9,savings,GBP,2025-03-13,,0.00
2093,540,credit_card,EUR,2025-03-07,,0.00
2094,18,current,USD,2025-12-18,,2000.00
2095,3173,credit_card,GBP,2025-10-16,,0.00
2096,3,savings,EUR,2024-06-20,2025-01-16,0.00
2097,258,credit_card,GBP,2025-06-13,,0.00
2098,1,savings,GBP,2025-02-13,2026-04-14,0.00
2099,4,savings,GBP,2025-03-28,,0.00
2100,985,savings,GBP,2024-06-17,,0.00
2101,15,current,USD,2024-05-31,2024-11-09,1000.00
2102,2,loan,GBP,2025-03-14,,0.00
2103,2,savings,EUR,2025-05-04,,0.00
2104,1,savings,GBP,2025-12-09,,0.00
2105,1014,current,USD,2025-09-25,,0.00
2106,360,current,GBP,2025-01-02,,2000.00
2107,63,current,GBP,2025-11-03,,2000.00
2108,238,credit_card,GBP,2024-05-11,,0.00
2109,1410,current,USD,2025-08-13,,2000.00
2110,1609,credit_card,USD,2024-02-24,2025-01-17,0.00
2111,6,current,GBP,2025-12-06,,1000.00
2112,204,savings,GBP,2024-10-23,,0.00
2113,10,current,USD,2025-08-08,,1000.00
2114,2557,current,USD,2024-04-22,2025-08-06,0.00
2115,63,current,EUR,2024-01-11,,250.00
2116,2102,current,GBP,2025-01-11,,2000.00
2117,1,current,GBP,2024-08-21,,1000.00
2118,1271,current,USD,2024-10-12,,1000.00
2119,201,credit_card,GBP,2024-07-20,,0.00
2120,4396,current,USD,2024-04-27,,1000.00
2121,1451,loan,USD,2025-03-30,,0.00
2122,4,credit_card,GBP,2024-11-08,2025-11-01,0.00
2123,1,current,GBP,2024-09-03,2025-04-26,1000.00
2124,7,current,GBP,2024-06-20,,1000.00
2125,1,current,USD,2025-03-24,,1000.00
2126,88,loan,GBP,2024-11-02,2025-08-05,0.00
2127,6010,current,GBP,2024-06-03,,250.00
2128,4,current,EUR,2025-12-14,,500.00
2129,1,savings,GBP,2024-06-09,,0.00
2130,1,savings,EUR,2025-09-08,,0.00
2131,11,current,EUR,2025-05-11,,250.00
2132,1,savings,GBP,2025-07-23,,0.00
2133,1284,savings,USD,2024-10-24,,0.00
2134,3131,current,GBP,2024-07-31,,1000.00
2135,35,savings,GBP,2024-05-18,2025-04-11,0.00
2136,39,savings,GBP,2024-04-20,,0.00
2137,8219,loan,EUR,2024-01-09,,0.00
2138,168,loan,EUR,2024-12-07,,0.00
2139,10,savings,USD,2024-05-27,2025-07-19,0.00
2140,44,credit_card,GBP,2024-05-07,,0.00
2141,33,current,GBP,2025-07-23,,250.00
2142,20,credit_card,GBP,2024-05-05,,0.00
2143,30,current,GBP,2024-07-13,,0.00
2144,1,current,GBP,2024-08-20,,2000.00
2145,19,current,USD,2025-07-12,,500.00
2146,744,current,USD,2024-07-16,,1000.00
2147,4,current,EUR,2025-04-22,,2000.00
2148,2,credit_card,USD,2025-11-14,,0.00
2149,31,current,EUR,2024-03-12,,500.00
2150,2,current,USD,2025-01-24,,250.00
2151,7,loan,GBP,2024-08-06,,0.00
2152,1,current,GBP,2025-10-02,2026-07-03,500.00
2153,547,current,GBP,2025-11-27,,1000.00
2154,1,current,EUR,2025-12-16,,2000.00
2155,7,current,GBP,2024-09-02,,1000.00
2156,3126,savings,GBP,2025-08-23,,0.00
2157,372,current,GBP,2025-04-03,,250.00
2158,8099,savings,GBP,2025-02-06,2025-04-10,0.00
2159,46,current,GBP,2024-10-09,,250.00
2160,44,current,GBP,2024-06-14,,1000.00
2161,2,savings,GBP,2025-04-04,,0.00
2162,1,savings,USD,2025-12-29,,0.00
2163,11,current,EUR,2025-06-30,,250.00
2164,844,current,GBP,2025-02-13,,1000.00
2165,231,current,GBP,2024-10-30,,500.00
2166,132,current,GBP,2024-12-07,2025-11-21,250.00
2167,203,current,GBP,2024-10-18,,2000.00
2168,5001,current,USD,2025-08-28,,500.00
2169,420,current,GBP,2025-10-16,,0.00
2170,410,current,EUR,2024-11-30,,1000.00
2171,264,loan,USD,2025-10-22,,0.00
2172,1,savings,GBP,2024-10-23,,0.00
2173,71,savings,EUR,2024-02-03,2024-06-02,0.00
2174,1,current,GBP,2024-01-15,,500.00
2175,3122,savings,GBP,2024-09-27,,0.00
2176,1,current,GBP,2025-09-21,,1000.00
2177,2,credit_card,USD,2025-05-19,,0.00
2178,69,credit_card,GBP,2025-12-07,,0.00
2179,518,current,EUR,2024-01-14,,0.00
2180,45,current,EUR,2024-01-22,,500.00
2181,90,savings,USD,2024-11-19,,0.00
2182,1,loan,GBP,2025-12-09,,0.00
2183,2,current,EUR,2024-08-20,,500.00
2184,2,current,GBP,2025-03-08,,500.00
2185,1,current,GBP,2025-09-04,,500.00
2186,289,credit_card,GBP,2025-04-25,,0.00
2187,1,savings,GBP,2025-01-16,,0.00
2188,28,current,GBP,2025-07-16,,1000.00
2189,10,savings,EUR,2025-11-20,,0.00
2190,58,savings,GBP,2024-11-12,,0.00
2191,7,savings,USD,2024-03-03,,0.00
2192,899,current,GBP,2025-10-02,,500.00
2193,2,current,EUR,2025-06-22,,250.00
2194,6,current,GBP,2024-11-17,,2000.00
2195,18,current,USD,2025-05-11,,2000.00
2196,86,savings,GBP,2024-02-18,,0.00
2197,1,current,GBP,2025-10-29,2026-06-15,1000.00
2198,8,current,EUR,2025-04-12,,1000.00
2199,549,current,GBP,2025-08-04,,2000.00
2200,1558,savings,GBP,2025-11-21,,0.00
2201,3536,savings,USD,2024-02-11,2024-04-26,0.00
2202,2331,credit_card,GBP,2025-05-16,,0.00
2203,4,current,GBP,2024-07-30,,500.00
2204,2166,current,GBP,2024-07-18,2024-11-05,250.00
2205,24,current,USD,2024-06-20,,1000.00
2206,1,current,EUR,2025-08-07,,0.00
2207,8,loan,USD,2024-05-21,,0.00
2208,8,credit_card,GBP,2024-12-16,,0.00
2209,315,savings,GBP,2024-09-01,2025-11-08,0.00
2210,1056,current,GBP,2024-08-21,,0.00
2211,10,current,USD,2025-11-25,,1000.00
2212,1,savings,USD,2025-05-18,,0.00
2213,11,savings,GBP,2025-03-02,,0.00
2214,59,current,GBP,2025-06-11,2026-03-21,500.00
2215,4326,savings,USD,2025-02-07,,0.00
2216,10,current,USD,2024-10-15,,0.00
2217,3978,loan,USD,2024-11-15,,0.00
2218,1,current,USD,2025-01-12,,1000.00
2219,74,savings,GBP,2025-09-25,,0.00
2220,95,current,USD,2024-12-12,,1000.00
2221,118,current,USD,2024-03-20,,250.00
2222,4,savings,GBP,2024-11-14,,0.00
2223,5,credit_card,USD,2025-08-11,,0.00
2224,1,credit_card,GBP,2024-06-10,,0.00
2225,40,savings,GBP,2025-03-10,,0.00
2226,6311,current,GBP,2025-05-19,,0.00
2227,1,current,EUR,2024-07-01,,2000.00
2228,1,savings,USD,2025-05-27,,0.00
2229,46,credit_card,GBP,2024-05-22,,0.00
2230,13,credit_card,GBP,2025-05-22,,0.00
2231,5,current,GBP,2024-10-13,,2000.00
2232,2,savings,GBP,2024-11-12,,0.00
2233,1,credit_card,GBP,2025-08-23,,0.00
2234,2,current,USD,2025-01-30,,2000.00
2235,1,savings,GBP,2025-07-17,,0.00
2236,7,current,GBP,2024-10-15,,2000.00
2237,1225,credit_card,GBP,2024-10-13,,0.00
2238,1714,credit_card,USD,2025-03-25,,0.00
2239,1,loan,GBP,2024-01-02,,0.00
2240,27,credit_card,GBP,2025-02-25,,0.00
2241,1,savings,GBP,2024-02-10,,0.00
2242,26,savings,USD,2025-01-10,,0.00
2243,2,savings,GBP,2024-10-26,,0.00
2244,15,savings,GBP,2025-06-21,,0.00
2245,2735,current,USD,2025-06-08,,2000.00
2246,76,savings,EUR,2025-07-14,,0.00
2247,70,current,GBP,2024-07-16,2025-10-25,1000.00
2248,1,credit_card,GBP,2025-10-10,,0.00
2249,742,current,EUR,2024-05-08,,500.00
2250,3,current,GBP,2025-12-13,,500.00
2251,1,credit_card,EUR,2024-02-25,2024-07-02,0.00
2252,590,credit_card,EUR,2025-08-26,,0.00
2253,889,loan,GBP,2024-02-11,2024-05-10,0.00
2254,27,savings,GBP,2025-03-19,,0.00
2255,122,loan,GBP,2024-02-01,,0.00
2256,9,savings,EUR,2025-03-28,,0.00
2257,447,current,EUR,2024-03-12,,0.00
2258,2,savings,GBP,2025-12-25,,0.00
2259,642,savings,GBP,2024-07-11,2025-01-28,0.00
2260,515,current,EUR,2025-04-15,,0.00
2261,6,savings,USD,2025-09-18,,0.00
2262,169,credit_card,GBP,2025-09-20,,0.00
2263,464,current,GBP,2025-02-03,,2000.00
2264,1173,savings,EUR,2025-05-10,,0.00
2265,879,current,USD,2024-03-04,2025-04-03,250.00
2266,104,savings,GBP,2025-02-17,,0.00
2267,2226,savings,USD,2025-05-17,,0.00
2268,1273,credit_card,GBP,2025-10-26,,0.00
2269,7,savings,USD,2024-03-29,2024-11-15,0.00
2270,8,savings,EUR,2024-02-14,,0.00
2271,31,current,GBP,2025-12-11,,500.00
2272,395,current,GBP,2024-09-30,,250.00
2273,281,current,GBP,2024-11-04,,2000.00
2274,60,loan,GBP,2025-08-13,,0.00
2275,1,current,GBP,2025-11-25,,250.00
2276,2883,savings,USD,2025-03-08,,0.00
2277,1399,savings,USD,2024-11-11,,0.00
2278,7,credit_card,GBP,2024-12-05,,0.00
2279,446,credit_card,USD,2024-03-01,,0.00
2280,97,current,GBP,2025-05-21,2026-04-13,1000.00
2281,3,savings,GBP,2024-12-01,,0.00
2282,733,credit_card,GBP,2025-03-10,,0.00
2283,4698,current,EUR,2025-03-11,,500.00
2284,96,savings,GBP,2025-02-24,2026-03-30,0.00
2285,357,current,EUR,2024-07-12,,0.00
2286,47,current,GBP,2024-09-05,,250.00
2287,79,credit_card,GBP,2024-07-10,,0.00
2288,32,loan,GBP,2024-12-23,2025-11-06,0.00
2289,2,credit_card,GBP,2024-12-27,,0.00
2290,34,savings,GBP,2024-10-23,,0.00
2291,6,savings,USD,2024-12-31,,0.00
2292,6,current,GBP,2024-08-25,,0.00
2293,346,savings,USD,2024-12-20,,0.00
2294,4,current,EUR,2025-09-07,2026-03-02,0.00
2295,7,loan,GBP,2025-08-12,,0.00
2296,1,current,EUR,2025-04-30,,0.00
2297,7,credit_card,USD,2024-01-01,,0.00
2298,1376,current,GBP,2025-10-26,,2000.00
2299,2,current,USD,2024-09-28,,2000.00
2300,1,current,GBP,2025-12-27,,0.00
2301,566,credit_card,EUR,2025-07-12,,0.00
2302,578,loan,USD,2024-05-04,2024-11-20,0.00
2303,525,credit_card,GBP,2025-11-30,,0.00
2304,20,current,USD,2025-07-03,,1000.00
2305,6,savings,EUR,2025-05-03,2026-09-07,0.00
2306,206,current,EUR,2025-02-27,,1000.00
2307,4,credit_card,GBP,2024-12-21,,0.00
2308,439,savings,GBP,2025-10-31,,0.00
2309,150,current,GBP,2024-09-03,,1000.00
2310,6804,savings,USD,2025-09-19,,0.00
2311,926,current,GBP,2024-12-29,,250.00
2312,128,current,GBP,2024-11-17,,250.00
2313,10,credit_card,GBP,2025-09-29,,0.00
2314,3785,savings,EUR,2025-10-15,,0.00
2315,4,current,GBP,2024-11-14,,1000.00
2316,2776,current,USD,2024-07-07,,500.00
2317,1,savings,EUR,2025-09-14,,0.00
2318,1,savings,GBP,2024-12-05,,0.00
2319,20,savings,GBP,2024-03-22,,0.00
2320,1089,current,USD,2024-06-28,,500.00
2321,1189,current,EUR,2024-05-12,,1000.00
2322,222,savings,GBP,2025-12-15,,0.00
2323,3,savings,USD,2025-04-28,,0.00
2324,11,loan,GBP,2024-01-01,,0.00
2325,23,savings,USD,2025-06-11,,0.00
2326,6653,savings,EUR,2025-07-17,2025-11-21,0.00
2327,1,current,GBP,2025-07-29,,500.00
2328,120,savings,GBP,2024-04-22,,0.00
2329,137,credit_card,GBP,2024-04-26,,0.00
2330,2726,current,EUR,2024-02-08,,250.00
2331,1,current,GBP,2024-04-02,2025-03-02,250.00
2332,18,current,GBP,2024-05-15,,2000.00
2333,1,current,GBP,2024-05-06,,500.00
2334,53,credit_card,GBP,2025-12-22,,0.00
2335,9,current,EUR,2025-04-15,,2000.00
2336,1,current,USD,2024-02-02,,0.00
2337,159,savings,GBP,2025-12-21,,0.00
2338,2,savings,GBP,2025-11-25,,0.00
2339,4,savings,USD,2024-12-24,2025-02-10,0.00
2340,38,current,USD,2024-01-06,,250.00
2341,7,current,EUR,2025-11-29,,0.00
2342,5512,savings,GBP,2024-02-05,,0.00
2343,5,loan,GBP,2025-05-31,,0.00
2344,8,current,GBP,2025-07-20,,0.00
2345,2,savings,USD,2024-05-28,2024-10-30,0.00
2346,1,current,GBP,2025-12-27,,0.00
2347,567,current,GBP,2025-10-21,,250.00
2348,25,savings,GBP,2024-04-03,,0.00
2349,80,current,GBP,2025-10-21,,1000.00
2350,251,credit_card,EUR,2024-10-13,,0.00
2351,49,current,GBP,2024-06-17,,1000.00
2352,9,current,EUR,2025-01-19,,1000.00
2353,3,current,EUR,2025-08-02,,2000.00
2354,4786,savings,GBP,2024-10-13,,0.00
2355,12,credit_card,GBP,2024-08-10,,0.00
2356,17,current,EUR,2025-11-05,,1000.00
2357,5,savings,GBP,2025-05-04,,0.00
2358,35,loan,GBP,2024-05-17,,0.00
2359,1,current,GBP,2024-06-13,,1000.00
2360,3545,current,GBP,2025-04-29,,2000.00
2361,373,savings,GBP,2024-12-12,2025-10-15,0.00
2362,49,current,GBP,2024-10-25,2025-03-05,500.00
2363,2,savings,GBP,2024-07-03,,0.00
2364,1,current,GBP,2024-08-16,,0.00
2365,1,savings,GBP,2025-06-07,,0.00
2366,1,savings,EUR,2025-04-04,,0.00
2367,7,current,USD,2025-07-14,,1000.00
2368,922,savings,USD,2024-01-06,,0.00
2369,13,savings,GBP,2024-01-27,,0.00
2370,9,credit_card,EUR,2025-02-03,,0.00
2371,1,current,GBP,2024-05-22,,500.00
2372,118,current,USD,2025-07-05,,2000.00
2373,33,savings,GBP,2024-03-15,,0.00
2374,9,current,GBP,2024-07-08,,0.00
2375,117,savings,GBP,2024-05-04,,0.00
2376,6,savings,USD,2025-04-29,,0.00
2377,288,current,EUR,2025-01-18,,1000.00
2378,2,current,USD,2024-04-26,,1000.00
2379,4843,credit_card,GBP,2025-04-07,,0.00
2380,9,credit_card,GBP,2025-01-04,,0.00
2381,2,savings,GBP,2024-09-23,,0.00
2382,23,savings,GBP,2025-11-17,,0.00
2383,1402,credit_card,GBP,2025-12-15,,0.00
2384,1,current,USD,2025-08-18,,0.00
2385,1241,loan,GBP,2024-07-04,,0.00
2386,5,savings,GBP,2025-05-15,,0.00
2387,777,current,GBP,2025-12-27,,500.00
2388,2784,savings,USD,2025-07-16,,0.00
2389,5594,loan,GBP,2024-04-13,2024-09-29,0.00
2390,125,current,GBP,2024-12-20,,500.00
2391,10,current,GBP,2025-10-28,,2000.00
2392,5,current,GBP,2024-12-11,,500.00
2393,1,savings,USD,2025-06-19,,0.00
2394,139,savings,USD,2025-05-18,,0.00
2395,742,current,USD,2025-04-26,,0.00
2396,4,current,GBP,2024-11-08,,1000.00
2397,14,credit_card,EUR,2024-07-05,,0.00
2398,242,savings,GBP,2025-12-10,,0.00
2399,1237,savings,GBP,2024-11-07,,0.00
2400,5,savings,USD,2025-08-08,,0.00
2401,10,current,GBP,2025-02-25,2025-11-24,1000.00
2402,360,current,USD,2025-08-17,,500.00
2403,5,current,USD,2024-01-13,,250.00
2404,76,current,USD,2025-01-06,,0.00
2405,3,credit_card,GBP,2024-07-20,,0.00
2406,2,current,GBP,2024-02-28,,0.00
2407,5,current,GBP,2024-01-06,,0.00
2408,1380,credit_card,USD,2024-03-08,,0.00
2409,45,loan,GBP,2024-10-09,,0.00
2410,1642,current,USD,2025-09-07,,500.00
2411,2,savings,GBP,2024-07-28,,0.00
2412,52,savings,USD,2025-03-23,,0.00
2413,6,loan,GBP,2025-04-22,,0.00
2414,12,savings,USD,2025-05-30,,0.00
2415,4,savings,USD,2024-12-01,,0.00
2416,203,savings,GBP,2025-01-06,,0.00
2417,1,credit_card,EUR,2024-05-21,,0.00
2418,1,current,GBP,2024-11-21,,2000.00
2419,2,credit_card,GBP,2025-08-14,,0.00
2420,3,current,GBP,2024-02-27,,2000.00
2421,2,current,GBP,2025-12-10,,0.00
2422,268,savings,USD,2024-09-10,,0.00
2423,1908,current,GBP,2025-10-10,,0.00
2424,10,savings,GBP,2024-03-14,,0.00
2425,267,savings,GBP,2025-04-24,,0.00
2426,4,current,EUR,2024-08-09,,250.00
2427,60,savings,GBP,2025-11-11,,0.00
2428,3918,current,GBP,2025-12-19,,250.00
2429,4,current,GBP,2025-02-07,,2000.00
2430,5,credit_card,GBP,2024-11-27,,0.00
2431,67,savings,GBP,2025-08-24,,0.00
2432,68,current,USD,2024-07-14,,0.00
2433,39,current,GBP,2025-11-11,,250.00
2434,136,savings,GBP,2025-12-17,,0.00
2435,215,savings,USD,2025-08-29,,0.00
2436,1,current,GBP,2024-11-29,,500.00
2437,3050,savings,EUR,2024-08-30,,0.00
2438,335,current,EUR,2024-10-31,,2000.00
2439,137,current,USD,2025-12-31,,2000.00
2440,58,current,GBP,2024-04-24,,1000.00
2441,157,current,GBP,2025-06-22,,0.00
2442,4207,current,GBP,2025-11-12,,1000.00
2443,3709,savings,USD,2025-03-18,2025-11-29,0.00
2444,1,savings,USD,2025-01-12,,0.00
2445,1,savings,USD,2025-06-01,,0.00
2446,2,current,GBP,2024-11-23,,0.00
2447,8,savings,USD,2024-06-03,,0.00
2448,63,savings,GBP,2025-09-20,,0.00
2449,12,current,GBP,2025-12-06,2026-02-27,2000.00
2450,1670,savings,GBP,2024-12-21,,0.00
2451,3773,savings,GBP,2024-02-14,,0.00
2452,7,loan,GBP,2024-05-14,,0.00
2453,510,savings,GBP,2024-01-08,2025-02-02,0.00
2454,17,current,GBP,2025-03-20,,2000.00
2455,16,current,GBP,2025-09-07,,250.00
2456,1,credit_card,GBP,2024-10-01,,0.00
2457,1,savings,GBP,2025-12-11,,0.00
2458,11,savings,GBP,2024-09-27,,0.00
2459,7,savings,GBP,2024-09-27,,0.00
2460,3,savings,USD,2024-08-23,,0.00
2461,5,credit_card,EUR,2025-12-29,,0.00
2462,11,current,USD,2024-01-20,,1000.00
2463,8,current,EUR,2025-01-22,,250.00
2464,5,savings,GBP,2024-07-20,2024-09-15,0.00
2465,68,credit_card,USD,2024-09-25,,0.00
2466,2,loan,GBP,2024-07-08,,0.00
2467,3,savings,GBP,2024-05-16,,0.00
2468,313,current,GBP,2025-08-28,2026-08-03,1000.00
2469,1,current,GBP,2024-06-22,,2000.00
2470,1,current,GBP,2025-10-19,,2000.00
2471,2,savings,GBP,2025-11-24,,0.00
2472,33,savings,USD,2025-02-16,,0.00
2473,8100,current,USD,2024-12-27,,250.00
2474,1509,current,GBP,2025-09-18,,2000.00
2475,166,savings,USD,2024-04-09,,0.00
2476,141,current,GBP,2025-05-29,,0.00
2477,4761,credit_card,GBP,2025-09-21,,0.00
2478,1119,savings,USD,2025-03-01,,0.00
2479,2444,savings,GBP,2025-03-19,,0.00
2480,1,current,GBP,2024-08-13,,500.00
2481,246,current,GBP,2024-12-07,2026-02-05,250.00
2482,120,current,GBP,2024-02-04,,1000.00
2483,1,current,GBP,2024-08-04,,0.00
2484,2285,current,USD,2024-06-10,,1000.00
2485,1,current,GBP,2024-10-06,,1000.00
2486,7,current,GBP,2024-09-14,,1000.00
2487,3,savings,GBP,2024-11-18,,0.00
2488,21,savings,GBP,2025-03-16,,0.00
2489,380,savings,USD,2025-09-26,,0.00
2490,1764,loan,GBP,2025-10-14,2026-01-15,0.00
2491,1,loan,GBP,2024-12-28,,0.00
2492,20,savings,USD,2025-10-02,,0.00
2493,24,savings,GBP,2025-12-06,,0.00
2494,11,savings,GBP,2025-05-11,,0.00
2495,459,credit_card,GBP,2025-05-03,,0.00
2496,79,current,GBP,2025-10-11,,250.00
2497,426,loan,USD,2025-10-14,,0.00
2498,6468,savings,GBP,2024-10-07,,0.00
2499,2,current,GBP,2025-10-19,,2000.00
2500,29,savings,GBP,2025-05-12,,0.00
2501,2,loan,USD,2024-12-03,,0.00
2502,17,current,GBP,2024-06-04,,1000.00
2503,185,savings,GBP,2025-10-13,,0.00
2504,66,savings,GBP,2025-03-27,,0.00
2505,6,savings,USD,2024-07-21,,0.00
2506,85,savings,GBP,2024-07-03,,0.00
2507,10,credit_card,GBP,2025-03-03,,0.00
2508,6854,current,USD,2024-11-20,,0.00
2509,38,credit_card,GBP,2024-10-15,,0.00
2510,1,current,GBP,2024-07-20,,250.00
2511,11,current,GBP,2025-11-26,,2000.00
2512,146,savings,GBP,2025-06-17,,0.00
2513,13,credit_card,USD,2025-11-26,,0.00
2514,1269,current,GBP,2025-10-10,,0.00
2515,11,savings,GBP,2025-01-07,,0.00
2516,6,loan,USD,2024-07-03,,0.00
2517,658,credit_card,USD,2024-12-04,,0.00
2518,1,savings,GBP,2024-05-24,,0.00
2519,26,current,EUR,2025-08-16,,2000.00
2520,1,loan,USD,2024-01-22,,0.00
2521,992,current,GBP,2024-12-16,,1000.00
2522,77,savings,GBP,2024-12-29,,0.00
2523,5,current,EUR,2024-05-05,,500.00
2524,2,loan,EUR,2024-04-27,2025-02-03,0.00
2525,198,current,GBP,2024-05-30,,2000.00
2526,5950,savings,GBP,2025-08-22,,0.00
2527,7574,current,EUR,2024-12-28,,1000.00
2528,119,savings,GBP,2025-12-28,2026-10-01,0.00
2529,2,current,USD,2025-12-25,,500.00
2530,1,current,GBP,2025-04-11,,250.00
2531,2,current,GBP,2024-02-16,,0.00
2532,30,savings,USD,2025-04-28,,0.00
2533,1,savings,USD,2024-04-14,2025-01-28,0.00
2534,1,savings,GBP,2025-10-01,,0.00
2535,2,savings,USD,2024-07-04,,0.00
2536,3,current,USD,2024-04-27,,0.00
2537,1,credit_card,GBP,2024-10-01,,0.00
2538,1,savings,EUR,2025-08-11,2026-10-27,0.00
2539,2106,savings,GBP,2024-07-27,,0.00
2540,2967,credit_card,USD,2024-12-24,,0.00
2541,17,current,USD,2024-01-18,,2000.00
2542,49,current,GBP,2024-07-21,,1000.00
2543,408,credit_card,GBP,2025-06-13,,0.00
2544,3550,credit_card,GBP,2025-05-25,2026-01-30,0.00
2545,126,current,USD,2025-08-12,,500.00
2546,122,current,GBP,2024-03-14,,2000.00
2547,483,current,GBP,2024-06-21,2025-10-12,0.00
2548,2,current,GBP,2025-06-02,,1000.00
2549,23,savings,GBP,2024-06-06,2025-08-19,0.00
2550,303,current,USD,2025-04-10,,500.00
2551,1,current,GBP,2024-04-21,,1000.00
2552,16,current,GBP,2025-01-25,,1000.00
2553,1,current,GBP,2024-07-09,,2000.00
2554,1,current,GBP,2024-02-17,,500.00
2555,1,credit_card,USD,2024-07-17,,0.00
2556,99,current,GBP,2024-05-26,,2000.00
2557,2,savings,GBP,2024-01-26,,0.00
2558,1,current,GBP,2024-12-19,,1000.00
2559,13,savings,GBP,2024-06-19,,0.00
2560,3,savings,GBP,2024-10-02,,0.00
2561,6,current,GBP,2025-11-20,,0.00
2562,32,current,USD,2024-05-08,,500.00
2563,7,current,GBP,2025-10-18,,500.00
2564,1,loan,GBP,2024-02-20,,0.00
2565,6,savings,USD,2024-01-20,2024-06-03,0.00
2566,2,current,GBP,2024-07-27,,2000.00
2567,4690,credit_card,EUR,2025-04-25,,0.00
2568,67,credit_card,GBP,2024-09-14,,0.00
2569,12,current,GBP,2024-09-17,,250.00
2570,16,current,GBP,2024-02-14,,250.00
2571,1594,current,GBP,2024-12-25,,250.00
2572,165,current,GBP,2024-12-13,,500.00
2573,4,current,USD,2024-05-07,,250.00
2574,5,savings,USD,2024-06-08,,0.00
2575,10,current,GBP,2025-02-02,,1000.00
2576,1,current,GBP,2025-06-29,,0.00
2577,598,current,USD,2024-04-08,,0.00
2578,60,savings,EUR,2025-06-29,,0.00
2579,2,current,GBP,2025-11-15,,2000.00
2580,531,current,GBP,2025-11-25,,0.00
2581,60,current,GBP,2024-06-16,,500.00
2582,734,credit_card,GBP,2024-04-01,,0.00
2583,4331,credit_card,USD,2025-12-21,,0.00
2584,14,savings,USD,2025-12-01,2027-01-29,0.00
2585,1138,current,GBP,2024-12-26,,500.00
2586,3048,current,USD,2024-05-22,,500.00
2587,268,current,GBP,2024-01-07,,2000.00
2588,980,savings,GBP,2025-01-01,,0.00
2589,128,current,GBP,2025-11-09,,2000.00
2590,189,current,GBP,2025-04-04,,1000.00
2591,3,current,EUR,2025-02-25,,250.00
2592,5072,credit_card,EUR,2025-12-11,,0.00
2593,1397,current,USD,2025-09-16,,500.00
2594,1,savings,GBP,2025-11-04,,0.00
2595,10,credit_card,EUR,2024-01-19,,0.00
2596,2,current,GBP,2024-12-15,,0.00
2597,26,savings,GBP,2025-08-18,,0.00
2598,91,current,EUR,2024-11-13,,250.00
2599,11,current,GBP,2024-03-17,,0.00
2600,2,savings,GBP,2024-10-17,,0.00
2601,1,loan,USD,2024-04-11,,0.00
2602,84,current,GBP,2025-12-19,,500.00
2603,1293,current,EUR,2024-07-03,,1000.00
2604,4,credit_card,USD,2025-10-19,,0.00
2605,211,current,USD,2024-10-01,,2000.00
2606,8110,savings,GBP,2025-01-19,,0.00
2607,224,current,GBP,2025-05-12,,0.00
2608,20,current,GBP,2024-09-07,,500.00
2609,120,credit_card,USD,2025-04-21,,0.00
2610,1218,savings,EUR,2024-03-29,,0.00
2611,3103,current,EUR,2024-11-21,,250.00
2612,1,credit_card,EUR,2025-11-08,,0.00
2613,2,loan,GBP,2025-10-27,,0.00
2614,1,current,EUR,2025-03-20,,0.00
2615,4759,current,EUR,2025-09-12,,2000.00
2616,137,savings,GBP,2025-08-20,,0.00
2617,820,loan,USD,2024-04-30,,0.00
2618,8,savings,GBP,2025-05-12,,0.00
2619,2,current,GBP,2025-11-28,,250.00
2620,565,credit_card,GBP,2024-05-03,,0.00
2621,184,current,GBP,2024-04-14,,0.00
2622,109,savings,EUR,2025-02-16,,0.00
2623,166,current,USD,2025-10-20,,1000.00
2624,1,loan,GBP,2025-11-01,,0.00
2625,744,current,EUR,2024-12-08,,500.00
2626,4,current,GBP,2025-02-02,,250.00
2627,175,current,GBP,2024-05-30,,500.00
2628,5270,savings,EUR,2025-11-12,2026-05-05,0.00
2629,2,current,USD,2025-11-26,,1000.00
2630,5,current,GBP,2024-11-30,,0.00
2631,1,current,GBP,2025-06-26,,2000.00
2632,795,credit_card,GBP,2024-09-30,2025-08-25,0.00
2633,270,current,GBP,2024-11-05,,250.00
2634,5,savings,USD,2025-12-16,,0.00
2635,1761,current,GBP,2025-11-17,,0.00
2636,40,current,GBP,2024-09-16,,250.00
2637,1,savings,USD,2024-10-18,,0.00
2638,60,loan,GBP,2024-12-05,,0.00
2639,1,current,EUR,2024-05-27,,1000.00
2640,1,savings,USD,2024-06-11,,0.00
2641,5869,current,USD,2025-07-12,,0.00
2642,15,credit_card,GBP,2024-05-04,,0.00
2643,6252,current,GBP,2025-09-14,,500.00
2644,3163,loan,USD,2025-11-02,2026-06-10,0.00
2645,1,current,EUR,2025-11-15,,2000.00
2646,596,current,GBP,2024-04-30,,0.00
2647,1,savings,USD,2024-05-25,,0.00
2648,5,savings,USD,2024-04-03,,0.00
2649,8,savings,GBP,2025-09-02,,0.00
2650,5,credit_card,USD,2025-05-17,,0.00
2651,334,loan,GBP,2024-08-05,,0.00
2652,29,current,GBP,2025-10-09,,2000.00
2653,3,current,GBP,2024-08-10,,1000.00
2654,107,credit_card,GBP,2024-01-07,,0.00
2655,1,current,GBP,2024-01-10,,1000.00
2656,79,savings,USD,2024-07-04,,0.00
2657,17,credit_card,GBP,2025-04-30,,0.00
2658,240,current,GBP,2024-11-11,2025-02-17,250.00
2659,290,savings,GBP,2025-01-26,,0.00
2660,35,savings,USD,2024-12-16,,0.00
2661,1,credit_card,GBP,2025-11-11,,0.00
2662,3,current,GBP,2024-07-11,,1000.00
2663,14,current,GBP,2025-12-20,,500.00
2664,18,savings,GBP,2024-08-20,,0.00
2665,3,savings,GBP,2024-01-30,,0.00
2666,65,savings,GBP,2024-02-27,2024-11-27,0.00
2667,3,current,GBP,2024-02-16,,0.00
2668,3005,current,EUR,2024-10-14,,250.00
2669,129,savings,USD,2024-11-07,,0.00
2670,7,current,EUR,2024-07-13,,500.00
2671,2,loan,EUR,2025-09-21,,0.00
2672,786,current,GBP,2024-09-19,,250.00
2673,295,loan,EUR,2024-10-16,,0.00
2674,1,current,USD,2025-12-09,,500.00
2675,38,savings,GBP,2025-01-27,,0.00
2676,25,current,EUR,2024-09-10,,1000.00
2677,271,current,GBP,2025-05-29,2025-08-28,500.00
2678,279,loan,GBP,2025-11-14,,0.00
2679,57,current,GBP,2025-02-01,,250.00
2680,1576,savings,GBP,2024-12-25,,0.00
2681,1,current,GBP,2024-08-29,,1000.00
2682,528,current,GBP,2025-06-23,,0.00
2683,118,savings,GBP,2024-05-18,,0.00
2684,1,current,GBP,2025-04-11,,1000.00
2685,828,loan,GBP,2024-12-10,,0.00
2686,5,savings,USD,2024-11-23,,0.00
2687,329,credit_card,USD,2025-10-28,,0.00
2688,5,savings,GBP,2025-08-19,,0.00
2689,268,loan,GBP,2025-07-20,,0.00
2690,2,current,EUR,2024-08-03,2025-11-08,1000.00
2691,215,current,USD,2025-05-20,,500.00
2692,1856,savings,GBP,2025-09-15,,0.00
2693,3,savings,GBP,2024-02-14,,0.00
2694,6,current,GBP,2025-09-15,,0.00
2695,1097,current,EUR,2025-06-25,,0.00
2696,206,savings,GBP,2024-12-12,,0.00
2697,1080,current,GBP,2024-02-13,,2000.00
2698,81,current,GBP,2025-11-09,,250.00
2699,12,loan,EUR,2025-10-07,,0.00
2700,10,savings,GBP,2025-12-02,,0.00
2701,14,credit_card,EUR,2025-02-03,2025-10-29,0.00
2702,8,current,USD,2024-08-11,,250.00
2703,246,current,USD,2025-10-03,,0.00
2704,7877,savings,GBP,2025-03-03,,0.00
2705,1,current,USD,2024-09-02,,250.00
2706,36,current,GBP,2024-08-20,,1000.00
2707,10,savings,GBP,2025-05-17,,0.00
2708,1,savings,USD,2025-11-21,,0.00
2709,3101,current,GBP,2024-10-14,,500.00
2710,14,savings,GBP,2024-07-28,,0.00
2711,7098,loan,USD,2025-03-02,2026-04-08,0.00
2712,2,savings,EUR,2025-09-04,,0.00
2713,1,credit_card,USD,2024-01-05,,0.00
2714,12,credit_card,EUR,2025-11-30,,0.00
2715,2,current,GBP,2024-12-24,,2000.00
2716,123,savings,GBP,2025-12-19,,0.00
2717,3,savings,GBP,2025-06-16,,0.00
2718,15,current,USD,2025-08-27,,1000.00
2719,264,current,EUR,2025-09-07,,250.00
2720,12,savings,GBP,2024-09-21,,0.00
2721,161,savings,GBP,2024-09-04,,0.00
2722,2444,current,EUR,2024-11-03,,0.00
2723,1,savings,GBP,2025-02-05,,0.00
2724,5,savings,GBP,2024-05-05,,0.00
2725,1079,savings,GBP,2024-08-20,,0.00
2726,5,current,USD,2025-12-09,,250.00
2727,83,current,GBP,2025-08-27,2026-05-12,500.00
2728,29,loan,GBP,2025-01-29,,0.00
2729,3,loan,GBP,2025-05-08,,0.00
2730,8,savings,EUR,2025-04-21,,0.00
2731,234,current,GBP,2024-12-20,,2000.00
2732,379,savings,EUR,2025-01-24,,0.00
2733,4,savings,USD,2025-02-22,,0.00
2734,3568,loan,GBP,2025-08-28,,0.00
2735,30,current,USD,2025-08-05,,1000.00
2736,1649,current,USD,2024-12-05,,0.00
2737,8,savings,GBP,2025-02-26,,0.00
2738,4,current,GBP,2024-05-23,,500.00
2739,77,current,GBP,2025-07-22,,500.00
2740,6,savings,GBP,2024-04-22,,0.00
2741,122,current,GBP,2025-01-14,,500.00
2742,2,savings,GBP,2024-08-17,,0.00
2743,289,credit_card,GBP,2025-07-11,,0.00
2744,1200,current,GBP,2025-01-12,2025-12-09,1000.00
2745,9,savings,USD,2025-10-25,,0.00
2746,13,current,EUR,2025-04-14,,0.00
2747,28,current,GBP,2025-04-17,,0.00
2748,27,current,GBP,2025-12-12,,500.00
2749,3,savings,GBP,2025-10-14,,0.00
2750,127,loan,GBP,2025-05-20,,0.00
2751,11,credit_card,GBP,2025-02-05,2025-07-20,0.00
2752,705,savings,EUR,2025-05-25,,0.00
2753,633,current,EUR,2025-11-22,,0.00
2754,2,credit_card,GBP,2024-01-11,,0.00
2755,3,current,GBP,2025-05-31,,1000.00
2756,2,loan,GBP,2024-01-13,,0.00
2757,208,loan,GBP,2025-09-10,,0.00
2758,1461,current,GBP,2024-10-08,,500.00
2759,2,current,GBP,2025-09-27,,2000.00
2760,1,savings,EUR,2025-11-20,,0.00
2761,20,credit_card,USD,2025-12-05,,0.00
2762,399,savings,GBP,2024-06-04,,0.00
2763,7005,savings,GBP,2025-04-24,,0.00
2764,1,savings,GBP,2024-11-25,,0.00
2765,2,savings,GBP,2024-01-31,,0.00
2766,22,savings,GBP,2024-01-26,,0.00
2767,2,savings,GBP,2025-10-02,,0.00
2768,3023,credit_card,EUR,2025-11-06,,0.00
2769,31,current,USD,2025-03-26,,1000.00
2770,43,current,USD,2024-06-17,,250.00
2771,5,current,GBP,2025-05-04,,0.00
2772,3,credit_card,GBP,2024-11-26,,0.00
2773,1,credit_card,GBP,2024-01-16,,0.00
2774,4039,loan,GBP,2025-03-16,,0.00
2775,22,current,EUR,2024-11-09,,250.00
2776,1731,current,USD,2024-05-14,,250.00
2777,3,current,GBP,2025-07-05,2026-03-29,1000.00
2778,1,savings,GBP,2024-11-07,,0.00
2779,160,current,GBP,2024-03-28,,500.00
2780,268,savings,GBP,2025-02-15,,0.00
2781,2,savings,GBP,2024-04-21,,0.00
2782,22,savings,GBP,2025-02-18,,0.00
2783,3,current,GBP,2024-12-20,,500.00
2784,1,current,EUR,2025-03-10,2026-05-28,0.00
2785,5154,current,EUR,2024-04-15,,250.00
2786,4,savings,USD,2024-11-04,,0.00
2787,34,savings,GBP,2024-12-13,,0.00
2788,3,current,GBP,2025-03-05,,1000.00
2789,3728,current,USD,2024-06-19,,500.00
2790,2913,credit_card,GBP,2024-03-11,,0.00
2791,775,current,EUR,2024-02-28,,1000.00
2792,888,current,USD,2024-11-03,,2000.00
2793,22,current,GBP,2024-11-02,,500.00
2794,54,credit_card,GBP,2024-11-11,,0.00
2795,1,savings,GBP,2024-12-19,,0.00
2796,12,savings,EUR,2025-07-13,,0.00
2797,57,current,GBP,2024-12-07,,500.00
2798,78,credit_card,USD,2025-04-28,,0.00
2799,28,current,GBP,2024-07-19,,0.00
2800,17,current,GBP,2024-08-29,,0.00
2801,2,current,USD,2025-02-25,,1000.00
2802,14,current,GBP,2025-12-16,,500.00
2803,1,savings,GBP,2024-07-15,,0.00
2804,535,savings,GBP,2025-04-21,2026-04-01,0.00
2805,71,savings,GBP,2024-10-30,,0.00
2806,16,current,USD,2024-08-09,,2000.00
2807,1340,credit_card,USD,2024-11-07,,0.00
2808,25,current,GBP,2025-06-18,,0.00
2809,909,current,GBP,2025-12-23,,500.00
2810,42,current,GBP,2024-02-06,,500.00
2811,1409,credit_card,GBP,2024-08-27,,0.00
2812,840,loan,GBP,2025-12-21,,0.00
2813,89,savings,USD,2024-08-29,,0.00
2814,4,savings,USD,2024-06-05,,0.00
2815,4,savings,GBP,2025-06-25,2025-10-28,0.00
2816,1,credit_card,GBP,2024-02-26,2024-12-09,0.00
2817,1,credit_card,GBP,2025-11-08,,0.00
2818,390,savings,USD,2025-06-18,,0.00
2819,2,current,GBP,2025-06-06,,250.00
2820,181,current,GBP,2024-02-05,,0.00
2821,2,savings,GBP,2025-01-16,2025-12-13,0.00
2822,39,credit_card,USD,2025-05-15,,0.00
2823,15,current,GBP,2025-10-24,,0.00
2824,34,current,GBP,2024-12-17,,500.00
2825,903,current,EUR,2025-03-23,,250.00
2826,2,current,USD,2025-11-22,,1000.00
2827,589,credit_card,GBP,2024-02-20,,0.00
2828,2,current,GBP,2025-06-03,,250.00
2829,195,savings,GBP,2025-03-06,2026-06-15,0.00
2830,88,savings,GBP,2025-08-26,,0.00
2831,3,current,GBP,2025-09-26,,2000.00
2832,1,credit_card,EUR,2025-06-21,,0.00
2833,8,savings,USD,2025-10-17,,0.00
2834,995,credit_card,USD,2025-03-28,,0.00
2835,3,loan,GBP,2024-12-16,,0.00
2836,33,current,USD,2025-03-19,,1000.00
2837,5585,credit_card,USD,2024-05-15,,0.00
2838,103,credit_card,GBP,2024-09-11,,0.00
2839,21,current,USD,2024-01-14,,1000.00
2840,60,savings,GBP,2025-07-25,,0.00
2841,1,current,GBP,2024-05-04,,500.00
2842,1165,savings,GBP,2025-11-26,,0.00
2843,1358,current,EUR,2024-03-11,,1000.00
2844,2014,loan,GBP,2025-01-30,,0.00
2845,4,loan,USD,2025-11-13,,0.00
2846,1,savings,GBP,2025-06-04,,0.00
2847,1,current,GBP,2025-02-25,,0.00
2848,65,credit_card,USD,2025-10-07,,0.00
2849,11,savings,GBP,2024-08-23,2025-01-02,0.00
2850,4605,current,GBP,2024-03-16,,0.00
2851,1,savings,EUR,2024-08-11,,0.00
2852,1,current,GBP,2024-12-03,2025-07-22,500.00
2853,228,savings,EUR,2025-05-03,,0.00
2854,1,current,USD,2024-09-23,2024-11-05,2000.00
2855,3,current,GBP,2024-01-22,,500.00
2856,1,savings,GBP,2024-07-01,,0.00
2857,7,current,USD,2025-12-05,,1000.00
2858,203,current,EUR,2025-12-27,,1000.00
2859,3,savings,GBP,2024-10-13,,0.00
2860,410,credit_card,GBP,2025-08-10,,0.00
2861,75,current,USD,2025-12-14,,2000.00
2862,9,credit_card,USD,2024-08-14,,0.00
2863,1,current,GBP,2025-07-17,,1000.00
2864,978,current,USD,2024-01-10,,250.00
2865,142,savings,USD,2025-03-10,,0.00
2866,1,current,GBP,2024-02-06,,2000.00
2867,19,current,GBP,2024-07-02,,0.00
2868,3,current,GBP,2025-04-27,,250.00
2869,32,savings,USD,2024-06-28,,0.00
2870,44,current,GBP,2024-06-01,,2000.00
2871,1,savings,GBP,2024-04-06,,0.00
2872,29,current,EUR,2025-12-13,,1000.00
2873,7850,current,GBP,2025-11-28,,250.00
2874,13,savings,EUR,2024-10-19,,0.00
2875,63,savings,GBP,2025-09-13,,0.00
2876,5,credit_card,GBP,2025-05-10,,0.00
2877,863,current,GBP,2025-10-17,,2000.00
2878,5098,savings,GBP,2024-05-08,,0.00
2879,23,current,GBP,2024-03-26,,1000.00
2880,3,current,GBP,2025-05-18,,2000.00
2881,8,savings,GBP,2024-10-05,,0.00
2882,2,current,GBP,2024-09-12,,250.00
2883,144,savings,USD,2025-01-29,,0.00
2884,501,savings,GBP,2025-05-28,,0.00
2885,1,current,EUR,2025-09-28,,500.00
2886,17,current,USD,2024-08-17,,0.00
2887,203,loan,GBP,2025-02-04,,0.00
2888,199,credit_card,GBP,2024-05-23,,0.00
2889,1729,current,EUR,2024-09-02,,2000.00
2890,2,savings,GBP,2024-10-24,,0.00
2891,51,current,EUR,2024-01-29,,2000.00
2892,1,savings,GBP,2024-01-07,,0.00
2893,973,loan,EUR,2025-02-26,2025-11-28,0.00
2894,4,savings,GBP,2024-04-11,,0.00
2895,843,current,GBP,2024-11-18,,0.00
2896,6605,current,GBP,2025-12-31,2027-02-03,1000.00
2897,2,savings,GBP,2024-07-29,,0.00
2898,1094,loan,GBP,2025-11-16,,0.00
2899,24,current,GBP,2024-08-04,,2000.00
2900,3711,credit_card,USD,2025-02-23,,0.00
2901,74,savings,GBP,2025-09-24,,0.00
2902,96,current,USD,2025-04-25,,2000.00
2903,1,savings,GBP,2024-11-15,2025-05-16,0.00
2904,423,savings,GBP,2025-07-12,,0.00
2905,2,current,EUR,2024-02-29,,2000.00
2906,1,credit_card,GBP,2025-10-11,,0.00
2907,1,current,EUR,2024-12-23,,2000.00
2908,1,savings,GBP,2024-07-18,,0.00
2909,3868,credit_card,EUR,2025-10-09,,0.00
2910,21,savings,GBP,2024-11-16,,0.00
2911,1063,savings,GBP,2024-12-08,,0.00
2912,5,credit_card,GBP,2024-05-22,,0.00
2913,14,savings,USD,2024-06-03,,0.00
2914,382,credit_card,GBP,2025-12-11,,0.00
2915,425,savings,GBP,2024-11-11,,0.00
2916,3,savings,GBP,2024-01-24,,0.00
2917,34,current,USD,2024-07-29,,250.00
2918,743,current,GBP,2025-02-20,,2000.00
2919,17,loan,EUR,2024-12-29,,0.00
2920,1,savings,GBP,2024-08-08,2025-01-27,0.00
2921,7,loan,GBP,2024-07-01,,0.00
2922,14,savings,GBP,2025-09-04,,0.00
2923,1,current,GBP,2024-10-31,,1000.00
2924,7,current,USD,2024-11-03,,500.00
2925,17,current,EUR,2024-10-16,,1000.00
2926,5,savings,GBP,2025-01-06,,0.00
2927,3,credit_card,GBP,2025-08-02,,0.00
2928,23,current,GBP,2025-05-29,,2000.00
2929,14,savings,GBP,2025-01-14,,0.00
2930,52,current,GBP,2025-04-19,,2000.00
2931,914,savings,GBP,2024-06-25,,0.00
2932,305,savings,USD,2025-06-16,2025-10-16,0.00
2933,9,current,GBP,2024-06-29,,1000.00
2934,14,current,GBP,2024-11-04,,1000.00
2935,3725,savings,GBP,2025-08-10,,0.00
2936,8,current,GBP,2024-02-24,,1000.00
2937,1,credit_card,USD,2025-09-18,,0.00
2938,212,credit_card,GBP,2024-12-03,,0.00
2939,23,current,EUR,2025-03-07,,0.00
2940,17,current,GBP,2024-07-02,,250.00
2941,3,current,GBP,2025-07-20,,2000.00
2942,2,current,GBP,2024-05-13,,2000.00
2943,8335,current,GBP,2024-07-10,,500.00
2944,193,credit_card,USD,2024-01-27,,0.00
2945,41,credit_card,USD,2024-12-29,,0.00
2946,331,credit_card,GBP,2024-03-30,,0.00
2947,6933,loan,USD,2024-05-05,,0.00
2948,8,savings,USD,2025-12-13,2026-12-25,0.00
2949,1242,savings,EUR,2024-04-27,,0.00
2950,1,credit_card,USD,2024-04-30,,0.00
2951,2,savings,GBP,2024-11-07,,0.00
2952,9,current,GBP,2024-10-28,,0.00
2953,327,savings,GBP,2024-03-10,,0.00
2954,1,current,GBP,2024-11-29,,0.00
2955,352,current,USD,2024-02-06,,250.00
2956,239,current,EUR,2025-06-03,,2000.00
2957,1,savings,EUR,2024-12-13,,0.00
2958,1,credit_card,GBP,2024-05-25,,0.00
2959,5,current,EUR,2024-04-16,,500.00
2960,129,savings,EUR,2024-03-13,,0.00
2961,7001,savings,GBP,2025-12-10,,0.00
2962,3,current,USD,2025-12-11,,2000.00
2963,23,savings,GBP,2025-10-11,,0.00
2964,1,savings,USD,2024-04-04,,0.00
2965,1,loan,USD,2024-05-10,,0.00
2966,35,credit_card,USD,2025-12-21,2026-08-10,0.00
2967,252,credit_card,GBP,2024-06-25,,0.00
2968,872,savings,EUR,2024-06-10,,0.00
2969,2,current,EUR,2025-03-22,,250.00
2970,16,current,GBP,2025-06-20,,250.00
2971,4,current,EUR,2025-10-22,,1000.00
2972,262,credit_card,GBP,2024-10-28,,0.00
2973,1,credit_card,EUR,2025-03-10,,0.00
2974,44,current,GBP,2024-07-26,,250.00
2975,1,current,USD,2025-04-17,,250.00
2976,220,savings,GBP,2025-11-11,,0.00
2977,8835,current,GBP,2025-05-10,,500.00
2978,135,savings,USD,2024-07-22,,0.00
2979,192,current,USD,2024-10-02,,0.00
2980,238,savings,GBP,2024-03-04,,0.00
2981,368,savings,EUR,2024-09-10,,0.00
2982,114,current,USD,2025-11-09,2025-12-26,500.00
2983,1,current,USD,2024-11-11,2025-05-06,500.00
2984,3942,current,GBP,2024-12-05,,0.00
2985,8494,savings,GBP,2025-07-28,,0.00
2986,126,savings,GBP,2025-10-25,,0.00
2987,508,current,GBP,2025-04-14,,0.00
2988,286,current,EUR,2025-05-09,,500.00
2989,197,current,GBP,2025-08-07,,0.00
2990,1,credit_card,GBP,2024-07-06,,0.00
2991,3,savings,GBP,2025-03-06,,0.00
2992,1627,current,GBP,2024-08-28,,500.00
2993,288,credit_card,GBP,2025-06-27,,0.00
2994,11,savings,GBP,2024-07-26,,0.00
2995,1,current,EUR,2024-11-26,,500.00
2996,13,savings,USD,2024-02-11,2025-04-19,0.00
2997,82,savings,GBP,2024-01-09,,0.00
2998,5836,savings,EUR,2024-09-05,,0.00
2999,3,loan,GBP,2025-01-01,2026-02-26,0.00
3000,4,credit_card,GBP,2024-02-03,,0.00
3001,19,savings,GBP,2025-02-04,,0.00
3002,345,credit_card,GBP,2024-04-12,,0.00
3003,7676,savings,GBP,2024-08-08,,0.00
3004,6172,current,GBP,2025-11-10,,2000.00
3005,370,current,GBP,2024-03-28,,1000.00
3006,4495,savings,GBP,2024-06-15,,0.00
3007,24,savings,GBP,2025-05-23,,0.00
3008,1,current,GBP,2025-08-02,,250.00
3009,5,current,GBP,2025-11-09,,1000.00
3010,228,credit_card,GBP,2024-11-01,,0.00
3011,1,savings,GBP,2024-06-07,,0.00
3012,322,current,GBP,2025-12-05,,1000.00
3013,1,savings,GBP,2025-04-08,,0.00
3014,695,savings,USD,2024-09-25,,0.00
3015,2,loan,GBP,2025-06-05,,0.00
3016,1,current,USD,2024-05-01,,250.00
3017,10,current,GBP,2025-10-10,,250.00
3018,1,current,GBP,2025-05-06,,1000.00
3019,1,current,GBP,2024-12-18,,0.00
3020,2500,current,USD,2024-10-30,,500.00
3021,167,current,GBP,2025-11-29,,250.00
3022,41,current,EUR,2024-11-12,,1000.00
3023,2866,savings,USD,2025-11-25,,0.00
3024,5316,current,GBP,2025-06-15,,250.00
3025,2751,current,EUR,2024-03-18,,500.00
3026,9,credit_card,GBP,2024-06-11,,0.00
3027,8,savings,USD,2025-11-15,,0.00
3028,81,loan,GBP,2024-08-21,,0.00
3029,32,savings,GBP,2025-10-15,,0.00
3030,2218,savings,GBP,2025-08-13,,0.00
3031,23,loan,USD,2025-10-19,,0.00
3032,7427,credit_card,GBP,2025-04-23,,0.00
3033,74,savings,GBP,2024-06-26,,0.00
3034,3,savings,EUR,2024-11-01,,0.00
3035,40,credit_card,GBP,2025-04-14,2026-08-19,0.00
3036,3,current,EUR,2025-01-02,,0.00
3037,1,current,GBP,2024-07-19,,2000.00
3038,69,loan,GBP,2025-09-07,2026-01-22,0.00
3039,3046,savings,GBP,2024-09-08,,0.00
3040,5,current,GBP,2024-12-26,,500.00
3041,6,current,GBP,2024-12-20,,250.00
3042,2,loan,GBP,2025-10-22,,0.00
3043,1598,current,EUR,2024-11-05,,2000.00
3044,27,current,GBP,2024-02-29,,1000.00
3045,98,savings,EUR,2025-08-06,,0.00
3046,3,savings,USD,2025-09-19,,0.00
3047,43,credit_card,EUR,2024-02-19,,0.00
3048,5,current,USD,2025-08-27,,2000.00
3049,2418,current,GBP,2025-09-13,,500.00
3050,3837,credit_card,EUR,2024-11-13,,0.00
3051,22,credit_card,EUR,2024-04-15,,0.00
3052,311,loan,GBP,2025-08-26,,0.00
3053,68,loan,GBP,2025-08-07,2025-12-26,0.00
3054,365,savings,GBP,2025-04-25,,0.00
3055,4,current,EUR,2024-11-02,,250.00
3056,1,loan,EUR,2024-02-29,,0.00
3057,14,loan,EUR,2024-11-23,,0.00
3058,1,current,USD,2025-03-27,,1000.00
3059,241,savings,GBP,2024-11-24,,0.00
3060,1,current,GBP,2025-06-07,,1000.00
3061,1,savings,GBP,2025-08-11,,0.00
3062,6141,savings,GBP,2025-12-02,,0.00
3063,1,savings,GBP,2025-12-02,,0.00
3064,1,savings,GBP,2025-12-10,,0.00
3065,162,current,USD,2025-09-23,,0.00
3066,17,savings,GBP,2025-04-03,,0.00
3067,57,credit_card,GBP,2024-07-28,,0.00
3068,2,current,USD,2025-07-22,,2000.00
3069,2,savings,EUR,2024-03-25,2024-05-28,0.00
3070,24,current,GBP,2024-07-28,,1000.00
3071,2276,current,GBP,2025-04-01,,0.00
3072,2,current,GBP,2024-02-02,,2000.00
3073,5,savings,GBP,2025-10-06,,0.00
3074,1,savings,GBP,2024-10-25,,0.00
3075,11,current,GBP,2024-01-04,,0.00
3076,7093,credit_card,GBP,2024-07-22,,0.00
3077,358,credit_card,GBP,2024-09-23,,0.00
3078,89,credit_card,GBP,2025-04-08,,0.00
3079,684,current,GBP,2024-10-03,,1000.00
3080,42,loan,GBP,2025-04-21,,0.00
3081,2934,loan,USD,2025-11-04,,0.00
3082,1,current,USD,2025-11-01,,2000.00
3083,6,current,GBP,2025-09-06,,2000.00
3084,12,current,GBP,2024-10-10,,2000.00
3085,42,savings,GBP,2025-11-23,,0.00
3086,2301,savings,USD,2025-11-24,2027-02-24,0.00
3087,3693,current,EUR,2024-08-10,,0.00
3088,23,credit_card,GBP,2025-04-14,,0.00
3089,79,current,GBP,2024-02-29,,500.00
3090,2,current,GBP,2024-09-05,,0.00
3091,753,current,USD,2024-05-28,,2000.00
3092,129,savings,GBP,2025-08-25,,0.00
3093,2,credit_card,GBP,2025-08-24,,0.00
3094,3,current,USD,2024-01-21,,250.00
3095,3,current,EUR,2025-06-17,,0.00
3096,16,current,GBP,2025-07-05,,0.00
3097,2,savings,GBP,2025-10-22,,0.00
3098,35,current,GBP,2024-01-27,,250.00
3099,36,current,EUR,2024-07-26,2025-11-24,500.00
3100,2,credit_card,USD,2025-10-08,,0.00
3101,13,credit_card,USD,2025-08-02,,0.00
3102,4,current,GBP,2024-01-11,,2000.00
3103,137,loan,GBP,2025-01-04,,0.00
3104,13,savings,USD,2025-04-23,,0.00
3105,12,savings,GBP,2024-08-12,,0.00
3106,987,savings,GBP,2024-06-16,,0.00
3107,1,savings,GBP,2025-06-17,,0.00
3108,51,current,USD,2025-01-16,2025-11-17,0.00
3109,4,current,GBP,2025-12-15,,0.00
3110,485,savings,USD,2024-03-14,,0.00
3111,5,current,GBP,2024-04-13,,2000.00
3112,4942,savings,USD,2025-05-20,,0.00
3113,1,savings,GBP,2024-06-08,,0.00
3114,565,savings,EUR,2025-10-22,,0.00
3115,3,credit_card,GBP,2025-06-14,,0.00
3116,103,current,GBP,2024-07-27,,250.00
3117,936,current,USD,2025-08-03,,1000.00
3118,2,current,GBP,2024-03-31,,1000.00
3119,26,current,GBP,2024-11-12,,250.00
3120,2,loan,GBP,2024-06-21,,0.00
3121,2,savings,EUR,2024-06-26,,0.00
3122,36,current,GBP,2025-07-17,,0.00
3123,651,current,GBP,2024-02-29,,0.00
3124,19,current,USD,2025-01-11,,0.00
3125,8528,current,EUR,2025-01-18,,500.00
3126,21,savings,GBP,2025-11-18,,0.00
3127,2,current,USD,2024-04-01,,500.00
3128,2,current,EUR,2025-10-18,,2000.00
3129,2,current,GBP,2025-05-16,2026-02-16,0.00
3130,333,savings,GBP,2025-02-01,,0.00
3131,3575,current,GBP,2024-08-30,,1000.00
3132,25,current,GBP,2025-06-01,,0.00
3133,10,current,USD,2025-03-19,,0.00
3134,1493,loan,GBP,2024-08-28,,0.00
3135,39,loan,GBP,2024-01-05,,0.00
3136,326,current,GBP,2024-09-05,,500.00
3137,1479,current,USD,2024-09-30,,0.00
3138,1,savings,USD,2025-03-30,,0.00
3139,2,savings,EUR,2025-10-21,,0.00
3140,314,savings,USD,2025-09-23,,0.00
3141,406,savings,EUR,2024-03-26,,0.00
3142,4,current,GBP,2025-12-04,,500.00
3143,1488,savings,USD,2024-01-03,,0.00
3144,13,credit_card,USD,2024-10-09,,0.00
3145,7,loan,EUR,2024-11-10,,0.00
3146,8662,current,GBP,2024-09-06,,250.00
3147,828,savings,GBP,2025-10-31,2026-12-13,0.00
3148,715,loan,GBP,2025-08-31,,0.00
3149,2,current,GBP,2025-05-05,,250.00
3150,60,savings,GBP,2024-12-20,,0.00
3151,6298,current,GBP,2025-01-04,,250.00
3152,660,savings,EUR,2024-02-01,,0.00
3153,1735,current,GBP,2024-08-26,,500.00
3154,494,loan,EUR,2024-12-05,,0.00
3155,12,current,USD,2025-10-27,,0.00
3156,22,current,GBP,2025-08-28,,1000.00
3157,1,credit_card,GBP,2025-01-19,,0.00
3158,15,current,GBP,2025-11-11,,1000.00
3159,4136,current,GBP,2024-05-28,,500.00
3160,3,current,GBP,2025-08-13,,0.00
3161,3,current,USD,2024-09-12,,1000.00
3162,1,savings,EUR,2024-12-08,,0.00
3163,3394,current,GBP,2024-11-04,,0.00
3164,14,loan,GBP,2024-08-13,,0.00
3165,31,current,USD,2025-10-04,,0.00
3166,111,loan,USD,2025-08-24,,0.00
3167,772,current,EUR,2025-06-25,,1000.00
3168,281,savings,GBP,2024-12-19,,0.00
3169,7,savings,GBP,2024-07-03,,0.00
3170,3,current,GBP,2025-11-09,,2000.00
3171,30,loan,GBP,2024-11-28,,0.00
3172,2,current,GBP,2025-12-19,,2000.00
3173,5435,credit_card,GBP,2024-04-08,,0.00
3174,5,current,GBP,2024-11-21,,250.00
3175,105,current,GBP,2025-03-04,,0.00
3176,8,current,EUR,2024-06-10,,250.00
3177,2,savings,USD,2024-06-17,,0.00
3178,1107,credit_card,GBP,2024-08-09,2025-06-09,0.00
3179,237,credit_card,EUR,2024-02-27,,0.00
3180,4,current,GBP,2024-08-29,,500.00
3181,3626,current,EUR,2025-06-09,,1000.00
3182,30,current,GBP,2024-01-13,,2000.00
3183,2,savings,GBP,2025-08-21,,0.00
3184,12,current,GBP,2025-01-24,,0.00
3185,2670,savings,GBP,2024-07-03,2025-10-17,0.00
3186,1,savings,GBP,2024-02-23,,0.00
3187,85,loan,GBP,2025-09-25,,0.00
3188,2,credit_card,GBP,2024-08-29,,0.00
3189,3,current,GBP,2025-12-04,,250.00
3190,48,savings,GBP,2025-01-11,,0.00
3191,14,current,USD,2024-06-02,,250.00
3192,2,loan,EUR,2024-09-03,,0.00
3193,13,current,USD,2024-04-11,,250.00
3194,4,savings,GBP,2024-08-22,,0.00
3195,1,loan,GBP,2024-03-02,,0.00
3196,994,current,GBP,2024-07-13,,1000.00
3197,852,savings,GBP,2025-11-29,,0.00
3198,4,current,GBP,2025-12-11,2026-01-15,1000.00
3199,4187,current,GBP,2025-01-14,,1000.00
3200,3,credit_card,USD,2024-11-16,,0.00
3201,180,credit_card,GBP,2025-10-07,,0.00
3202,2093,savings,GBP,2024-12-01,,0.00
3203,9,credit_card,GBP,2025-02-02,2026-02-19,0.00
3204,4,savings,GBP,2025-12-06,,0.00
3205,1666,savings,GBP,2025-03-31,,0.00
3206,6,current,GBP,2024-07-04,2025-08-18,0.00
3207,485,current,GBP,2024-12-08,,500.00
3208,92,credit_card,GBP,2024-01-07,,0.00
3209,1120,current,EUR,2024-12-09,,2000.00
3210,772,current,GBP,2024-01-30,,250.00
3211,13,current,GBP,2025-01-06,,250.00
3212,102,savings,GBP,2024-06-11,,0.00
3213,3,current,USD,2025-08-15,,0.00
3214,8,loan,USD,2024-02-09,,0.00
3215,13,credit_card,USD,2025-11-22,,0.00
3216,96,credit_card,GBP,2024-06-30,,0.00
3217,3020,current,GBP,2025-03-13,,0.00
3218,2,current,GBP,2024-07-08,,250.00
3219,4,credit_card,EUR,2025-11-27,,0.00
3220,6,savings,EUR,2024-03-12,,0.00
3221,18,credit_card,EUR,2024-06-19,,0.00
3222,490,savings,GBP,2025-08-28,,0.00
3223,3027,credit_card,EUR,2025-08-18,,0.00
3224,307,current,USD,2024-10-12,,250.00
3225,12,current,GBP,2024-04-17,,250.00
3226,125,current,USD,2024-11-14,,250.00
3227,226,current,GBP,2025-06-27,,250.00
3228,97,current,GBP,2024-02-15,,0.00
3229,3,loan,EUR,2024-11-29,,0.00
3230,77,credit_card,GBP,2025-05-10,,0.00
3231,18,loan,EUR,2024-04-26,2025-06-22,0.00
3232,6,credit_card,GBP,2025-11-28,,0.00
3233,26,savings,GBP,2024-06-23,,0.00
3234,160,savings,GBP,2024-03-05,,0.00
3235,51,credit_card,USD,2025-11-19,,0.00
3236,125,current,GBP,2025-01-20,,0.00
3237,1,savings,EUR,2024-05-15,2024-09-02,0.00
3238,5,current,GBP,2024-11-07,,500.00
3239,232,savings,USD,2024-04-19,,0.00
3240,3,credit_card,USD,2024-06-10,,0.00
3241,425,current,USD,2024-07-26,,500.00
3242,2,current,USD,2025-10-20,2026-07-19,1000.00
3243,51,credit_card,EUR,2024-02-29,,0.00
3244,3702,credit_card,GBP,2025-08-16,,0.00
3245,671,current,USD,2024-05-16,,2000.00
3246,4,savings,GBP,2024-12-30,,0.00
3247,1,current,GBP,2025-05-03,,500.00
3248,7817,credit_card,USD,2024-02-04,,0.00
3249,16,current,GBP,2025-09-12,,2000.00
3250,1,savings,USD,2025-05-23,,0.00
3251,9,savings,GBP,2025-07-12,,0.00
3252,4,current,USD,2024-09-07,,2000.00
3253,466,current,USD,2025-06-08,,250.00
3254,2055,current,GBP,2024-12-21,,1000.00
3255,23,current,GBP,2025-12-01,,500.00
3256,93,loan,GBP,2025-08-01,,0.00
3257,20,current,USD,2025-01-22,,250.00
3258,2,credit_card,GBP,2024-09-11,,0.00
3259,1,current,GBP,2025-11-14,,0.00
3260,2,current,GBP,2025-02-28,,500.00
3261,4,current,GBP,2024-06-03,,0.00
3262,261,savings,GBP,2025-06-05,,0.00
3263,14,savings,GBP,2025-01-24,2026-03-26,0.00
3264,9,savings,GBP,2025-12-07,,0.00
3265,1786,credit_card,GBP,2024-11-14,,0.00
3266,41,loan,GBP,2025-07-31,,0.00
3267,123,savings,GBP,2024-03-10,,0.00
3268,4,current,GBP,2024-06-16,,500.00
3269,617,current,EUR,2024-03-01,,2000.00
3270,6342,current,GBP,2025-09-06,,2000.00
3271,19,savings,GBP,2024-07-24,,0.00
3272,689,savings,GBP,2024-03-12,,0.00
3273,30,credit_card,USD,2025-03-09,,0.00
3274,17,savings,GBP,2024-09-01,,0.00
3275,4,savings,GBP,2024-10-08,,0.00
3276,17,loan,GBP,2024-06-26,,0.00
3277,1,savings,GBP,2024-08-22,,0.00
3278,965,credit_card,USD,2025-01-26,,0.00
3279,4,savings,EUR,2024-08-25,,0.00
3280,699,current,GBP,2024-04-15,,1000.00
3281,15,loan,EUR,2024-08-04,,0.00
3282,2,current,USD,2025-03-19,,0.00
3283,244,credit_card,GBP,2025-05-07,2026-04-08,0.00
3284,1,credit_card,GBP,2024-12-06,,0.00
3285,79,current,GBP,2024-02-23,,250.00
3286,2,current,EUR,2024-10-28,,1000.00
3287,3,current,USD,2025-10-26,,500.00
3288,111,current,GBP,2025-08-07,,2000.00
3289,2177,credit_card,USD,2024-11-18,,0.00
3290,36,savings,USD,2024-11-20,,0.00
3291,1438,current,USD,2024-03-07,,1000.00
3292,8,current,USD,2024-12-01,,1000.00
3293,24,current,USD,2025-08-26,2026-11-23,500.00
3294,1460,savings,GBP,2025-03-12,,0.00
3295,3844,savings,USD,2024-04-28,,0.00
3296,4,savings,GBP,2025-02-08,,0.00
3297,4,savings,GBP,2025-01-05,,0.00
3298,739,current,EUR,2024-01-22,,250.00
3299,3252,savings,GBP,2024-07-17,,0.00
3300,67,current,GBP,2024-05-05,,250.00
3301,13,savings,GBP,2025-12-17,,0.00
3302,163,current,GBP,2025-05-15,,2000.00
3303,284,loan,GBP,2025-10-16,,0.00
3304,3,current,GBP,2025-11-03,,250.00
3305,248,current,USD,2025-02-23,,500.00
3306,228,current,GBP,2024-11-19,,1000.00
3307,12,current,GBP,2025-07-22,,1000.00
3308,113,savings,USD,2024-04-09,,0.00
3309,3,current,GBP,2025-07-22,,250.00
3310,124,current,GBP,2025-11-01,,500.00
3311,3,savings,GBP,2024-03-09,,0.00
3312,191,credit_card,EUR,2024-03-21,2025-01-23,0.00
3313,55,credit_card,GBP,2024-03-30,,0.00
3314,4,current,GBP,2025-08-13,,2000.00
3315,1091,savings,USD,2024-09-14,,0.00
3316,225,savings,USD,2025-08-08,,0.00
3317,8,savings,GBP,2024-01-15,,0.00
3318,37,savings,EUR,2025-03-02,,0.00
3319,18,loan,USD,2024-08-09,,0.00
3320,7405,current,EUR,2024-02-29,2024-08-04,0.00
3321,992,savings,GBP,2024-03-18,,0.00
3322,19,savings,GBP,2025-11-13,,0.00
3323,1,savings,GBP,2025-03-09,,0.00
3324,15,loan,USD,2024-01-04,,0.00
3325,19,credit_card,GBP,2025-11-30,,0.00
3326,55,current,GBP,2025-06-16,,2000.00
3327,1657,credit_card,EUR,2024-11-16,,0.00
3328,1,current,GBP,2024-11-09,,0.00
3329,2,current,USD,2025-05-05,,250.00
3330,83,current,GBP,2024-05-24,,0.00
3331,1273,savings,USD,2025-08-01,,0.00
3332,3,current,USD,2025-01-04,,1000.00
3333,1,current,EUR,2024-11-29,,250.00
3334,1,current,GBP,2025-05-19,,1000.00
3335,1,savings,GBP,2024-11-20,,0.00
3336,245,credit_card,GBP,2024-06-12,,0.00
3337,5,current,GBP,2025-09-26,,1000.00
3338,168,current,EUR,2025-09-24,,0.00
3339,1876,current,USD,2024-07-11,,0.00
3340,977,current,GBP,2024-05-06,,500.00
3341,47,savings,GBP,2024-03-26,,0.00
3342,547,savings,GBP,2024-10-08,,0.00
3343,1,credit_card,USD,2025-03-29,,0.00
3344,256,current,GBP,2025-08-04,2026-06-22,1000.00
3345,1,savings,GBP,2024-04-28,,0.00
3346,21,current,GBP,2025-06-23,,1000.00
3347,1,current,USD,2024-10-03,,500.00
3348,3,current,GBP,2024-05-07,,2000.00
3349,26,current,GBP,2025-12-07,,500.00
3350,113,credit_card,GBP,2025-10-31,,0.00
3351,98,savings,GBP,2025-03-04,2025-07-13,0.00
3352,7,credit_card,GBP,2024-09-28,,0.00
3353,1,current,USD,2025-05-31,,0.00
3354,2,savings,GBP,2024-04-13,2025-02-27,0.00
3355,10,savings,GBP,2025-12-01,,0.00
3356,637,credit_card,EUR,2024-07-01,,0.00
3357,1,current,EUR,2025-09-13,,500.00
3358,1,current,GBP,2024-05-27,,1000.00
3359,6,savings,GBP,2025-09-30,,0.00
3360,1,current,EUR,2025-10-15,2027-01-02,0.00
3361,1,credit_card,GBP,2025-10-09,,0.00
3362,4,current,USD,2025-05-24,,250.00
3363,1,savings,USD,2025-12-12,,0.00
3364,4,credit_card,GBP,2024-10-11,,0.00
3365,1,loan,EUR,2025-12-12,,0.00
3366,5,savings,GBP,2024-07-21,,0.00
3367,2,current,EUR,2024-05-25,2025-04-15,1000.00
3368,19,current,GBP,2024-03-26,,250.00
3369,341,savings,EUR,2025-02-20,,0.00
3370,9,current,USD,2024-09-28,2024-12-13,500.00
3371,9,current,USD,2024-03-26,,1000.00
3372,583,current,GBP,2025-07-11,,500.00
3373,2,current,GBP,2025-11-24,,500.00
3374,19,credit_card,GBP,2024-01-17,,0.00
3375,174,loan,GBP,2024-10-13,,0.00
3376,15,current,EUR,2024-06-16,,0.00
3377,426,current,EUR,2024-02-17,,250.00
3378,2,savings,GBP,2025-10-09,,0.00
3379,10,savings,GBP,2025-07-19,,0.00
3380,1,savings,USD,2025-08-12,,0.00
3381,110,current,GBP,2025-01-29,,2000.00
3382,73,current,USD,2025-03-04,,1000.00
3383,149,current,USD,2024-09-09,2024-11-18,2000.00
3384,3437,current,USD,2025-09-27,,500.00
3385,531,current,USD,2024-05-30,,1000.00
3386,6,credit_card,GBP,2024-01-12,,0.00
3387,39,current,USD,2025-06-14,,0.00
3388,314,current,USD,2024-05-08,,1000.00
3389,3,credit_card,GBP,2025-06-28,,0.00
3390,3,savings,USD,2024-10-18,,0.00
3391,2289,current,GBP,2024-08-03,,500.00
3392,3,savings,GBP,2025-11-16,,0.00
3393,466,current,GBP,2024-06-27,,2000.00
3394,61,current,GBP,2024-04-24,,2000.00
3395,3,current,GBP,2024-12-31,,500.00
3396,39,current,USD,2025-03-03,,0.00
3397,1,savings,EUR,2025-05-31,,0.00
3398,52,current,GBP,2024-08-28,,500.00
3399,1,credit_card,GBP,2024-12-25,,0.00
3400,2,current,USD,2024-11-05,2025-12-25,2000.00
3401,1,credit_card,USD,2025-04-29,,0.00
3402,23,current,GBP,2025-04-05,,250.00
3403,3,loan,USD,2025-05-13,,0.00
3404,31,savings,USD,2024-07-31,,0.00
3405,2480,savings,USD,2025-12-23,,0.00
3406,140,loan,USD,2025-05-27,,0.00
3407,2,current,EUR,2025-02-06,2026-04-22,1000.00
3408,2,current,GBP,2024-10-23,,500.00
3409,4,credit_card,EUR,2025-12-24,,0.00
3410,1,savings,EUR,2024-08-16,,0.00
3411,4428,savings,GBP,2025-03-15,,0.00
3412,1,current,GBP,2024-01-04,,2000.00
3413,2,current,GBP,2025-01-15,2025-11-17,1000.00
3414,70,current,USD,2025-12-15,,500.00
3415,2710,current,USD,2024-11-13,,250.00
3416,573,current,USD,2024-12-23,2025-08-12,2000.00
3417,2,savings,EUR,2024-11-05,2025-08-13,0.00
3418,40,current,GBP,2025-03-01,,500.00
3419,3693,current,GBP,2025-04-05,,2000.00
3420,46,savings,USD,2025-01-23,,0.00
3421,1,savings,GBP,2024-01-01,,0.00
3422,130,current,GBP,2025-08-24,,0.00
3423,57,savings,USD,2025-08-07,,0.00
3424,4,savings,GBP,2025-02-28,2025-04-05,0.00
3425,43,current,GBP,2024-11-28,,250.00
3426,52,current,GBP,2024-03-24,,2000.00
3427,112,current,EUR,2024-05-28,,500.00
3428,6,current,GBP,2025-03-13,,500.00
3429,3,current,USD,2025-10-11,2026-05-10,500.00
3430,3,current,USD,2024-08-04,,250.00
3431,1,credit_card,GBP,2025-07-09,,0.00
3432,472,credit_card,GBP,2024-11-11,,0.00
3433,1,savings,GBP,2025-09-22,,0.00
3434,8490,savings,GBP,2025-04-15,,0.00
3435,191,savings,GBP,2025-04-05,,0.00
3436,173,savings,EUR,2025-02-10,,0.00
3437,569,current,USD,2025-12-25,2026-07-21,2000.00
3438,186,current,GBP,2024-09-03,,2000.00
3439,1,current,GBP,2024-12-04,,500.00
3440,1,current,USD,2025-06-13,,2000.00
3441,4,current,GBP,2024-12-15,,0.00
3442,3,savings,GBP,2025-08-26,,0.00
3443,36,savings,GBP,2024-09-17,,0.00
3444,1,current,GBP,2025-12-29,,250.00
3445,59,current,GBP,2025-06-01,,2000.00
3446,1,loan,USD,2024-12-02,,0.00
3447,7,current,GBP,2024-06-20,,500.00
3448,3,savings,GBP,2025-10-23,,0.00
3449,22,savings,GBP,2024-01-20,,0.00
3450,228,credit_card,USD,2025-02-10,,0.00
3451,1,current,GBP,2025-08-02,,250.00
3452,8,savings,GBP,2024-09-19,2025-12-17,0.00
3453,2,current,EUR,2024-03-02,,1000.00
3454,26,current,GBP,2025-02-17,,250.00
3455,81,current,GBP,2025-09-30,,500.00
3456,70,current,EUR,2025-09-12,,2000.00
3457,26,savings,GBP,2024-08-06,,0.00
3458,32,current,EUR,2024-10-22,,1000.00
3459,9,current,USD,2025-04-12,,0.00
3460,1,current,USD,2025-10-09,,0.00
3461,1197,current,GBP,2025-11-29,,250.00
3462,409,savings,GBP,2024-03-22,,0.00
3463,206,savings,GBP,2025-10-05,,0.00
3464,143,savings,GBP,2025-01-13,,0.00
3465,1785,current,GBP,2024-11-01,,500.00
3466,6,loan,GBP,2025-11-25,,0.00
3467,4584,savings,GBP,2024-03-26,2024-11-24,0.00
3468,2205,current,EUR,2025-08-03,,0.00
3469,36,current,EUR,2025-12-17,,1000.00
3470,3,current,GBP,2025-12-13,,0.00
3471,46,current,GBP,2025-06-14,,1000.00
3472,1,savings,GBP,2025-10-31,,0.00
3473,73,credit_card,GBP,2025-03-07,,0.00
3474,2231,credit_card,GBP,2024-11-29,,0.00
3475,82,savings,GBP,2024-07-30,,0.00
3476,204,current,EUR,2024-10-02,,250.00
3477,191,savings,GBP,2024-06-18,,0.00
3478,20,savings,GBP,2025-03-18,2025-07-13,0.00
3479,386,savings,GBP,2024-10-18,,0.00
3480,393,current,GBP,2024-07-04,,2000.00
3481,22,savings,GBP,2024-10-21,,0.00
3482,2587,current,GBP,2024-08-19,,500.00
3483,88,savings,GBP,2025-12-14,,0.00
3484,2507,current,GBP,2024-10-26,,250.00
3485,2,current,GBP,2024-08-07,,2000.00
3486,13,current,USD,2024-05-25,,1000.00
3487,18,credit_card,EUR,2024-03-07,,0.00
3488,1,savings,USD,2024-11-02,,0.00
3489,24,current,USD,2024-08-06,,250.00
3490,5301,credit_card,USD,2025-06-02,,0.00
3491,21,loan,GBP,2024-01-14,,0.00
3492,2245,savings,USD,2025-07-26,,0.00
3493,228,savings,GBP,2024-11-27,,0.00
3494,12,savings,USD,2025-01-12,,0.00
3495,3,credit_card,USD,2025-04-07,,0.00
3496,1125,savings,EUR,2024-04-20,,0.00
3497,159,current,GBP,2025-11-30,,0.00
3498,1,current,GBP,2025-11-20,,500.00
3499,1227,current,EUR,2025-11-06,,2000.00
3500,1001,credit_card,GBP,2025-02-20,,0.00
3501,84,current,GBP,2025-12-22,,1000.00
3502,32,savings,GBP,2025-05-27,,0.00
3503,15,current,GBP,2025-08-14,,500.00
3504,208,savings,USD,2024-04-06,,0.00
3505,15,savings,USD,2024-01-20,,0.00
3506,26,credit_card,EUR,2025-08-23,,0.00
3507,31,current,GBP,2025-02-18,,1000.00
3508,1697,current,GBP,2025-08-11,,0.00
3509,2452,current,USD,2024-11-29,2025-04-25,1000.00
3510,92,loan,GBP,2024-11-28,2025-08-21,0.00
3511,2528,savings,USD,2025-05-24,,0.00
3512,1012,current,USD,2025-06-15,,250.00
3513,2,credit_card,USD,2024-03-10,,0.00
3514,490,savings,USD,2025-12-28,,0.00
3515,43,savings,GBP,2024-05-27,,0.00
3516,113,current,GBP,2024-01-19,,2000.00
3517,1,savings,GBP,2025-03-24,,0.00
3518,13,current,GBP,2024-11-18,,250.00
3519,6,savings,GBP,2024-04-20,,0.00
3520,4,savings,GBP,2024-12-04,,0.00
3521,17,current,GBP,2025-07-02,2025-10-13,2000.00
3522,22,loan,GBP,2025-04-27,,0.00
3523,233,current,GBP,2024-11-06,,500.00
3524,492,savings,EUR,2024-11-20,,0.00
3525,36,current,GBP,2024-09-25,,1000.00
3526,22,credit_card,GBP,2024-04-09,,0.00
3527,5,current,GBP,2024-02-13,,250.00
3528,1,loan,USD,2025-10-01,,0.00
3529,16,current,GBP,2024-01-25,,250.00
3530,412,current,GBP,2024-12-28,,2000.00
3531,45,loan,EUR,2024-05-16,,0.00
3532,1,current,USD,2025-09-23,,250.00
3533,44,current,USD,2025-02-26,,1000.00
3534,484,current,EUR,2025-03-14,,500.00
3535,102,savings,GBP,2025-09-30,,0.00
3536,51,credit_card,USD,2025-10-21,,0.00
3537,55,credit_card,USD,2025-01-31,,0.00
3538,394,current,GBP,2025-10-30,,500.00
3539,1023,current,GBP,2024-03-21,,0.00
3540,15,loan,GBP,2024-09-16,,0.00
3541,1,credit_card,USD,2025-10-09,,0.00
3542,1618,current,GBP,2024-02-20,,500.00
3543,6567,current,GBP,2024-09-19,,0.00
3544,32,current,GBP,2024-03-10,2025-03-06,250.00
3545,1,credit_card,GBP,2025-04-09,,0.00
3546,389,current,GBP,2025-07-05,,1000.00
3547,154,credit_card,GBP,2025-11-30,,0.00
3548,42,current,EUR,2024-11-30,,500.00
3549,1,savings,GBP,2024-07-22,2024-12-14,0.00
3550,29,savings,USD,2025-05-16,,0.00
3551,67,loan,EUR,2024-04-30,,0.00
3552,40,savings,EUR,2025-12-11,,0.00
3553,16,savings,GBP,2024-11-16,,0.00
3554,3312,current,USD,2024-10-16,,500.00
3555,14,current,GBP,2025-05-10,,500.00
3556,6553,current,GBP,2025-03-10,,2000.00
3557,172,current,USD,2025-01-31,2026-01-19,0.00
3558,47,current,GBP,2024-05-24,,2000.00
3559,3,savings,GBP,2025-11-27,,0.00
3560,3988,savings,GBP,2024-04-01,,0.00
3561,2,current,GBP,2025-10-31,,500.00
3562,8,current,GBP,2024-11-20,,250.00
3563,22,savings,GBP,2024-03-07,,0.00
3564,12,savings,USD,2025-01-03,,0.00
3565,2,savings,GBP,2025-01-10,,0.00
3566,13,current,USD,2024-01-12,,0.00
3567,63,savings,GBP,2025-10-01,,0.00
3568,2423,savings,GBP,2025-11-22,2027-04-02,0.00
3569,1319,savings,USD,2024-08-16,,0.00
3570,1340,current,EUR,2024-04-29,,0.00
3571,4,savings,GBP,2024-03-31,,0.00
3572,4005,savings,GBP,2024-04-21,2024-09-01,0.00
3573,2189,credit_card,GBP,2024-04-07,,0.00
3574,302,savings,GBP,2024-06-13,,0.00
3575,896,current,USD,2024-06-08,2025-06-09,2000.00
3576,12,loan,GBP,2024-03-27,,0.00
3577,353,current,GBP,2025-06-16,,1000.00
3578,216,savings,GBP,2025-11-17,,0.00
3579,1,current,GBP,2024-03-12,,250.00
3580,1,current,EUR,2024-06-14,2025-01-16,250.00
3581,243,current,GBP,2024-02-14,,500.00
3582,10,current,EUR,2024-08-02,,500.00
3583,17,current,EUR,2025-03-21,,250.00
3584,3785,current,GBP,2024-09-13,,2000.00
3585,175,current,USD,2024-03-12,,2000.00
3586,223,current,GBP,2025-12-28,,1000.00
3587,1,current,USD,2024-06-20,,0.00
3588,12,current,GBP,2025-08-30,,250.00
3589,4,loan,GBP,2025-11-09,,0.00
3590,16,current,EUR,2024-12-14,,500.00
3591,7894,current,GBP,2024-09-26,,250.00
3592,292,current,USD,2025-06-27,,500.00
3593,7,current,EUR,2024-09-29,,250.00
3594,1,current,USD,2024-01-30,,2000.00
3595,1377,credit_card,GBP,2024-04-04,,0.00
3596,424,credit_card,GBP,2024-02-10,,0.00
3597,588,savings,USD,2024-02-08,,0.00
3598,3,current,GBP,2024-08-26,,2000.00
3599,22,credit_card,GBP,2025-03-18,,0.00
3600,3,current,GBP,2024-09-25,,0.00
3601,703,current,GBP,2025-09-22,,2000.00
3602,13,credit_card,USD,2024-09-24,,0.00
3603,274,current,GBP,2024-05-19,,250.00
3604,62,current,USD,2025-05-13,,500.00
3605,1836,current,USD,2025-06-11,,250.00
3606,2,current,GBP,2025-04-19,,1000.00
3607,617,credit_card,USD,2024-08-16,,0.00
3608,2473,current,GBP,2024-07-17,,1000.00
3609,5349,credit_card,EUR,2024-11-05,,0.00
3610,4,credit_card,GBP,2025-04-24,,0.00
3611,17,current,USD,2024-12-23,,0.00
3612,72,savings,GBP,2025-12-06,,0.00
3613,553,credit_card,GBP,2025-12-14,,0.00
3614,25,current,USD,2025-01-17,,1000.00
3615,561,savings,USD,2025-01-09,,0.00
3616,52,savings,GBP,2025-01-31,,0.00
3617,49,savings,GBP,2024-12-10,,0.00
3618,1,savings,USD,2025-10-04,,0.00
3619,5,loan,USD,2025-07-31,,0.00
3620,92,current,GBP,2024-05-29,,250.00
3621,186,current,GBP,2024-04-14,,2000.00
3622,5139,current,GBP,2025-03-03,,500.00
3623,3507,current,USD,2024-05-18,,1000.00
3624,12,current,GBP,2024-08-04,,250.00
3625,1,current,USD,2025-01-08,,0.00
3626,2,credit_card,USD,2025-09-08,,0.00
3627,2,current,GBP,2024-11-26,,1000.00
3628,3,current,EUR,2024-05-02,,2000.00
3629,11,savings,USD,2024-07-08,,0.00
3630,40,current,GBP,2024-01-13,,500.00
3631,2,current,GBP,2024-10-05,,0.00
3632,10,credit_card,GBP,2025-11-29,2026-10-13,0.00
3633,65,loan,USD,2025-12-31,,0.00
3634,7143,current,GBP,2024-03-01,2024-04-12,250.00
3635,1001,current,USD,2025-05-27,,2000.00
3636,2,credit_card,GBP,2025-12-09,,0.00
3637,4,current,GBP,2024-01-10,,1000.00
3638,1,current,GBP,2025-03-05,,250.00
3639,2,current,GBP,2025-05-19,,250.00
3640,255,credit_card,GBP,2025-07-10,,0.00
3641,69,current,GBP,2025-04-01,2026-05-10,250.00
3642,4447,current,USD,2025-02-07,,1000.00
3643,3,current,EUR,2024-12-18,,1000.00
3644,136,current,USD,2024-03-20,2024-10-17,500.00
3645,8274,current,EUR,2024-10-15,,250.00
3646,3,credit_card,USD,2025-11-16,,0.00
3647,7,loan,USD,2024-04-11,,0.00
3648,452,credit_card,GBP,2025-04-11,,0.00
3649,1235,current,GBP,2025-06-09,,0.00
3650,1,savings,EUR,2025-05-28,,0.00
3651,236,current,USD,2024-08-14,,1000.00
3652,309,current,GBP,2024-03-01,,2000.00
3653,1,current,EUR,2024-11-08,,0.00
3654,73,current,USD,2025-12-13,,2000.00
3655,1,savings,GBP,2025-06-27,,0.00
3656,7,current,GBP,2025-12-26,2026-12-22,250.00
3657,148,current,USD,2024-12-03,,250.00
3658,3986,savings,GBP,2024-03-17,,0.00
3659,2439,loan,GBP,2025-03-25,,0.00
3660,1,credit_card,GBP,2025-12-23,,0.00
3661,4,savings,GBP,2025-03-30,,0.00
3662,38,credit_card,USD,2025-11-28,,0.00
3663,20,savings,EUR,2024-07-19,,0.00
3664,1,current,USD,2024-01-18,2025-03-20,2000.00
3665,18,credit_card,EUR,2025-04-28,,0.00
3666,1,credit_card,GBP,2024-10-05,2026-01-28,0.00
3667,3,savings,GBP,2024-04-27,,0.00
3668,6500,savings,USD,2024-12-14,,0.00
3669,71,savings,USD,2024-02-05,,0.00
3670,2061,current,GBP,2025-01-06,,0.00
3671,1,savings,EUR,2024-10-22,,0.00
3672,1,current,GBP,2025-03-28,,500.00
3673,21,current,GBP,2025-07-31,,2000.00
3674,7598,current,GBP,2024-04-19,,2000.00
3675,213,current,EUR,2025-08-30,,500.00
3676,2,current,GBP,2024-03-01,,250.00
3677,1,current,USD,2024-07-22,,2000.00
3678,11,current,GBP,2025-10-07,,250.00
3679,10,savings,USD,2024-07-28,,0.00
3680,4,credit_card,GBP,2024-09-10,,0.00
3681,1,current,GBP,2025-02-02,,1000.00
3682,11,current,GBP,2025-07-01,2026-07-26,500.00
3683,1828,current,USD,2025-11-22,,500.00
3684,2,current,GBP,2025-09-09,,250.00
3685,990,savings,USD,2025-05-02,,0.00
3686,38,current,GBP,2025-11-02,,250.00
3687,1,current,USD,2024-12-16,,500.00
3688,1,current,GBP,2025-07-15,,0.00
3689,1,credit_card,GBP,2025-04-09,2026-04-09,0.00
3690,38,credit_card,GBP,2024-11-29,,0.00
3691,63,savings,GBP,2024-02-03,,0.00
3692,29,credit_card,EUR,2025-12-25,,0.00
3693,6,current,GBP,2025-04-03,,2000.00
3694,3,current,EUR,2025-06-16,,250.00
3695,1,savings,GBP,2024-12-17,,0.00
3696,349,current,EUR,2025-12-23,,500.00
3697,23,savings,GBP,2025-10-06,,0.00
3698,34,current,USD,2025-05-01,,500.00
3699,1,current,GBP,2024-05-28,,2000.00
3700,1,current,GBP,2025-03-22,,0.00
3701,1374,credit_card,GBP,2024-06-24,2025-07-21,0.00
3702,3,savings,GBP,2025-01-07,,0.00
3703,21,current,EUR,2025-10-26,,250.00
3704,3,current,GBP,2025-08-05,,1000.00
3705,133,current,GBP,2025-03-18,,500.00
3706,10,credit_card,EUR,2024-07-17,,0.00
3707,20,credit_card,GBP,2025-10-21,,0.00
3708,27,savings,USD,2024-02-08,,0.00
3709,4,current,GBP,2025-07-11,,2000.00
3710,2,current,GBP,2024-04-08,,0.00
3711,21,loan,GBP,2024-08-11,,0.00
3712,1,current,GBP,2025-07-15,,250.00
3713,2,current,GBP,2025-07-29,,500.00
3714,228,current,GBP,2024-04-13,,2000.00
3715,341,credit_card,USD,2024-12-29,,0.00
3716,1570,savings,GBP,2024-04-21,2024-11-09,0.00
3717,4,savings,USD,2024-08-10,,0.00
3718,46,credit_card,GBP,2025-06-11,,0.00
3719,2,credit_card,GBP,2025-09-13,,0.00
3720,1,current,GBP,2025-05-21,,0.00
3721,37,current,GBP,2025-12-23,,500.00
3722,89,current,GBP,2024-05-01,,0.00
3723,12,current,EUR,2024-10-31,,250.00
3724,73,current,GBP,2024-07-20,,500.00
3725,4305,current,GBP,2024-05-11,,0.00
3726,3875,current,USD,2024-01-20,,0.00
3727,1,current,GBP,2024-11-19,,2000.00
3728,921,current,USD,2024-03-05,,1000.00
3729,26,credit_card,GBP,2024-04-17,,0.00
3730,2,credit_card,EUR,2025-01-31,2026-04-01,0.00
3731,225,current,EUR,2024-11-01,,250.00
3732,146,loan,GBP,2024-04-16,,0.00
3733,1801,savings,USD,2024-01-27,,0.00
3734,1,savings,EUR,2024-02-27,,0.00
3735,1,savings,GBP,2024-03-19,,0.00
3736,89,savings,EUR,2024-09-19,,0.00
3737,18,current,GBP,2024-01-05,,250.00
3738,1,savings,GBP,2024-07-05,,0.00
3739,8,savings,GBP,2025-05-25,,0.00
3740,4,savings,GBP,2025-12-17,,0.00
3741,26,savings,GBP,2025-09-07,,0.00
3742,13,credit_card,GBP,2025-03-05,,0.00
3743,10,current,EUR,2025-06-01,,250.00
3744,660,current,GBP,2025-10-21,,0.00
3745,7964,current,GBP,2025-11-26,,0.00
3746,74,current,EUR,2024-10-09,,1000.00
3747,731,credit_card,GBP,2025-10-20,,0.00
3748,276,savings,GBP,2025-07-12,,0.00
3749,7677,savings,USD,2024-02-29,2025-06-10,0.00
3750,6,current,GBP,2025-05-22,,500.00
3751,27,current,GBP,2024-08-23,2024-11-18,250.00
3752,3,current,GBP,2025-01-21,,500.00
3753,1,current,USD,2024-12-25,,500.00
3754,7,loan,GBP,2025-07-05,,0.00
3755,34,current,GBP,2024-04-04,2024-09-23,500.00
3756,468,savings,GBP,2024-07-20,,0.00
3757,3323,current,EUR,2024-01-12,2025-03-20,2000.00
3758,272,current,GBP,2025-03-06,,0.00
3759,1,current,GBP,2025-11-04,,250.00
3760,20,current,USD,2025-06-16,,500.00
3761,6248,current,GBP,2025-01-18,,500.00
3762,1,current,EUR,2025-04-11,,2000.00
3763,27,loan,USD,2025-10-30,,0.00
3764,8,current,GBP,2024-06-07,,500.00
3765,218,loan,GBP,2024-02-29,,0.00
3766,4,current,USD,2025-02-12,,1000.00
3767,68,loan,GBP,2025-11-09,,0.00
3768,4,credit_card,GBP,2024-05-09,,0.00
3769,69,current,USD,2024-03-13,,250.00
3770,259,current,GBP,2024-12-06,,250.00
3771,13,current,USD,2024-04-03,,500.00
3772,11,savings,EUR,2024-10-05,,0.00
3773,6,savings,USD,2025-03-08,,0.00
3774,1,savings,GBP,2025-04-22,2025-07-05,0.00
3775,459,current,USD,2024-08-09,,500.00
3776,1,current,USD,2024-06-13,,0.00
3777,1,current,EUR,2025-08-02,,1000.00
3778,2,current,EUR,2025-05-14,,2000.00
3779,1,current,GBP,2024-04-22,,1000.00
3780,663,savings,USD,2025-10-19,,0.00
3781,13,current,GBP,2025-06-24,,1000.00
3782,17,current,USD,2024-02-19,,500.00
3783,2,loan,EUR,2024-01-15,,0.00
3784,3,savings,USD,2025-02-10,,0.00
3785,21,credit_card,GBP,2024-03-17,,0.00
3786,1,current,GBP,2025-08-13,,0.00
3787,149,credit_card,GBP,2024-05-12,,0.00
3788,145,current,GBP,2025-06-23,,250.00
3789,134,savings,GBP,2025-03-02,,0.00
3790,20,credit_card,GBP,2025-10-14,,0.00
3791,107,credit_card,GBP,2024-05-29,,0.00
3792,1286,credit_card,USD,2024-12-06,,0.00
3793,31,current,EUR,2025-03-05,,0.00
3794,114,current,GBP,2024-11-11,,0.00
3795,5911,current,EUR,2025-10-26,,0.00
3796,51,current,EUR,2025-07-15,,1000.00
3797,5663,savings,USD,2025-10-13,,0.00
3798,1,current,GBP,2024-09-17,,500.00
3799,107,savings,GBP,2025-08-30,,0.00
3800,47,loan,EUR,2024-12-09,,0.00
3801,1,current,EUR,2024-02-25,,1000.00
3802,1,current,EUR,2024-11-03,,1000.00
3803,62,savings,GBP,2025-03-18,,0.00
3804,3,current,GBP,2024-11-24,2025-08-01,500.00
3805,6,current,GBP,2024-10-05,,1000.00
3806,15,credit_card,USD,2024-12-18,2025-07-04,0.00
3807,19,savings,USD,2025-09-23,,0.00
3808,327,current,USD,2024-11-12,,500.00
3809,11,loan,USD,2024-02-09,,0.00
3810,8,current,GBP,2024-03-04,,0.00
3811,16,current,GBP,2024-01-17,,250.00
3812,16,current,USD,2024-12-30,,2000.00
3813,177,credit_card,EUR,2025-05-10,,0.00
3814,18,current,EUR,2024-12-12,,500.00
3815,76,current,GBP,2024-05-26,,0.00
3816,1,savings,GBP,2024-06-19,2025-03-19,0.00
3817,1,current,USD,2025-07-08,,0.00
3818,28,savings,GBP,2024-05-11,,0.00
3819,26,current,GBP,2025-10-24,,2000.00
3820,8,savings,GBP,2024-11-04,,0.00
3821,67,savings,USD,2024-06-01,,0.00
3822,15,current,GBP,2025-04-15,,500.00
3823,720,savings,GBP,2024-07-23,,0.00
3824,602,loan,EUR,2025-12-09,,0.00
3825,1,current,EUR,2024-08-05,,250.00
3826,23,savings,USD,2024-07-18,,0.00
3827,2,savings,USD,2025-06-13,2026-04-14,0.00
3828,335,savings,GBP,2025-04-29,,0.00
3829,3,loan,GBP,2025-06-20,,0.00
3830,4,current,USD,2025-04-24,,250.00
3831,1,savings,GBP,2025-11-25,,0.00
3832,312,savings,EUR,2025-03-27,,0.00
3833,3139,credit_card,GBP,2024-07-17,,0.00
3834,3,current,USD,2024-01-09,,2000.00
3835,4,current,GBP,2024-08-30,,500.00
3836,1,credit_card,GBP,2024-05-26,2024-09-10,0.00
3837,13,current,USD,2025-02-10,,2000.00
3838,14,credit_card,GBP,2025-09-25,,0.00
3839,3,credit_card,GBP,2025-10-09,,0.00
3840,96,savings,GBP,2025-12-31,,0.00
3841,20,current,GBP,2025-10-30,,0.00
3842,28,savings,USD,2024-04-07,,0.00
3843,2,current,GBP,2025-11-08,,500.00
3844,917,savings,EUR,2025-02-19,,0.00
3845,1,current,GBP,2025-08-14,,250.00
3846,2,current,GBP,2025-07-09,,500.00
3847,4532,savings,GBP,2025-03-24,2026-08-02,0.00
3848,33,current,GBP,2025-03-12,,2000.00
3849,3,current,GBP,2025-11-26,,0.00
3850,8,savings,EUR,2025-08-01,,0.00
3851,4,savings,USD,2025-04-26,,0.00
3852,1951,savings,GBP,2024-12-15,,0.00
3853,2,credit_card,EUR,2024-09-05,,0.00
3854,14,savings,GBP,2024-09-07,,0.00
3855,7,current,USD,2025-07-13,,500.00
3856,6069,current,USD,2024-11-11,,1000.00
3857,2,credit_card,GBP,2025-05-11,,0.00
3858,8441,current,USD,2025-05-15,,1000.00
3859,2,current,EUR,2025-04-16,2026-06-03,1000.00
3860,1,current,EUR,2025-01-04,,0.00
3861,1,current,GBP,2024-12-07,2025-04-22,0.00
3862,342,savings,USD,2025-06-25,,0.00
3863,13,savings,GBP,2025-10-11,,0.00
3864,77,savings,GBP,2025-06-23,,0.00
3865,2954,savings,USD,2025-09-09,,0.00
3866,5,current,GBP,2025-02-20,2025-04-22,0.00
3867,200,current,GBP,2024-04-24,,0.00
3868,7,credit_card,USD,2024-01-21,,0.00
3869,10,current,EUR,2024-10-04,,250.00
3870,2735,savings,GBP,2024-06-27,,0.00
3871,11,current,USD,2024-08-21,,500.00
3872,4,savings,USD,2025-05-17,,0.00
3873,3572,current,USD,2025-07-17,,1000.00
3874,53,current,USD,2024-04-17,,0.00
3875,893,credit_card,USD,2024-03-15,2024-07-23,0.00
3876,250,current,GBP,2024-07-13,,250.00
3877,2,credit_card,EUR,2025-06-28,,0.00
3878,17,savings,GBP,2025-11-27,,0.00
3879,2512,savings,GBP,2025-04-25,,0.00
3880,143,current,EUR,2025-11-30,,0.00
3881,4061,current,GBP,2025-04-04,,1000.00
3882,118,credit_card,GBP,2025-02-12,,0.00
3883,1772,current,USD,2025-04-07,,1000.00
3884,1,credit_card,EUR,2025-11-06,,0.00
3885,42,current,USD,2024-11-22,,1000.00
3886,144,current,GBP,2025-03-03,,2000.00
3887,359,current,GBP,2024-08-09,,1000.00
3888,2507,current,USD,2024-12-08,,500.00
3889,3,savings,GBP,2025-03-11,,0.00
3890,295,savings,USD,2024-10-22,,0.00
3891,4,savings,GBP,2024-05-22,,0.00
3892,1,loan,GBP,2025-12-20,,0.00
3893,430,current,GBP,2025-05-07,,500.00
3894,2,current,GBP,2024-03-14,,2000.00
3895,69,loan,GBP,2025-09-22,,0.00
3896,1,loan,GBP,2025-08-23,,0.00
3897,1,current,GBP,2025-07-10,2026-06-26,1000.00
3898,10,current,GBP,2025-12-12,,2000.00
3899,21,savings,USD,2025-01-27,,0.00
3900,70,current,EUR,2024-10-17,,1000.00
3901,3,savings,USD,2025-03-11,,0.00
3902,820,current,GBP,2024-07-16,,2000.00
3903,3997,loan,GBP,2025-01-11,2025-03-09,0.00
3904,1,current,GBP,2024-12-21,,0.00
3905,4023,credit_card,GBP,2024-11-03,,0.00
3906,724,current,USD,2024-06-09,,0.00
3907,1,credit_card,GBP,2025-07-25,,0.00
3908,4,current,GBP,2025-01-23,,250.00
3909,1063,savings,GBP,2024-02-06,,0.00
3910,9,savings,USD,2025-10-18,,0.00
3911,8,savings,GBP,2024-04-24,,0.00
3912,1341,savings,EUR,2024-01-22,,0.00
3913,2,current,GBP,2024-05-04,,1000.00
3914,36,savings,GBP,2025-08-16,,0.00
3915,6,credit_card,EUR,2025-06-18,,0.00
3916,59,current,GBP,2025-04-26,,0.00
3917,3,current,GBP,2025-06-25,,0.00
3918,29,loan,USD,2024-01-25,,0.00
3919,2502,current,GBP,2024-12-24,,0.00
3920,1,savings,GBP,2025-11-23,,0.00
3921,1,credit_card,EUR,2024-03-02,,0.00
3922,15,savings,EUR,2025-09-27,,0.00
3923,1,current,GBP,2024-07-14,,0.00
3924,1066,current,USD,2024-08-17,,250.00
3925,5,current,GBP,2025-07-02,,1000.00
3926,2,savings,GBP,2024-04-08,,0.00
3927,160,current,USD,2025-11-10,,250.00
3928,5689,current,GBP,2024-03-25,,2000.00
3929,1561,credit_card,GBP,2025-05-30,,0.00
3930,648,current,USD,2024-06-27,,500.00
3931,755,credit_card,GBP,2024-11-03,,0.00
3932,3314,credit_card,GBP,2025-05-16,,0.00
3933,1,current,GBP,2024-12-03,,500.00
3934,116,savings,EUR,2024-06-25,,0.00
3935,45,savings,GBP,2024-04-15,,0.00
3936,248,current,GBP,2024-07-03,,0.00
3937,24,savings,GBP,2025-12-15,,0.00
3938,6387,current,GBP,2024-05-26,2024-12-12,2000.00
3939,4,current,GBP,2024-05-22,,2000.00
3940,3,savings,EUR,2025-04-28,,0.00
3941,60,savings,EUR,2024-07-01,,0.00
3942,3,savings,USD,2024-07-14,,0.00
3943,264,current,GBP,2025-09-28,,250.00
3944,52,current,EUR,2025-04-29,,1000.00
3945,88,current,GBP,2024-09-29,,500.00
3946,190,current,USD,2024-06-26,,500.00
3947,6,credit_card,GBP,2024-08-25,,0.00
3948,116,current,USD,2024-07-25,,1000.00
3949,102,loan,GBP,2024-08-11,,0.00
3950,27,credit_card,GBP,2025-05-12,,0.00
3951,78,savings,GBP,2025-08-19,,0.00
3952,177,credit_card,GBP,2025-05-16,,0.00
3953,13,savings,GBP,2025-09-10,,0.00
3954,1,current,USD,2025-11-22,,500.00
3955,13,current,GBP,2024-12-16,,0.00
3956,1131,savings,EUR,2024-04-07,,0.00
3957,5707,credit_card,GBP,2025-10-30,,0.00
3958,8,savings,EUR,2025-11-26,,0.00
3959,570,savings,EUR,2025-10-08,,0.00
3960,66,credit_card,GBP,2025-06-20,,0.00
3961,17,savings,USD,2025-04-17,,0.00
3962,17,loan,GBP,2024-04-07,,0.00
3963,452,current,EUR,2025-06-09,,2000.00
3964,9,current,USD,2024-11-10,,250.00
3965,1,current,USD,2025-10-02,,0.00
3966,65,savings,GBP,2024-07-16,,0.00
3967,1008,current,GBP,2025-07-04,,500.00
3968,1852,current,GBP,2024-05-29,,2000.00
3969,378,savings,USD,2025-04-24,,0.00
3970,3,current,USD,2025-01-06,2025-07-16,0.00
3971,4,current,USD,2025-08-17,,250.00
3972,2,current,GBP,2025-01-15,,500.00
3973,1,current,GBP,2025-11-29,,250.00
3974,1,current,GBP,2025-07-07,2026-10-15,1000.00
3975,1761,current,GBP,2024-09-14,,0.00
3976,1,current,GBP,2024-01-12,,2000.00
3977,8,current,GBP,2024-07-24,,0.00
3978,117,current,GBP,2024-12-04,,250.00
3979,13,current,GBP,2024-03-07,,2000.00
3980,1,savings,GBP,2024-04-17,,0.00
3981,6792,current,EUR,2025-04-20,,250.00
3982,1162,savings,GBP,2025-11-23,,0.00
3983,4206,savings,GBP,2025-06-22,,0.00
3984,3654,savings,USD,2024-04-20,,0.00
3985,28,current,GBP,2024-11-08,2025-03-04,500.00
3986,95,current,USD,2024-02-11,,0.00
3987,14,savings,GBP,2025-02-07,,0.00
3988,4,savings,EUR,2024-01-18,,0.00
3989,303,current,GBP,2025-03-02,,2000.00
3990,1,current,GBP,2024-01-21,,1000.00
3991,5,savings,GBP,2025-11-06,,0.00
3992,245,current,USD,2025-03-10,,500.00
3993,84,current,GBP,2025-11-27,,250.00
3994,26,savings,GBP,2025-12-07,,0.00
3995,1,current,GBP,2024-12-16,2025-02-11,500.00
3996,1895,current,GBP,2025-09-14,,0.00
3997,344,savings,EUR,2025-08-04,,0.00
3998,906,credit_card,GBP,2025-10-18,,0.00
3999,8657,current,GBP,2025-03-09,,500.00
4000,8,current,USD,2024-12-25,,0.00
4001,89,savings,GBP,2024-12-21,,0.00
4002,99,credit_card,GBP,2024-11-22,,0.00
4003,12,current,GBP,2025-08-23,,2000.00
4004,119,savings,GBP,2025-01-28,,0.00
4005,16,current,GBP,2025-05-22,,0.00
4006,173,savings,USD,2024-12-20,,0.00
4007,89,current,GBP,2024-05-21,,250.00
4008,3912,loan,GBP,2024-03-15,,0.00
4009,28,current,EUR,2024-12-04,,0.00
4010,1,savings,GBP,2024-12-17,,0.00
4011,17,current,EUR,2025-11-10,,2000.00
4012,4,savings,GBP,2025-06-14,,0.00
4013,67,credit_card,GBP,2024-10-30,,0.00
4014,6,current,USD,2024-11-21,,0.00
4015,97,savings,GBP,2025-12-16,,0.00
4016,4,current,GBP,2025-03-06,,1000.00
4017,1,credit_card,GBP,2025-01-20,,0.00
4018,56,credit_card,GBP,2025-10-10,,0.00
4019,1,credit_card,GBP,2025-01-06,,0.00
4020,3,current,GBP,2025-09-12,,250.00
4021,1,loan,USD,2024-06-21,,0.00
4022,312,current,GBP,2025-03-17,2025-09-08,0.00
4023,1,loan,GBP,2024-07-09,,0.00
4024,1,credit_card,EUR,2025-12-19,,0.00
4025,2,savings,GBP,2025-08-16,,0.00
4026,1,savings,GBP,2024-05-25,,0.00
4027,114,savings,USD,2025-12-22,,0.00
4028,298,loan,GBP,2024-07-22,,0.00
4029,8930,current,GBP,2024-08-28,,500.00
4030,127,current,EUR,2024-04-09,,250.00
4031,234,savings,EUR,2025-01-20,,0.00
4032,4,current,GBP,2025-07-24,,1000.00
4033,9,credit_card,EUR,2024-04-12,,0.00
4034,9,loan,EUR,2024-03-31,2024-11-25,0.00
4035,17,savings,GBP,2025-04-20,,0.00
4036,4,savings,EUR,2024-12-14,,0.00
4037,12,current,GBP,2025-09-05,,2000.00
4038,2522,loan,GBP,2024-04-07,,0.00
4039,11,credit_card,GBP,2025-10-18,,0.00
4040,2,current,GBP,2025-09-25,,250.00
4041,66,current,GBP,2025-04-22,,250.00
4042,95,loan,GBP,2025-05-02,2026-03-28,0.00
4043,3948,current,GBP,2025-05-26,,0.00
4044,5,savings,USD,2025-02-23,,0.00
4045,723,current,GBP,2024-11-13,,250.00
4046,157,current,EUR,2024-01-23,,250.00
4047,355,loan,GBP,2024-12-02,,0.00
4048,17,savings,GBP,2024-01-01,,0.00
4049,4,savings,GBP,2025-04-26,,0.00
4050,53,current,USD,2024-12-31,,0.00
4051,2,current,EUR,2025-03-31,,250.00
4052,1,current,GBP,2025-02-09,,250.00
4053,1,credit_card,GBP,2025-11-13,,0.00
4054,5,savings,GBP,2025-12-26,,0.00
4055,777,savings,GBP,2025-03-18,,0.00
4056,3,current,GBP,2025-10-31,,500.00
4057,8,savings,EUR,2024-10-27,,0.00
4058,5,current,GBP,2024-12-14,,1000.00
4059,1,current,GBP,2025-12-12,2026-07-13,2000.00
4060,946,credit_card,GBP,2025-07-07,,0.00
4061,255,current,USD,2024-09-06,,0.00
4062,1,savings,GBP,2024-05-22,,0.00
4063,3,credit_card,GBP,2024-08-12,,0.00
4064,13,current,GBP,2024-04-08,,500.00
4065,5760,savings,GBP,2024-09-08,,0.00
4066,493,current,USD,2025-07-01,,250.00
4067,1,current,USD,2025-04-16,,2000.00
4068,2,current,GBP,2025-06-02,,1000.00
4069,14,credit_card,GBP,2025-03-08,,0.00
4070,546,current,GBP,2024-12-08,,0.00
4071,222,current,GBP,2025-04-13,,1000.00
4072,5,current,GBP,2024-11-23,,1000.00
4073,27,loan,GBP,2024-06-29,,0.00
4074,1,savings,GBP,2025-11-27,,0.00
4075,149,credit_card,EUR,2025-11-22,,0.00
4076,5,current,USD,2025-04-23,,500.00
4077,1,savings,GBP,2024-02-11,,0.00
4078,1,current,EUR,2024-08-14,,2000.00
4079,2,current,GBP,2024-12-07,2025-10-04,250.00
4080,3093,credit_card,GBP,2024-12-28,,0.00
4081,8496,current,GBP,2025-12-07,2026-09-25,2000.00
4082,2850,loan,EUR,2025-04-04,,0.00
4083,2,current,GBP,2024-01-03,,500.00
4084,58,credit_card,GBP,2025-11-15,,0.00
4085,2,savings,EUR,2025-07-22,,0.00
4086,1,current,GBP,2025-01-21,,1000.00
4087,126,current,USD,2025-11-20,,500.00
4088,392,credit_card,GBP,2025-07-31,,0.00
4089,43,current,GBP,2024-04-27,,500.00
4090,973,savings,GBP,2025-11-05,,0.00
4091,1783,credit_card,GBP,2024-11-16,,0.00
4092,5,savings,GBP,2025-08-08,,0.00
4093,207,loan,EUR,2024-03-04,,0.00
4094,2,savings,USD,2024-12-28,,0.00
4095,54,savings,EUR,2024-02-07,2024-05-20,0.00
4096,2,savings,GBP,2025-04-14,,0.00
4097,2,current,EUR,2024-07-23,,1000.00
4098,833,current,GBP,2025-02-03,,1000.00
4099,40,credit_card,USD,2025-04-12,,0.00
4100,566,current,GBP,2024-12-01,,1000.00
4101,108,credit_card,EUR,2025-01-11,,0.00
4102,432,current,GBP,2025-04-27,,0.00
4103,26,savings,GBP,2025-07-12,,0.00
4104,1,credit_card,EUR,2025-07-23,,0.00
4105,1,savings,GBP,2024-03-02,,0.00
4106,1,current,GBP,2024-01-07,,1000.00
4107,1,current,GBP,2024-10-14,,250.00
4108,232,current,GBP,2024-08-09,,2000.00
4109,2322,savings,GBP,2025-09-26,,0.00
4110,35,credit_card,GBP,2024-11-20,,0.00
4111,942,credit_card,GBP,2024-12-25,,0.00
4112,2218,savings,GBP,2025-01-19,,0.00
4113,197,savings,GBP,2025-04-14,2025-08-17,0.00
4114,2,credit_card,GBP,2025-10-08,,0.00
4115,1,current,GBP,2024-09-19,,0.00
4116,3821,current,USD,2024-08-09,,2000.00
4117,123,current,GBP,2025-09-30,,1000.00
4118,4,credit_card,GBP,2025-12-17,,0.00
4119,3,current,GBP,2025-05-19,,250.00
4120,1663,current,GBP,2025-09-04,,250.00
4121,39,current,GBP,2025-09-20,,2000.00
4122,953,savings,GBP,2024-09-21,,0.00
4123,25,savings,GBP,2025-07-07,,0.00
4124,1,current,GBP,2024-09-18,,250.00
4125,3,loan,EUR,2024-03-06,,0.00
4126,2,savings,GBP,2024-01-08,,0.00
4127,9,current,GBP,2025-12-21,,500.00
4128,17,current,GBP,2024-06-23,,2000.00
4129,420,savings,GBP,2025-05-17,,0.00
4130,188,savings,GBP,2025-03-24,,0.00
4131,59,current,GBP,2025-11-19,,500.00
4132,9,savings,GBP,2024-10-21,,0.00
4133,1,credit_card,GBP,2025-08-20,,0.00
4134,6,savings,USD,2025-05-28,,0.00
4135,3,loan,USD,2025-07-25,,0.00
4136,2976,current,GBP,2025-08-29,,0.00
4137,2260,savings,USD,2025-11-21,,0.00
4138,183,current,USD,2024-05-08,,250.00
4139,5,savings,EUR,2025-05-12,,0.00
4140,2,credit_card,GBP,2024-04-21,,0.00
4141,86,current,USD,2024-01-05,,250.00
4142,1,savings,USD,2024-09-28,,0.00
4143,12,current,USD,2024-10-05,,500.00
4144,2,current,GBP,2025-11-01,2027-02-03,500.00
4145,1,credit_card,USD,2024-08-04,,0.00
4146,3081,current,GBP,2025-10-11,,2000.00
4147,9,current,GBP,2024-04-28,,1000.00
4148,87,current,EUR,2025-09-05,,2000.00
4149,1,loan,USD,2025-11-29,2027-01-29,0.00
4150,1,savings,GBP,2024-05-30,,0.00
4151,9,current,GBP,2024-01-18,2024-12-06,500.00
4152,2830,current,GBP,2025-03-22,,2000.00
4153,2,current,GBP,2024-11-01,,500.00
4154,117,current,USD,2025-08-02,,1000.00
4155,8131,current,GBP,2024-10-27,,0.00
4156,5503,savings,GBP,2025-01-12,,0.00
4157,6609,savings,GBP,2024-03-28,,0.00
4158,5,current,EUR,2025-08-12,,500.00
4159,98,current,USD,2024-03-24,,0.00
4160,1,savings,USD,2025-11-23,,0.00
4161,7280,savings,EUR,2025-01-28,,0.00
4162,68,current,EUR,2025-08-26,,1000.00
4163,11,savings,GBP,2024-12-14,,0.00
4164,2733,current,GBP,2025-01-23,,2000.00
4165,129,current,GBP,2024-06-28,,2000.00
4166,86,savings,GBP,2025-07-27,,0.00
4167,230,current,GBP,2024-03-15,,2000.00
4168,26,current,USD,2025-09-08,,250.00
4169,625,credit_card,GBP,2025-03-14,,0.00
4170,614,savings,GBP,2025-03-14,,0.00
4171,3,current,GBP,2024-09-22,,250.00
4172,1,current,USD,2025-09-28,,500.00
4173,719,current,GBP,2025-04-02,,0.00
4174,53,credit_card,USD,2024-08-29,,0.00
4175,6489,loan,GBP,2025-09-24,,0.00
4176,135,credit_card,GBP,2025-12-18,,0.00
4177,1,savings,GBP,2024-06-24,,0.00
4178,667,credit_card,USD,2025-03-05,,0.00
4179,985,current,USD,2024-05-04,2025-02-07,1000.00
4180,2,current,EUR,2024-08-22,,0.00
4181,637,savings,GBP,2025-06-18,,0.00
4182,15,savings,GBP,2024-11-16,,0.00
4183,719,savings,GBP,2024-12-16,,0.00
4184,1,savings,GBP,2024-02-15,,0.00
4185,34,current,GBP,2024-08-28,,2000.00
4186,1,loan,USD,2024-06-12,,0.00
4187,919,current,GBP,2025-03-29,,250.00
4188,5,current,GBP,2024-07-23,,250.00
4189,3410,current,USD,2025-01-26,,1000.00
4190,255,current,GBP,2025-08-12,2026-08-05,500.00
4191,8164,credit_card,GBP,2025-05-25,,0.00
4192,2,loan,GBP,2025-09-12,,0.00
4193,21,savings,GBP,2024-07-02,,0.00
4194,21,savings,USD,2024-10-12,,0.00
4195,15,savings,USD,2024-03-08,,0.00
4196,3,savings,GBP,2024-11-22,,0.00
4197,446,credit_card,GBP,2025-11-16,,0.00
4198,729,current,USD,2025-11-28,,250.00
4199,2,current,USD,2025-04-06,,0.00
4200,28,loan,EUR,2025-12-04,,0.00
4201,2886,loan,GBP,2025-07-24,,0.00
4202,144,credit_card,GBP,2025-12-06,,0.00
4203,9,current,GBP,2025-05-05,,0.00
4204,2,savings,GBP,2025-04-12,,0.00
4205,171,current,USD,2024-12-24,2026-05-07,1000.00
4206,26,savings,USD,2024-09-08,,0.00
4207,63,current,EUR,2025-07-21,,2000.00
4208,1116,credit_card,GBP,2025-08-29,,0.00
4209,30,current,GBP,2024-07-11,,0.00
4210,76,savings,USD,2025-09-29,,0.00
4211,3003,current,GBP,2025-05-04,,2000.00
4212,3260,current,GBP,2025-03-18,,500.00
4213,1,loan,GBP,2025-10-28,,0.00
4214,334,current,GBP,2025-07-29,,1000.00
4215,95,credit_card,GBP,2025-06-14,,0.00
4216,358,current,GBP,2024-07-03,,1000.00
4217,3982,current,USD,2025-04-29,,1000.00
4218,5,savings,USD,2025-12-19,,0.00
4219,1,current,GBP,2024-06-19,,500.00
4220,453,loan,GBP,2024-03-14,,0.00
4221,3,current,GBP,2024-02-22,,0.00
4222,104,current,GBP,2024-04-24,,500.00
4223,8,current,USD,2024-07-10,,0.00
4224,47,loan,GBP,2024-02-05,,0.00
4225,2,current,USD,2025-08-28,,250.00
4226,6363,current,GBP,2024-03-31,,0.00
4227,8,current,GBP,2025-11-01,,1000.00
4228,1295,savings,GBP,2024-03-09,,0.00
4229,626,current,GBP,2024-06-03,,2000.00
4230,2545,current,GBP,2025-01-30,,0.00
4231,48,savings,GBP,2025-05-11,,0.00
4232,8,credit_card,GBP,2024-03-27,,0.00
4233,1941,credit_card,USD,2025-02-11,,0.00
4234,2,current,USD,2025-12-31,,500.00
4235,1,credit_card,GBP,2024-02-25,,0.00
4236,2,current,USD,2025-12-19,,250.00
4237,652,current,GBP,2025-12-15,,500.00
4238,32,current,USD,2025-12-06,,1000.00
4239,23,savings,GBP,2024-01-21,,0.00
4240,27,current,GBP,2024-07-08,2024-11-25,1000.00
4241,773,savings,EUR,2025-12-01,,0.00
4242,136,current,GBP,2025-11-04,,1000.00
4243,32,savings,GBP,2025-08-19,2025-09-20,0.00
4244,812,credit_card,GBP,2024-09-29,,0.00
4245,4561,current,GBP,2025-11-24,,1000.00
4246,938,current,GBP,2024-07-10,,2000.00
4247,7,current,GBP,2024-02-28,,2000.00
4248,127,current,GBP,2024-06-09,,250.00
4249,97,current,USD,2025-10-24,,2000.00
4250,1068,current,GBP,2025-06-03,,500.00
4251,1,current,EUR,2024-09-12,,500.00
4252,1,current,GBP,2024-02-02,,0.00
4253,134,current,GBP,2024-11-08,,250.00
4254,959,current,GBP,2025-04-18,2026-01-12,2000.00
4255,250,current,USD,2024-10-14,,500.00
4256,3,savings,GBP,2024-01-22,,0.00
4257,1414,current,GBP,2025-12-21,,1000.00
4258,2,current,GBP,2025-12-19,,500.00
4259,9,credit_card,USD,2024-07-25,,0.00
4260,338,current,USD,2025-09-20,,500.00
4261,1816,credit_card,GBP,2024-02-21,,0.00
4262,82,current,GBP,2024-11-11,,250.00
4263,2,current,EUR,2025-08-11,,0.00
4264,3898,current,GBP,2024-12-01,,1000.00
4265,106,savings,USD,2025-06-05,2026-01-18,0.00
4266,398,savings,USD,2024-10-26,,0.00
4267,5,savings,GBP,2024-06-02,,0.00
4268,2,current,GBP,2024-02-02,,0.00
4269,2,loan,GBP,2025-06-01,,0.00
4270,50,current,USD,2025-07-24,,2000.00
4271,45,savings,USD,2024-08-11,,0.00
4272,4,current,GBP,2025-07-21,,1000.00
4273,46,current,USD,2024-06-06,,0.00
4274,34,savings,USD,2025-09-10,,0.00
4275,141,current,USD,2025-12-04,2026-12-13,1000.00
4276,126,current,USD,2024-05-23,,2000.00
4277,2,current,GBP,2025-07-29,,0.00
4278,22,savings,GBP,2025-01-19,,0.00
4279,4214,current,GBP,2025-02-15,,250.00
4280,129,current,GBP,2025-12-30,,0.00
4281,6,current,GBP,2025-03-13,,1000.00
4282,4624,savings,EUR,2025-05-14,,0.00
4283,3312,current,EUR,2024-08-03,,0.00
4284,1,current,USD,2024-11-08,,0.00
4285,113,savings,USD,2024-05-22,,0.00
4286,4158,loan,EUR,2024-12-17,,0.00
4287,2,loan,GBP,2024-12-10,,0.00
4288,46,savings,USD,2024-05-07,,0.00
4289,34,current,EUR,2025-11-09,,1000.00
4290,3,current,GBP,2025-08-05,,500.00
4291,3,savings,GBP,2025-10-29,,0.00
4292,176,current,USD,2024-12-18,2025-12-30,500.00
4293,1,credit_card,USD,2025-09-28,,0.00
4294,7,current,GBP,2024-02-16,,0.00
4295,247,savings,EUR,2024-10-26,,0.00
4296,1,current,GBP,2024-10-02,,1000.00
4297,10,current,EUR,2025-06-26,,250.00
4298,814,credit_card,GBP,2025-10-06,2025-11-16,0.00
4299,1219,current,GBP,2024-05-17,,250.00
4300,8348,current,USD,2024-06-28,,1000.00
4301,3630,current,GBP,2024-09-20,,500.00
4302,1,credit_card,USD,2025-10-16,,0.00
4303,11,current,USD,2024-09-05,,0.00
4304,3,current,GBP,2024-10-30,,1000.00
4305,109,current,USD,2024-06-19,,0.00
4306,530,current,GBP,2025-04-27,,2000.00
4307,15,savings,GBP,2025-11-19,,0.00
4308,205,credit_card,EUR,2024-07-27,2025-11-21,0.00
4309,1,credit_card,GBP,2024-04-29,,0.00
4310,1,credit_card,EUR,2024-11-28,,0.00
4311,1,current,GBP,2025-07-19,,1000.00
4312,8,current,GBP,2024-05-25,,2000.00
4313,1109,savings,GBP,2025-12-09,,0.00
4314,20,current,GBP,2024-07-07,,0.00
4315,3629,savings,GBP,2024-08-16,,0.00
4316,10,current,GBP,2024-10-14,,500.00
4317,2,savings,GBP,2025-03-18,,0.00
4318,1898,savings,EUR,2024-12-02,,0.00
4319,26,loan,GBP,2025-03-20,,0.00
4320,19,savings,EUR,2024-06-16,,0.00
4321,50,current,GBP,2024-02-07,,250.00
4322,266,current,USD,2024-03-07,,250.00
4323,6,current,GBP,2025-02-18,,1000.00
4324,1118,credit_card,USD,2025-10-02,,0.00
4325,409,current,GBP,2025-11-04,,2000.00
4326,202,current,GBP,2025-10-30,,500.00
4327,1,savings,GBP,2025-07-23,,0.00
4328,1,savings,GBP,2025-07-21,,0.00
4329,73,savings,USD,2025-05-03,,0.00
4330,884,current,EUR,2025-10-28,,0.00
4331,1,current,EUR,2025-08-05,2025-11-11,250.00
4332,7,credit_card,EUR,2025-07-11,,0.00
4333,2654,current,USD,2024-12-12,2025-11-05,2000.00
4334,4,savings,GBP,2024-01-14,,0.00
4335,1,current,GBP,2025-12-05,,250.00
4336,12,savings,EUR,2024-06-21,2025-03-03,0.00
4337,421,current,GBP,2025-06-05,,250.00
4338,85,credit_card,EUR,2025-05-23,,0.00
4339,1235,savings,GBP,2025-09-29,,0.00
4340,25,savings,EUR,2024-11-29,,0.00
4341,10,credit_card,GBP,2025-02-26,,0.00
4342,24,savings,GBP,2024-02-06,,0.00
4343,1,savings,USD,2024-04-16,,0.00
4344,404,savings,GBP,2025-04-15,,0.00
4345,38,loan,GBP,2024-07-30,,0.00
4346,8,credit_card,GBP,2025-12-11,,0.00
4347,3,savings,GBP,2024-03-25,2024-10-21,0.00
4348,3,credit_card,EUR,2025-04-22,,0.00
4349,211,credit_card,EUR,2025-10-25,,0.00
4350,2,loan,USD,2025-06-16,,0.00
4351,63,savings,EUR,2024-09-06,,0.00
4352,5,current,GBP,2025-01-15,,0.00
4353,3590,savings,USD,2024-02-07,,0.00
4354,337,current,GBP,2024-01-17,,500.00
4355,72,savings,USD,2025-10-24,,0.00
4356,34,savings,GBP,2025-10-13,,0.00
4357,157,savings,EUR,2025-07-25,,0.00
4358,387,current,EUR,2025-05-16,,2000.00
4359,1,credit_card,EUR,2024-06-26,,0.00
4360,2261,savings,GBP,2024-06-14,2025-02-12,0.00
4361,6,current,GBP,2024-05-18,,250.00
4362,6,savings,GBP,2025-08-08,,0.00
4363,1357,savings,GBP,2025-11-20,,0.00
4364,2400,current,GBP,2024-10-25,,500.00
4365,298,savings,EUR,2025-10-31,2026-12-01,0.00
4366,163,current,GBP,2025-04-12,,500.00
4367,2,savings,GBP,2025-12-20,,0.00
4368,4,current,GBP,2025-03-29,2025-11-06,250.00
4369,4,current,GBP,2025-07-03,,500.00
4370,4519,savings,USD,2024-08-27,,0.00
4371,772,current,EUR,2024-05-20,,0.00
4372,34,savings,USD,2024-04-18,,0.00
4373,801,current,GBP,2024-03-09,,500.00
4374,176,savings,GBP,2024-03-15,,0.00
4375,28,current,EUR,2024-07-04,2025-04-11,2000.00
4376,7328,current,GBP,2025-08-14,,500.00
4377,59,current,GBP,2025-04-27,,250.00
4378,2651,credit_card,GBP,2025-10-25,,0.00
4379,1,current,EUR,2025-11-29,,250.00
4380,8,current,EUR,2024-08-18,,500.00
4381,7,credit_card,USD,2025-04-24,,0.00
4382,4,savings,USD,2025-01-23,,0.00
4383,531,current,EUR,2025-12-20,,2000.00
4384,4,credit_card,EUR,2025-10-23,2026-06-19,0.00
4385,8,savings,USD,2025-10-31,,0.00
4386,282,current,EUR,2024-01-11,2025-04-05,0.00
4387,2,current,EUR,2024-12-18,,500.00
4388,2,savings,GBP,2024-09-12,,0.00
4389,420,current,GBP,2025-02-14,,250.00
4390,57,savings,USD,2025-01-13,,0.00
4391,8,current,EUR,2025-06-20,,500.00
4392,11,current,USD,2024-01-08,,250.00
4393,1466,savings,USD,2025-07-15,,0.00
4394,1,current,USD,2025-02-18,,0.00
4395,19,credit_card,GBP,2025-07-27,,0.00
4396,3156,current,GBP,2024-11-03,,0.00
4397,1,current,EUR,2024-03-23,,250.00
4398,191,savings,USD,2024-07-29,,0.00
4399,312,credit_card,GBP,2025-12-02,,0.00
4400,9,credit_card,GBP,2025-05-08,,0.00
4401,1,credit_card,GBP,2024-07-29,,0.00
4402,5,current,EUR,2024-04-17,,1000.00
4403,33,savings,USD,2024-11-29,,0.00
4404,1,savings,GBP,2024-08-07,,0.00
4405,2,savings,EUR,2024-12-29,,0.00
4406,1,current,EUR,2025-12-08,,500.00
4407,239,savings,GBP,2024-10-03,,0.00
4408,16,savings,GBP,2024-09-28,,0.00
4409,380,current,GBP,2025-08-01,,250.00
4410,5252,credit_card,USD,2024-09-06,,0.00
4411,2297,current,GBP,2025-06-03,,2000.00
4412,2,current,GBP,2025-02-21,,1000.00
4413,6,credit_card,GBP,2024-03-07,2024-12-02,0.00
4414,629,savings,EUR,2025-04-20,,0.00
4415,1712,current,GBP,2024-03-23,,250.00
4416,1,current,GBP,2025-07-30,,250.00
4417,445,credit_card,USD,2025-11-12,,0.00
4418,118,savings,GBP,2025-11-25,,0.00
4419,2,current,GBP,2025-04-05,,250.00
4420,1658,current,GBP,2024-09-26,,0.00
4421,10,savings,USD,2025-11-06,,0.00
4422,1,loan,USD,2025-08-19,,0.00
4423,1803,loan,GBP,2025-10-12,,0.00
4424,3823,savings,GBP,2024-05-06,,0.00
4425,4,savings,GBP,2024-08-13,,0.00
4426,1,current,GBP,2025-09-25,,250.00
4427,140,current,GBP,2025-01-30,2025-07-18,1000.00
4428,41,current,USD,2025-12-16,,500.00
4429,14,current,USD,2024-09-05,,250.00
4430,3205,current,GBP,2024-02-24,,250.00
4431,2,savings,GBP,2025-07-16,,0.00
4432,1,current,GBP,2024-11-15,,500.00
4433,2,savings,USD,2025-11-20,,0.00
4434,1,credit_card,GBP,2024-09-02,,0.00
4435,2,credit_card,GBP,2024-06-06,,0.00
4436,34,current,GBP,2024-12-26,2025-04-17,250.00
4437,48,savings,GBP,2024-03-14,,0.00
4438,1,savings,GBP,2025-12-07,2026-08-11,0.00
4439,49,savings,EUR,2024-02-17,,0.00
4440,1991,savings,USD,2024-12-14,,0.00
4441,12,credit_card,GBP,2025-07-18,,0.00
4442,3,loan,GBP,2024-07-24,,0.00
4443,1709,current,GBP,2024-04-03,,2000.00
4444,467,current,GBP,2024-02-15,,0.00
4445,3,credit_card,EUR,2024-02-08,,0.00
4446,31,current,GBP,2024-03-08,,500.00
4447,51,savings,GBP,2025-08-06,,0.00
4448,29,credit_card,EUR,2024-07-02,,0.00
4449,16,current,GBP,2025-11-16,,1000.00
4450,940,current,GBP,2025-05-21,,2000.00
4451,1,savings,GBP,2025-11-15,,0.00
4452,6,loan,USD,2025-06-11,,0.00
4453,38,credit_card,EUR,2025-01-21,,0.00
4454,21,loan,GBP,2025-12-09,,0.00
4455,1,current,GBP,2025-06-10,,2000.00
4456,11,loan,GBP,2024-01-23,,0.00
4457,11,current,GBP,2024-12-10,,2000.00
4458,131,credit_card,GBP,2024-11-17,,0.00
4459,48,current,GBP,2024-08-12,,250.00
4460,2,current,USD,2024-06-04,,2000.00
4461,1,current,GBP,2025-06-24,,500.00
4462,753,current,GBP,2024-05-16,,250.00
4463,1,current,GBP,2024-04-09,,250.00
4464,3,loan,EUR,2024-12-25,,0.00
4465,2231,savings,GBP,2025-08-16,2025-11-24,0.00
4466,4,current,GBP,2025-12-24,,0.00
4467,33,savings,GBP,2024-03-20,,0.00
4468,1,credit_card,GBP,2024-04-15,,0.00
4469,163,current,EUR,2024-07-24,,0.00
4470,3,credit_card,GBP,2024-09-30,,0.00
4471,3587,savings,USD,2025-09-06,,0.00
4472,2056,loan,USD,2024-10-02,2025-12-29,0.00
4473,1,credit_card,GBP,2024-11-23,,0.00
4474,1,current,GBP,2025-09-22,,1000.00
4475,854,current,GBP,2025-06-11,,0.00
4476,19,current,USD,2024-06-07,2024-08-31,0.00
4477,2,savings,EUR,2025-08-13,,0.00
4478,3864,current,GBP,2025-10-04,,0.00
4479,1,loan,GBP,2024-01-02,,0.00
4480,47,current,USD,2025-06-06,,0.00
4481,3,credit_card,GBP,2025-02-25,,0.00
4482,1,savings,GBP,2024-10-06,,0.00
4483,4488,current,GBP,2025-06-01,,500.00
4484,12,current,EUR,2025-11-27,,500.00
4485,2,savings,GBP,2025-04-28,,0.00
4486,1,loan,USD,2025-02-03,,0.00
4487,1,current,USD,2024-12-27,,0.00
4488,181,credit_card,GBP,2024-09-13,,0.00
4489,7,savings,GBP,2025-04-28,,0.00
4490,2,credit_card,GBP,2025-03-15,,0.00
4491,666,current,USD,2024-10-04,,500.00
4492,542,current,EUR,2025-10-01,,1000.00
4493,2140,current,USD,2024-10-06,,2000.00
4494,1,credit_card,GBP,2025-06-06,,0.00
4495,20,savings,GBP,2024-11-07,,0.00
4496,5,savings,USD,2024-03-31,,0.00
4497,1,savings,GBP,2025-02-03,,0.00
4498,4248,current,EUR,2024-10-05,2025-12-23,1000.00
4499,1,current,USD,2024-07-24,,250.00
4500,7,current,EUR,2025-03-30,,1000.00
4501,1130,credit_card,GBP,2025-09-08,2026-08-03,0.00
4502,2,current,GBP,2025-02-11,,250.00
4503,10,current,GBP,2025-05-04,,1000.00
4504,457,current,USD,2024-03-27,,1000.00
4505,18,loan,GBP,2025-10-18,,0.00
4506,530,savings,USD,2025-12-24,,0.00
4507,1478,current,GBP,2025-05-12,,1000.00
4508,3,current,USD,2025-04-01,,500.00
4509,6,savings,GBP,2024-06-14,2025-01-28,0.00
4510,1855,savings,USD,2025-05-01,,0.00
4511,1268,savings,GBP,2024-09-02,,0.00
4512,132,current,GBP,2025-09-25,,2000.00
4513,263,current,GBP,2024-05-08,,0.00
4514,1410,current,GBP,2025-03-10,,0.00
4515,6,credit_card,USD,2025-09-19,2027-01-17,0.00
4516,242,savings,GBP,2025-11-13,,0.00
4517,351,savings,GBP,2025-02-03,,0.00
4518,119,savings,USD,2025-03-27,,0.00
4519,26,savings,GBP,2024-11-12,,0.00
4520,97,current,USD,2024-07-05,,0.00
4521,316,savings,GBP,2025-07-16,,0.00
4522,1120,savings,GBP,2025-09-17,,0.00
4523,2,current,GBP,2024-11-18,,2000.00
4524,7533,savings,GBP,2025-03-20,2026-01-04,0.00
4525,322,current,GBP,2025-04-15,,1000.00
4526,1,savings,USD,2025-08-11,,0.00
4527,37,savings,EUR,2025-07-05,,0.00
4528,14,credit_card,GBP,2025-10-12,2026-02-11,0.00
4529,1,current,GBP,2025-03-01,,500.00
4530,193,savings,GBP,2024-10-30,,0.00
4531,1,current,GBP,2025-01-17,,0.00
4532,455,current,GBP,2024-08-19,,500.00
4533,1,loan,GBP,2024-05-21,,0.00
4534,1,savings,USD,2024-03-07,,0.00
4535,133,savings,USD,2024-10-30,,0.00
4536,220,current,GBP,2024-08-30,2025-08-19,500.00
4537,28,savings,GBP,2024-02-08,,0.00
4538,308,credit_card,GBP,2025-09-05,,0.00
4539,167,credit_card,GBP,2025-02-27,,0.00
4540,3200,credit_card,USD,2024-03-19,,0.00
4541,1,savings,GBP,2024-11-24,,0.00
4542,425,savings,GBP,2025-03-10,,0.00
4543,10,credit_card,USD,2025-09-06,,0.00
4544,74,current,GBP,2024-11-05,2025-02-21,1000.00
4545,2,current,GBP,2024-02-17,,2000.00
4546,20,current,GBP,2025-05-01,,0.00
4547,3,current,EUR,2025-11-21,,0.00
4548,3,current,USD,2024-11-14,,250.00
4549,61,savings,USD,2025-07-28,,0.00
4550,30,current,GBP,2024-10-15,,0.00
4551,6,savings,EUR,2024-12-07,,0.00
4552,58,credit_card,EUR,2025-05-04,,0.00
4553,15,savings,GBP,2024-04-12,,0.00
4554,1,credit_card,EUR,2025-09-25,,0.00
4555,34,credit_card,USD,2024-07-12,,0.00
4556,10,current,EUR,2025-10-04,,250.00
4557,13,savings,GBP,2024-02-23,,0.00
4558,28,current,GBP,2025-01-10,,250.00
4559,21,credit_card,GBP,2024-03-28,,0.00
4560,6068,credit_card,GBP,2025-07-27,,0.00
4561,7023,savings,GBP,2025-03-01,,0.00
4562,186,current,USD,2024-12-19,,250.00
4563,615,current,EUR,2025-05-31,,0.00
4564,1,loan,USD,2025-10-06,2026-06-03,0.00
4565,4,credit_card,GBP,2025-05-01,,0.00
4566,67,current,GBP,2025-12-18,,1000.00
4567,993,savings,GBP,2024-09-25,,0.00
4568,1236,current,GBP,2024-05-12,,1000.00
4569,670,current,GBP,2024-02-12,,500.00
4570,1,current,GBP,2025-11-24,,250.00
4571,16,current,GBP,2024-01-25,,500.00
4572,8,credit_card,GBP,2024-06-26,,0.00
4573,1045,current,USD,2024-12-03,,500.00
4574,3,credit_card,GBP,2024-09-18,,0.00
4575,13,current,GBP,2025-11-28,,2000.00
4576,1,current,GBP,2025-01-20,,250.00
4577,109,current,GBP,2025-08-21,,250.00
4578,676,current,GBP,2024-03-28,,1000.00
4579,35,savings,USD,2025-12-09,,0.00
4580,1,current,USD,2024-09-03,,2000.00
4581,225,savings,EUR,2024-10-19,,0.00
4582,1,savings,GBP,2025-11-28,,0.00
4583,2,credit_card,GBP,2024-06-25,,0.00
4584,3207,credit_card,GBP,2025-08-19,,0.00
4585,3,credit_card,GBP,2025-10-14,,0.00
4586,3317,current,EUR,2025-03-30,,250.00
4587,597,savings,EUR,2024-07-10,,0.00
4588,6,savings,GBP,2024-09-01,,0.00
4589,226,current,GBP,2025-09-17,,250.00
4590,1,savings,USD,2024-07-17,,0.00
4591,1,current,GBP,2024-02-23,2025-06-19,500.00
4592,41,current,USD,2025-12-18,,2000.00
4593,9,current,GBP,2025-01-18,2025-10-02,500.00
4594,474,savings,USD,2025-10-19,,0.00
4595,12,current,USD,2025-03-10,,250.00
4596,147,current,USD,2025-06-21,,500.00
4597,130,current,USD,2025-05-28,,2000.00
4598,1,current,GBP,2024-11-15,,0.00
4599,420,loan,GBP,2025-11-12,,0.00
4600,4614,savings,GBP,2025-01-30,,0.00
4601,334,savings,GBP,2025-05-27,,0.00
4602,86,current,USD,2025-08-23,,1000.00
4603,1423,credit_card,GBP,2024-08-28,,0.00
4604,6,current,GBP,2025-11-11,,250.00
4605,6822,current,GBP,2024-10-04,,0.00
4606,1,current,GBP,2024-04-20,,2000.00
4607,1,current,GBP,2025-06-27,,1000.00
4608,1007,savings,GBP,2025-05-18,,0.00
4609,79,current,GBP,2024-01-13,,500.00
4610,289,current,GBP,2025-01-02,,2000.00
4611,3,credit_card,EUR,2025-01-27,,0.00
4612,1,current,EUR,2024-10-14,,250.00
4613,4,current,USD,2025-04-30,,2000.00
4614,3,savings,EUR,2024-07-04,,0.00
4615,18,current,EUR,2024-12-30,,250.00
4616,5,savings,GBP,2025-11-30,,0.00
4617,268,current,GBP,2025-02-12,2026-05-26,250.00
4618,1,savings,USD,2024-07-27,,0.00
4619,107,savings,GBP,2025-01-03,,0.00
4620,2,credit_card,GBP,2024-09-16,,0.00
4621,51,savings,GBP,2024-02-28,,0.00
4622,194,current,GBP,2025-03-17,,500.00
4623,207,current,GBP,2025-02-04,,1000.00
4624,683,savings,GBP,2024-01-25,,0.00
4625,55,current,GBP,2025-09-12,2027-01-19,250.00
4626,145,credit_card,EUR,2024-12-10,,0.00
4627,35,current,GBP,2025-04-15,,2000.00
4628,6299,savings,GBP,2024-01-25,,0.00
4629,4,current,USD,2024-07-10,,250.00
4630,350,current,GBP,2024-02-08,,500.00
4631,3,current,GBP,2025-09-02,,1000.00
4632,2,current,GBP,2025-07-29,,250.00
4633,297,current,USD,2024-12-02,,2000.00
4634,4,current,GBP,2025-06-24,,2000.00
4635,19,current,EUR,2025-05-04,,250.00
4636,4,current,USD,2025-11-21,,2000.00
4637,47,current,GBP,2025-01-24,,0.00
4638,1588,current,EUR,2024-12-23,,2000.00
4639,489,savings,GBP,2025-03-08,,0.00
4640,1,current,USD,2025-10-28,,0.00
4641,79,savings,GBP,2024-04-12,,0.00
4642,867,savings,USD,2024-12-02,,0.00
4643,44,credit_card,GBP,2024-09-23,,0.00
4644,236,current,GBP,2024-07-31,,0.00
4645,12,current,EUR,2025-03-19,,2000.00
4646,3234,savings,EUR,2025-05-16,,0.00
4647,20,credit_card,USD,2024-09-03,,0.00
4648,11,credit_card,USD,2024-01-05,,0.00
4649,149,current,USD,2025-07-20,,500.00
4650,275,current,GBP,2025-12-07,,2000.00
4651,1,current,EUR,2024-01-30,,0.00
4652,1,loan,GBP,2025-12-08,,0.00
4653,13,savings,GBP,2025-12-18,,0.00
4654,20,savings,GBP,2024-06-01,,0.00
4655,5,current,GBP,2025-09-26,,500.00
4656,132,current,USD,2024-11-16,,500.00
4657,466,current,GBP,2025-12-22,,500.00
4658,18,savings,GBP,2025-10-29,2026-08-20,0.00
4659,28,loan,GBP,2024-12-28,,0.00
4660,70,current,USD,2025-01-18,,1000.00
4661,924,current,GBP,2024-12-28,,500.00
4662,1,current,USD,2024-02-26,,1000.00
4663,289,savings,USD,2024-03-29,,0.00
4664,6885,current,EUR,2025-11-23,,0.00
4665,3,current,EUR,2024-05-03,,500.00
4666,707,savings,USD,2025-08-21,,0.00
4667,5,savings,EUR,2024-05-19,2025-06-13,0.00
4668,26,savings,GBP,2024-03-09,,0.00
4669,1,current,GBP,2024-12-08,,1000.00
4670,1,current,GBP,2025-04-11,2026-02-03,2000.00
4671,1681,savings,GBP,2025-11-09,,0.00
4672,2,credit_card,EUR,2025-11-01,,0.00
4673,9,savings,GBP,2025-04-21,,0.00
4674,1,current,USD,2025-03-24,,500.00
4675,28,credit_card,GBP,2025-08-23,2026-07-04,0.00
4676,817,current,GBP,2024-12-18,,250.00
4677,2,savings,GBP,2024-01-31,,0.00
4678,1,current,USD,2024-08-12,,1000.00
4679,4099,current,GBP,2024-01-12,2025-05-10,1000.00
4680,36,current,EUR,2025-08-21,,500.00
4681,3,credit_card,GBP,2024-12-19,,0.00
4682,1087,current,GBP,2024-10-26,,1000.00
4683,17,current,GBP,2025-01-19,,1000.00
4684,4276,savings,GBP,2025-07-09,2026-11-15,0.00
4685,4,savings,GBP,2025-11-08,2026-07-15,0.00
4686,574,savings,GBP,2025-11-18,,0.00
4687,11,credit_card,USD,2025-07-13,2026-10-13,0.00
4688,1,loan,USD,2025-04-13,,0.00
4689,19,savings,GBP,2024-08-31,,0.00
4690,2803,current,GBP,2025-04-09,,2000.00
4691,17,savings,EUR,2025-09-02,,0.00
4692,25,credit_card,GBP,2024-08-10,,0.00
4693,2,current,GBP,2024-01-02,,500.00
4694,1,current,EUR,2024-07-02,,2000.00
4695,1,loan,GBP,2024-06-08,,0.00
4696,1,credit_card,GBP,2024-04-10,,0.00
4697,8,current,GBP,2025-11-14,,2000.00
4698,4840,credit_card,GBP,2025-02-07,,0.00
4699,712,current,GBP,2024-12-13,,2000.00
4700,5,current,USD,2024-11-08,,250.00
4701,1059,credit_card,GBP,2024-06-28,,0.00
4702,2,current,GBP,2025-08-14,,500.00
4703,6286,current,GBP,2025-07-03,,1000.00
4704,8,current,USD,2025-05-10,,1000.00
4705,4,current,GBP,2025-06-20,,500.00
4706,2,current,EUR,2024-11-24,,1000.00
4707,280,current,GBP,2025-07-18,,2000.00
4708,647,credit_card,GBP,2024-11-29,2025-08-08,0.00
4709,39,savings,GBP,2025-12-02,2027-04-06,0.00
4710,58,current,GBP,2024-04-03,,1000.00
4711,2783,credit_card,USD,2025-09-09,,0.00
4712,57,savings,GBP,2024-12-23,,0.00
4713,3792,savings,GBP,2024-08-26,,0.00
4714,4675,credit_card,GBP,2025-04-02,,0.00
4715,6,current,GBP,2024-08-25,,2000.00
4716,2,current,USD,2024-07-16,,250.00
4717,6114,current,GBP,2025-09-05,,1000.00
4718,7442,credit_card,GBP,2024-06-20,,0.00
4719,11,savings,EUR,2024-04-16,,0.00
4720,4,savings,GBP,2024-03-13,2025-02-12,0.00
4721,1,savings,GBP,2025-11-01,,0.00
4722,562,current,GBP,2025-02-16,,1000.00
4723,153,current,GBP,2024-07-12,,500.00
4724,14,current,USD,2024-03-31,,250.00
4725,143,savings,USD,2024-09-28,,0.00
4726,41,savings,GBP,2024-02-03,,0.00
4727,23,current,GBP,2025-07-08,,0.00
4728,40,savings,EUR,2024-10-16,,0.00
4729,4,credit_card,GBP,2025-06-17,2026-05-01,0.00
4730,1061,savings,GBP,2025-01-29,,0.00
4731,44,current,GBP,2024-02-07,,250.00
4732,138,current,GBP,2024-12-31,,250.00
4733,967,savings,EUR,2025-05-17,,0.00
4734,4953,current,GBP,2024-11-08,,250.00
4735,3,savings,EUR,2025-01-02,,0.00
4736,1,credit_card,USD,2025-11-19,,0.00
4737,1,credit_card,GBP,2025-08-09,,0.00
4738,5824,credit_card,GBP,2024-08-05,,0.00
4739,1156,current,EUR,2025-01-13,,250.00
4740,20,current,USD,2025-12-21,,250.00
4741,1,savings,USD,2025-03-21,,0.00
4742,4,credit_card,GBP,2025-08-23,,0.00
4743,151,credit_card,GBP,2025-04-30,,0.00
4744,1,credit_card,GBP,2024-11-08,,0.00
4745,45,current,GBP,2025-05-20,,500.00
4746,62,loan,GBP,2025-07-07,,0.00
4747,2,current,GBP,2025-07-06,,1000.00
4748,108,current,GBP,2024-06-30,,0.00
4749,2,loan,USD,2024-03-13,,0.00
4750,2,current,GBP,2024-05-31,,2000.00
4751,111,savings,GBP,2024-06-12,,0.00
4752,1,credit_card,GBP,2025-11-19,,0.00
4753,3532,current,USD,2024-05-04,,250.00
4754,11,savings,GBP,2024-10-24,,0.00
4755,604,current,GBP,2024-11-14,,2000.00
4756,3496,current,EUR,2024-02-17,,250.00
4757,6,savings,GBP,2025-12-01,,0.00
4758,16,credit_card,GBP,2024-03-10,,0.00
4759,61,current,GBP,2025-10-04,,1000.00
4760,171,current,GBP,2024-10-29,,500.00
4761,30,credit_card,GBP,2025-03-25,,0.00
4762,1,savings,GBP,2025-12-02,,0.00
4763,5,current,EUR,2025-06-11,,0.00
4764,10,savings,GBP,2025-11-14,,0.00
4765,6536,current,EUR,2024-04-10,,500.00
4766,9,savings,USD,2025-08-27,,0.00
4767,371,current,GBP,2025-08-26,,250.00
4768,1429,savings,GBP,2025-08-18,,0.00
4769,73,current,GBP,2024-03-30,,500.00
4770,77,current,EUR,2024-09-09,,1000.00
4771,2,current,GBP,2024-03-26,,2000.00
4772,36,current,GBP,2024-08-05,,1000.00
4773,15,savings,GBP,2024-12-30,2025-03-02,0.00
4774,125,current,EUR,2025-06-25,,0.00
4775,2,savings,GBP,2024-09-14,,0.00
4776,140,loan,GBP,2025-12-05,,0.00
4777,29,current,GBP,2025-07-30,,1000.00
4778,132,current,GBP,2024-03-10,,250.00
4779,341,current,EUR,2025-05-18,,500.00
4780,2319,credit_card,GBP,2025-01-28,,0.00
4781,53,current,GBP,2024-11-22,,1000.00
4782,2,credit_card,GBP,2025-05-14,2025-11-01,0.00
4783,1,savings,USD,2024-10-24,,0.00
4784,5959,current,GBP,2025-10-03,,500.00
4785,18,current,USD,2025-09-28,,1000.00
4786,6,credit_card,GBP,2024-06-11,,0.00
4787,5,current,USD,2025-04-08,,500.00
4788,2,current,GBP,2025-08-31,,0.00
4789,81,current,GBP,2024-06-07,,1000.00
4790,7,current,GBP,2025-02-26,,0.00
4791,1,savings,GBP,2025-08-08,,0.00
4792,7120,loan,GBP,2025-04-28,,0.00
4793,84,current,EUR,2025-10-24,2026-03-11,0.00
4794,2,current,USD,2025-07-08,,250.00
4795,789,current,GBP,2025-12-07,,0.00
4796,92,savings,GBP,2024-12-05,2026-03-14,0.00
4797,74,credit_card,GBP,2024-03-09,,0.00
4798,170,loan,EUR,2024-11-04,,0.00
4799,230,current,GBP,2024-01-11,,2000.00
4800,3970,savings,USD,2025-02-17,,0.00
4801,8630,current,USD,2024-03-09,,500.00
4802,1,savings,GBP,2025-01-06,,0.00
4803,6716,credit_card,GBP,2025-08-06,,0.00
4804,1,current,GBP,2025-10-06,,500.00
4805,6954,credit_card,GBP,2025-03-24,,0.00
4806,2,credit_card,GBP,2025-09-13,,0.00
4807,6,savings,GBP,2025-06-30,,0.00
4808,4,current,EUR,2025-08-08,,250.00
4809,149,savings,GBP,2024-05-24,2025-04-20,0.00
4810,4,savings,EUR,2025-04-21,,0.00
4811,18,credit_card,GBP,2024-08-20,,0.00
4812,381,current,GBP,2025-06-30,,0.00
4813,164,loan,GBP,2025-12-18,,0.00
4814,199,current,USD,2025-04-22,,0.00
4815,47,current,GBP,2024-02-10,,1000.00
4816,238,current,EUR,2024-03-24,,2000.00
4817,2,savings,GBP,2024-02-21,,0.00
4818,2,loan,GBP,2025-06-12,,0.00
4819,2,credit_card,GBP,2025-12-08,,0.00
4820,2257,current,GBP,2025-09-03,,1000.00
4821,617,current,GBP,2024-06-02,,1000.00
4822,30,current,USD,2025-11-01,,500.00
4823,77,current,GBP,2024-05-10,,2000.00
4824,2,current,GBP,2025-03-19,,1000.00
4825,23,credit_card,GBP,2025-05-27,,0.00
4826,3581,current,GBP,2025-03-18,,500.00
4827,4,credit_card,USD,2025-05-04,,0.00
4828,2647,current,GBP,2024-12-31,,0.00
4829,1,credit_card,USD,2025-08-07,,0.00
4830,356,credit_card,USD,2025-10-10,,0.00
4831,135,current,EUR,2024-10-27,,250.00
4832,4,savings,GBP,2025-01-03,,0.00
4833,760,credit_card,USD,2024-01-09,2025-03-06,0.00
4834,3,savings,GBP,2025-12-24,,0.00
4835,20,loan,GBP,2024-03-21,,0.00
4836,35,loan,GBP,2024-07-20,,0.00
4837,80,loan,USD,2025-01-28,,0.00
4838,179,savings,GBP,2025-04-15,,0.00
4839,319,loan,GBP,2025-11-03,,0.00
4840,26,credit_card,GBP,2024-11-01,2026-01-23,0.00
4841,239,savings,GBP,2025-08-03,2026-09-23,0.00
4842,6067,credit_card,EUR,2024-09-17,,0.00
4843,65,credit_card,GBP,2025-03-02,,0.00
4844,4,credit_card,GBP,2024-07-13,,0.00
4845,28,credit_card,USD,2024-06-26,2025-06-17,0.00
4846,91,savings,EUR,2024-08-10,,0.00
4847,439,savings,GBP,2025-02-09,,0.00
4848,37,savings,GBP,2025-11-13,,0.00
4849,6,current,GBP,2025-09-28,,500.00
4850,15,current,USD,2025-05-19,,500.00
4851,34,current,GBP,2025-09-26,,250.00
4852,10,current,GBP,2025-05-22,,250.00
4853,3735,current,GBP,2025-07-10,,500.00
4854,3483,savings,GBP,2024-10-09,,0.00
4855,9,loan,USD,2024-07-31,,0.00
4856,1,loan,USD,2025-06-12,,0.00
4857,12,savings,GBP,2024-01-25,,0.00
4858,10,current,EUR,2025-12-04,,0.00
4859,822,credit_card,GBP,2025-07-26,,0.00
4860,1,credit_card,USD,2024-11-15,,0.00
4861,66,credit_card,GBP,2025-01-10,2025-10-24,0.00
4862,9,current,GBP,2025-11-29,,2000.00
4863,115,credit_card,GBP,2025-05-21,,0.00
4864,3,current,EUR,2025-02-13,,500.00
4865,2,current,GBP,2025-05-04,,1000.00
4866,9,current,GBP,2025-08-28,,0.00
4867,9,current,GBP,2024-07-31,,250.00
4868,28,current,GBP,2024-02-26,,0.00
4869,1,savings,USD,2025-07-06,,0.00
4870,24,savings,GBP,2024-11-23,,0.00
4871,150,savings,USD,2025-11-18,,0.00
4872,5,current,GBP,2024-11-23,,0.00
4873,4187,current,GBP,2025-12-19,,250.00
4874,3,savings,USD,2024-02-13,2025-02-15,0.00
4875,319,savings,EUR,2025-11-10,2026-04-28,0.00
4876,1,savings,EUR,2025-05-10,,0.00
4877,2,savings,GBP,2025-10-13,2025-11-16,0.00
4878,76,savings,USD,2024-12-18,,0.00
4879,135,current,GBP,2024-09-04,2025-09-15,500.00
4880,6,current,GBP,2024-06-07,,250.00
4881,6,loan,GBP,2025-09-23,,0.00
4882,3,savings,GBP,2025-02-14,,0.00
4883,159,current,USD,2024-08-24,2024-09-29,1000.00
4884,74,current,GBP,2025-05-24,,1000.00
4885,6,current,EUR,2025-01-05,,2000.00
4886,33,current,GBP,2024-11-07,2025-07-06,2000.00
4887,2100,current,GBP,2024-09-20,,250.00
4888,2,current,EUR,2024-08-15,,0.00
4889,1,savings,GBP,2025-07-23,,0.00
4890,80,loan,GBP,2025-02-12,,0.00
4891,10,current,GBP,2024-09-04,,0.00
4892,1545,savings,USD,2025-03-10,,0.00
4893,3,savings,GBP,2025-01-24,,0.00
4894,2290,savings,GBP,2025-02-24,,0.00
4895,76,savings,GBP,2025-01-16,,0.00
4896,514,credit_card,GBP,2025-06-30,,0.00
4897,213,loan,GBP,2024-03-17,,0.00
4898,6,savings,GBP,2024-07-26,,0.00
4899,228,current,GBP,2025-01-07,,2000.00
4900,33,current,USD,2025-02-07,2026-04-04,1000.00
4901,4,credit_card,GBP,2024-03-19,,0.00
4902,85,savings,GBP,2024-08-10,,0.00
4903,1,current,USD,2024-07-20,2024-08-22,1000.00
4904,2973,current,GBP,2024-01-16,,0.00
4905,67,credit_card,GBP,2024-04-19,,0.00
4906,4421,current,USD,2024-06-14,2025-02-21,2000.00
4907,60,savings,EUR,2025-06-10,,0.00
4908,4787,credit_card,GBP,2024-10-08,,0.00
4909,1373,current,GBP,2024-07-14,,500.00
4910,2,loan,USD,2024-01-09,,0.00
4911,1,current,USD,2025-04-28,,1000.00
4912,1008,current,GBP,2025-10-04,,500.00
4913,1291,current,GBP,2025-05-23,2025-10-24,0.00
4914,6,credit_card,GBP,2025-08-21,,0.00
4915,2,current,USD,2025-02-25,,500.00
4916,25,current,EUR,2024-11-01,,2000.00
4917,120,loan,GBP,2024-02-11,,0.00
4918,2,savings,GBP,2025-04-15,,0.00
4919,1,current,GBP,2025-01-16,,250.00
4920,849,current,GBP,2025-07-04,,1000.00
4921,510,current,GBP,2025-07-23,,2000.00
4922,216,savings,USD,2025-10-27,,0.00
4923,8,current,EUR,2025-06-05,,500.00
4924,1,loan,EUR,2025-02-27,,0.00
4925,41,current,USD,2025-03-14,,500.00
4926,2,current,GBP,2025-06-10,,1000.00
4927,1,current,USD,2024-12-30,,2000.00
4928,330,current,GBP,2025-02-28,,250.00
4929,1,savings,USD,2025-09-29,,0.00
4930,18,current,GBP,2024-08-05,,250.00
4931,6,current,GBP,2025-08-03,,2000.00
4932,187,credit_card,USD,2025-06-12,,0.00
4933,4,loan,USD,2024-02-01,,0.00
4934,2,current,GBP,2025-02-28,2025-07-28,250.00
4935,86,current,USD,2024-04-12,,500.00
4936,415,loan,USD,2025-12-29,,0.00
4937,4,savings,GBP,2024-04-21,,0.00
4938,1009,credit_card,GBP,2025-11-05,,0.00
4939,8,current,GBP,2025-04-10,,1000.00
4940,1,current,GBP,2024-05-31,,250.00
4941,1,current,GBP,2024-02-02,2024-11-15,2000.00
4942,6089,current,USD,2025-05-22,,1000.00
4943,3014,current,USD,2025-08-10,,250.00
4944,9,savings,USD,2024-02-04,,0.00
4945,6,current,GBP,2025-06-14,2026-03-09,0.00
4946,3,current,GBP,2025-03-15,,250.00
4947,6,savings,EUR,2025-10-29,2026-09-13,0.00
4948,1951,current,GBP,2024-04-15,,500.00
4949,360,current,GBP,2024-03-26,,1000.00
4950,11,savings,GBP,2024-10-10,,0.00
4951,4,credit_card,GBP,2025-07-22,,0.00
4952,110,credit_card,GBP,2024-09-17,,0.00
4953,9,credit_card,USD,2024-08-01,,0.00
4954,171,savings,GBP,2025-09-09,2026-02-09,0.00
4955,5,credit_card,GBP,2024-04-13,,0.00
4956,5,savings,GBP,2024-05-23,,0.00
4957,1,credit_card,GBP,2024-07-07,,0.00
4958,48,savings,GBP,2025-06-19,,0.00
4959,420,current,GBP,2024-06-12,,2000.00
4960,2357,credit_card,EUR,2025-05-02,,0.00
4961,4,current,USD,2024-05-29,,250.00
4962,878,current,USD,2024-07-24,,0.00
4963,25,current,GBP,2025-11-10,,500.00
4964,23,current,GBP,2024-04-22,,500.00
4965,1,savings,EUR,2024-08-10,,0.00
4966,5,current,GBP,2025-09-15,,0.00
4967,902,current,GBP,2025-12-25,,1000.00
4968,2952,savings,GBP,2025-10-12,,0.00
4969,8,current,GBP,2025-09-12,,0.00
4970,2105,current,EUR,2024-10-19,,500.00
4971,496,current,GBP,2025-02-11,2025-11-28,2000.00
4972,18,credit_card,USD,2025-05-24,,0.00
4973,540,loan,GBP,2024-11-17,,0.00
4974,101,savings,EUR,2024-09-08,,0.00
4975,4,credit_card,USD,2024-07-22,,0.00
4976,46,credit_card,GBP,2024-03-25,,0.00
4977,208,savings,GBP,2024-12-14,,0.00
4978,88,current,EUR,2025-10-30,,500.00
4979,33,savings,GBP,2025-11-27,,0.00
4980,4,savings,USD,2025-01-11,,0.00
4981,330,current,USD,2025-12-18,,500.00
4982,410,savings,USD,2025-08-28,,0.00
4983,4,current,GBP,2025-06-08,,2000.00
4984,10,savings,GBP,2025-11-06,,0.00
4985,7,current,GBP,2024-11-26,,500.00
4986,130,current,GBP,2025-12-18,,2000.00
4987,1,savings,GBP,2024-03-14,,0.00
4988,2,savings,EUR,2025-05-31,,0.00
4989,32,loan,USD,2025-05-25,,0.00
4990,3,credit_card,USD,2024-11-17,2025-02-26,0.00
4991,49,savings,EUR,2025-08-07,,0.00
4992,5,current,GBP,2025-05-07,,2000.00
4993,36,current,GBP,2024-05-05,,2000.00
4994,39,current,USD,2025-02-14,,2000.00
4995,3,credit_card,GBP,2024-06-14,,0.00
4996,408,current,EUR,2025-02-21,,500.00
4997,823,credit_card,EUR,2025-09-15,2026-03-28,0.00
4998,7535,current,GBP,2025-06-10,,2000.00
4999,21,current,USD,2025-04-01,,500.00
5000,1,savings,USD,2024-01-09,,0.00
5001,148,savings,GBP,2024-08-08,,0.00
5002,280,savings,GBP,2025-11-22,,0.00
5003,1,credit_card,GBP,2024-09-17,,0.00
5004,1,current,USD,2024-12-16,,250.00
5005,1,current,EUR,2024-03-12,,2000.00
5006,16,savings,GBP,2025-06-21,,0.00
5007,33,loan,GBP,2025-09-08,,0.00
5008,3,loan,EUR,2024-12-26,,0.00
5009,1,credit_card,GBP,2025-03-16,,0.00
5010,225,savings,USD,2024-06-21,,0.00
5011,6037,current,GBP,2024-11-12,2025-09-18,500.00
5012,2,savings,EUR,2025-07-09,,0.00
5013,83,current,GBP,2025-06-03,,2000.00
5014,8,savings,USD,2025-07-10,,0.00
5015,54,current,GBP,2024-07-13,,500.00
5016,1391,savings,GBP,2025-12-07,,0.00
5017,1021,savings,USD,2024-03-22,,0.00
5018,2043,current,USD,2025-11-13,,500.00
5019,3,credit_card,USD,2024-09-21,,0.00
5020,2062,loan,GBP,2025-11-04,,0.00
5021,33,savings,GBP,2025-04-30,2025-07-05,0.00
5022,343,savings,GBP,2024-09-25,,0.00
5023,15,savings,GBP,2024-07-19,2025-01-09,0.00
5024,1,current,GBP,2025-03-30,,1000.00
5025,5369,current,USD,2024-11-08,,1000.00
5026,3173,loan,EUR,2025-10-14,,0.00
5027,2,current,GBP,2024-06-01,,2000.00
5028,311,savings,GBP,2025-07-14,,0.00
5029,134,current,GBP,2024-12-14,,1000.00
5030,221,savings,USD,2025-07-25,,0.00
5031,1,savings,GBP,2024-06-13,2025-03-15,0.00
5032,1,current,GBP,2024-11-28,,2000.00
5033,1139,current,GBP,2025-01-26,,250.00
5034,1,loan,GBP,2025-03-16,,0.00
5035,4,savings,GBP,2024-09-11,,0.00
5036,3,credit_card,USD,2025-02-23,,0.00
5037,25,credit_card,USD,2024-03-25,,0.00
5038,430,current,GBP,2024-05-20,,2000.00
5039,20,savings,EUR,2025-12-25,,0.00
5040,1,savings,GBP,2024-08-04,,0.00
5041,3655,credit_card,GBP,2024-10-18,,0.00
5042,151,savings,GBP,2025-07-04,,0.00
5043,1960,current,EUR,2025-02-04,,1000.00
5044,212,current,USD,2024-01-15,,500.00
5045,180,credit_card,GBP,2024-10-02,,0.00
5046,4,savings,USD,2025-12-21,,0.00
5047,2,current,USD,2024-03-18,,1000.00
5048,2,current,GBP,2024-05-24,,2000.00
5049,29,savings,EUR,2024-07-19,,0.00
5050,2,current,USD,2024-08-25,2025-06-06,250.00
5051,85,current,GBP,2025-10-31,,250.00
5052,1,credit_card,EUR,2024-10-16,2026-01-27,0.00
5053,1968,loan,GBP,2024-12-26,,0.00
5054,582,current,GBP,2025-12-29,,0.00
5055,10,current,GBP,2025-04-23,,500.00
5056,84,credit_card,EUR,2025-06-02,,0.00
5057,21,savings,GBP,2024-05-30,,0.00
5058,1,loan,GBP,2025-05-07,2025-06-22,0.00
5059,1,savings,GBP,2024-08-01,,0.00
5060,112,current,GBP,2025-12-17,,0.00
5061,918,current,GBP,2025-11-28,,2000.00
5062,1,current,USD,2024-10-19,,1000.00
5063,1605,current,USD,2024-06-26,,0.00
5064,51,savings,GBP,2025-09-20,,0.00
5065,131,current,USD,2025-11-14,,2000.00
5066,29,savings,USD,2025-12-17,,0.00
5067,5128,loan,GBP,2024-03-03,,0.00
5068,23,current,GBP,2025-01-28,,2000.00
5069,411,loan,EUR,2024-01-03,,0.00
5070,9,current,GBP,2025-07-31,,2000.00
5071,6,current,EUR,2025-03-29,,2000.00
5072,3,credit_card,GBP,2025-07-03,,0.00
5073,70,current,GBP,2024-06-15,,500.00
5074,2,current,GBP,2025-10-06,,1000.00
5075,1,current,EUR,2024-11-25,,0.00
5076,245,savings,GBP,2024-11-14,,0.00
5077,50,current,EUR,2025-07-05,,250.00
5078,13,credit_card,GBP,2024-11-08,,0.00
5079,13,credit_card,GBP,2025-02-28,,0.00
5080,1,current,USD,2024-06-01,2024-08-21,2000.00
5081,1,loan,USD,2024-02-10,,0.00
5082,17,current,GBP,2024-06-26,,1000.00
5083,38,current,GBP,2024-01-03,,1000.00
5084,2,current,USD,2024-06-12,,250.00
5085,1014,credit_card,GBP,2025-11-19,2026-10-12,0.00
5086,4,current,GBP,2024-01-22,,250.00
5087,3,savings,GBP,2025-08-13,,0.00
5088,14,current,USD,2025-08-20,,250.00
5089,23,current,GBP,2024-07-27,,0.00
5090,120,current,USD,2025-03-04,,500.00
5091,94,credit_card,GBP,2025-07-27,,0.00
5092,4,current,GBP,2024-08-27,,0.00
5093,60,credit_card,USD,2024-11-27,,0.00
5094,1284,savings,GBP,2025-12-14,,0.00
5095,7,savings,GBP,2025-10-07,,0.00
5096,5,savings,GBP,2024-06-17,,0.00
5097,922,savings,GBP,2025-09-12,,0.00
5098,19,loan,USD,2024-12-01,,0.00
5099,701,current,GBP,2025-07-05,,1000.00
5100,49,current,USD,2025-04-30,2026-04-22,250.00
5101,1,savings,GBP,2024-02-13,2024-07-10,0.00
5102,1,current,GBP,2024-09-04,,2000.00
5103,1,credit_card,USD,2025-03-11,,0.00
5104,7536,current,GBP,2025-12-16,,2000.00
5105,32,loan,GBP,2024-03-24,,0.00
5106,6,current,GBP,2024-09-09,,0.00
5107,1431,loan,GBP,2025-11-23,,0.00
5108,4,savings,EUR,2025-03-24,,0.00
5109,3096,current,GBP,2024-06-01,,0.00
5110,38,current,GBP,2025-04-22,,500.00
5111,1,current,EUR,2025-08-18,2026-03-13,0.00
5112,1,savings,GBP,2025-12-12,,0.00
5113,111,credit_card,GBP,2025-05-26,,0.00
5114,641,current,GBP,2025-05-11,,250.00
5115,311,savings,EUR,2025-11-26,2026-04-05,0.00
5116,2,current,GBP,2024-03-17,,0.00
5117,234,credit_card,GBP,2024-03-19,,0.00
5118,156,current,USD,2024-06-02,,1000.00
5119,12,savings,GBP,2025-08-03,,0.00
5120,3957,current,EUR,2024-09-10,,500.00
5121,13,current,EUR,2025-03-14,,500.00
5122,765,current,USD,2024-10-13,,2000.00
5123,3,current,GBP,2024-03-10,,250.00
5124,709,current,GBP,2024-01-05,,1000.00
5125,54,current,GBP,2025-07-28,,1000.00
5126,1,credit_card,GBP,2025-09-15,,0.00
5127,4,loan,GBP,2024-12-11,2026-04-24,0.00
5128,174,current,GBP,2024-02-23,,2000.00
5129,32,current,GBP,2025-08-10,,500.00
5130,5,current,GBP,2024-10-25,,250.00
5131,135,credit_card,GBP,2025-02-07,,0.00
5132,1,current,USD,2024-01-26,,2000.00
5133,35,credit_card,GBP,2025-01-18,,0.00
5134,3948,current,USD,2024-03-14,,0.00
5135,3,current,GBP,2025-03-10,,250.00
5136,3,current,GBP,2024-11-22,,2000.00
5137,3,current,GBP,2025-08-30,,1000.00
5138,3,current,GBP,2025-05-21,,0.00
5139,75,savings,GBP,2024-04-15,,0.00
5140,1,savings,USD,2025-03-31,,0.00
5141,2066,current,GBP,2025-12-28,,1000.00
5142,4,credit_card,USD,2024-07-13,,0.00
5143,4,savings,GBP,2024-03-12,2024-09-10,0.00
5144,147,current,GBP,2025-11-20,,500.00
5145,195,current,EUR,2024-11-02,,1000.00
5146,120,loan,GBP,2024-01-05,,0.00
5147,6,savings,GBP,2024-08-23,,0.00
5148,10,current,GBP,2025-04-14,,0.00
5149,2097,savings,EUR,2024-07-28,,0.00
5150,61,savings,GBP,2025-10-19,,0.00
5151,809,savings,GBP,2024-03-18,,0.00
5152,18,savings,GBP,2025-09-02,,0.00
5153,13,current,EUR,2025-04-25,,1000.00
5154,2227,current,USD,2024-10-20,,250.00
5155,236,current,GBP,2024-11-21,,0.00
5156,6,credit_card,GBP,2025-04-02,,0.00
5157,2,current,EUR,2024-11-03,,250.00
5158,2613,current,GBP,2024-04-24,2025-05-10,0.00
5159,2325,loan,EUR,2025-02-19,,0.00
5160,7,loan,GBP,2025-12-01,,0.00
5161,6479,savings,GBP,2025-09-05,,0.00
5162,1,savings,GBP,2024-09-12,2025-09-19,0.00
5163,4,savings,GBP,2024-11-06,,0.00
5164,56,loan,GBP,2025-03-28,,0.00
5165,9,current,GBP,2025-12-21,,1000.00
5166,4437,current,GBP,2025-05-16,,2000.00
5167,16,current,GBP,2025-04-04,,0.00
5168,173,savings,GBP,2025-11-14,,0.00
5169,118,current,USD,2025-12-10,,1000.00
5170,1,current,EUR,2024-07-09,,500.00
5171,8366,current,EUR,2025-04-16,,250.00
5172,1,current,EUR,2025-08-31,,250.00
5173,4,current,USD,2024-09-09,,250.00
5174,114,current,EUR,2024-12-27,,1000.00
5175,46,loan,USD,2025-08-23,,0.00
5176,1,credit_card,EUR,2025-01-14,,0.00
5177,1229,current,GBP,2024-12-07,,0.00
5178,41,savings,GBP,2025-11-09,,0.00
5179,8,savings,GBP,2024-07-15,,0.00
5180,612,current,EUR,2025-10-24,,2000.00
5181,44,savings,GBP,2025-11-08,,0.00
5182,2495,credit_card,GBP,2024-09-15,,0.00
5183,4847,savings,USD,2025-07-20,,0.00
5184,2,credit_card,GBP,2024-02-24,,0.00
5185,22,savings,GBP,2025-07-24,,0.00
5186,214,current,EUR,2025-12-13,,0.00
5187,14,current,GBP,2025-04-25,,500.00
5188,20,current,GBP,2024-04-11,,250.00
5189,12,current,EUR,2024-02-15,,2000.00
5190,3,loan,GBP,2024-11-09,2025-07-29,0.00
5191,2,savings,USD,2025-12-27,,0.00
5192,2,current,GBP,2025-09-07,,2000.00
5193,4,current,GBP,2025-06-10,,0.00
5194,5,current,GBP,2024-12-02,,250.00
5195,13,current,USD,2024-05-08,,2000.00
5196,288,current,GBP,2025-12-06,,1000.00
5197,462,current,GBP,2024-09-29,,2000.00
5198,8,credit_card,GBP,2025-06-18,,0.00
5199,5,current,USD,2025-10-29,,500.00
5200,94,credit_card,EUR,2025-06-14,,0.00
5201,29,current,GBP,2024-08-15,,2000.00
5202,10,current,GBP,2024-08-27,,250.00
5203,48,credit_card,EUR,2025-11-20,,0.00
5204,326,savings,USD,2025-12-07,,0.00
5205,2150,current,GBP,2025-12-29,2026-07-23,1000.00
5206,87,credit_card,GBP,2024-07-01,,0.00
5207,198,credit_card,GBP,2024-10-05,,0.00
5208,24,savings,GBP,2024-06-17,,0.00
5209,7929,credit_card,EUR,2024-08-10,,0.00
5210,93,current,USD,2024-03-06,,1000.00
5211,2609,current,GBP,2025-08-13,,500.00
5212,23,current,GBP,2025-08-18,,2000.00
5213,158,credit_card,GBP,2025-11-11,,0.00
5214,12,loan,USD,2024-12-01,,0.00
5215,7517,savings,GBP,2025-09-20,,0.00
5216,1699,credit_card,USD,2025-10-13,,0.00
5217,2952,current,GBP,2024-03-31,,2000.00
5218,6078,current,GBP,2025-08-07,,2000.00
5219,6,current,GBP,2025-08-28,2026-05-01,250.00
5220,1,current,GBP,2025-07-03,,250.00
5221,15,savings,USD,2025-09-05,2026-12-06,0.00
5222,3135,current,GBP,2024-10-16,,1000.00
5223,1,current,GBP,2025-07-15,,250.00
5224,1,current,USD,2025-03-02,,500.00
5225,6394,current,GBP,2025-06-23,,2000.00
5226,33,savings,USD,2024-12-17,,0.00
5227,300,loan,USD,2024-07-17,,0.00
5228,1577,current,GBP,2025-06-12,,250.00
5229,10,current,USD,2025-02-20,2026-02-26,500.00
5230,1,savings,GBP,2024-06-27,,0.00
5231,2527,savings,GBP,2025-06-04,,0.00
5232,6,current,GBP,2024-01-09,,1000.00
5233,10,current,USD,2024-10-28,,250.00
5234,146,savings,USD,2025-10-08,,0.00
5235,13,current,GBP,2024-03-31,,2000.00
5236,3,current,EUR,2025-05-22,,1000.00
5237,1,credit_card,GBP,2024-05-30,,0.00
5238,2,current,GBP,2024-02-05,,1000.00
5239,997,current,GBP,2025-10-06,,1000.00
5240,676,current,USD,2025-07-26,,1000.00
5241,1,savings,GBP,2025-03-23,,0.00
5242,1,credit_card,USD,2024-04-08,,0.00
5243,6,current,GBP,2025-01-17,,250.00
5244,16,savings,GBP,2024-02-06,,0.00
5245,4024,savings,GBP,2024-04-06,,0.00
5246,255,current,GBP,2024-10-05,,1000.00
5247,252,savings,USD,2024-05-23,,0.00
5248,5,savings,GBP,2024-04-14,,0.00
5249,17,savings,GBP,2025-04-04,,0.00
5250,1,current,USD,2024-11-16,,250.00
5251,9,savings,GBP,2024-10-21,2025-07-19,0.00
5252,7526,current,GBP,2024-03-09,,2000.00
5253,20,current,GBP,2024-07-30,,250.00
5254,14,current,EUR,2024-07-11,,500.00
5255,1164,loan,GBP,2024-02-16,,0.00
5256,1345,credit_card,USD,2025-12-09,,0.00
5257,2,credit_card,GBP,2024-05-20,2025-03-19,0.00
5258,4311,savings,GBP,2024-12-01,,0.00
5259,6,current,GBP,2025-02-14,,2000.00
5260,3204,loan,USD,2024-10-20,2025-03-22,0.00
5261,34,credit_card,USD,2024-03-08,,0.00
5262,128,current,USD,2024-08-09,,500.00
5263,29,savings,GBP,2024-12-19,,0.00
5264,1,current,USD,2025-12-08,,1000.00
5265,4,current,GBP,2024-03-03,,500.00
5266,1,current,GBP,2025-05-09,,2000.00
5267,660,savings,USD,2025-01-02,,0.00
5268,1,credit_card,USD,2024-06-27,,0.00
5269,155,current,GBP,2025-03-15,,250.00
5270,1,current,GBP,2025-08-17,,2000.00
5271,1,current,GBP,2024-11-02,,250.00
5272,2,current,GBP,2024-01-26,,0.00
5273,3752,current,GBP,2024-10-28,,250.00
5274,13,credit_card,USD,2025-10-03,,0.00
5275,20,current,GBP,2024-11-11,,2000.00
5276,32,savings,GBP,2024-01-04,,0.00
5277,6,current,EUR,2025-03-06,,250.00
5278,1340,current,USD,2025-03-02,,0.00
5279,3587,savings,GBP,2025-12-18,,0.00
5280,33,savings,GBP,2024-05-29,,0.00
5281,464,current,GBP,2025-05-11,,500.00
5282,5363,savings,USD,2025-04-25,,0.00
5283,15,current,GBP,2025-05-10,,500.00
5284,135,credit_card,GBP,2024-08-11,,0.00
5285,116,credit_card,GBP,2025-07-11,,0.00
5286,2,current,USD,2024-06-21,,1000.00
5287,1,savings,USD,2024-07-22,,0.00
5288,1,credit_card,USD,2024-01-17,,0.00
5289,14,current,EUR,2024-09-24,2025-09-18,500.00
5290,2583,credit_card,GBP,2025-08-15,,0.00
5291,7219,current,USD,2025-07-16,,2000.00
5292,10,savings,GBP,2024-02-04,,0.00
5293,5,savings,GBP,2024-08-08,,0.00
5294,683,current,GBP,2025-03-25,,500.00
5295,3,current,USD,2025-04-22,,1000.00
5296,2919,credit_card,GBP,2024-12-10,,0.00
5297,40,current,GBP,2025-07-03,,0.00
5298,1,savings,GBP,2024-06-01,,0.00
5299,1686,current,GBP,2024-07-30,,250.00
5300,17,loan,GBP,2024-04-07,,0.00
5301,776,savings,USD,2025-01-15,2025-12-06,0.00
5302,14,loan,GBP,2024-01-10,,0.00
5303,7,savings,GBP,2024-03-17,2025-03-21,0.00
5304,11,current,GBP,2024-07-25,,0.00
5305,23,savings,GBP,2025-05-02,2026-07-29,0.00
5306,2,credit_card,GBP,2024-09-29,,0.00
5307,257,savings,EUR,2024-03-27,,0.00
5308,1,current,USD,2025-10-10,,0.00
5309,8,savings,GBP,2024-04-20,,0.00
5310,254,current,USD,2024-10-19,,500.00
5311,2442,credit_card,GBP,2024-10-06,,0.00
5312,5601,savings,USD,2024-10-15,2025-10-12,0.00
5313,5,savings,EUR,2025-08-28,,0.00
5314,4201,credit_card,GBP,2024-02-16,,0.00
5315,55,current,EUR,2025-06-23,,2000.00
5316,763,current,EUR,2025-07-30,2026-09-15,250.00
5317,715,current,GBP,2024-10-06,,1000.00
5318,1,current,GBP,2025-12-10,,2000.00
5319,32,current,USD,2024-03-08,,1000.00
5320,3,current,GBP,2024-12-15,,250.00
5321,346,savings,GBP,2024-07-07,,0.00
5322,27,current,USD,2024-08-24,,0.00
5323,4,credit_card,USD,2024-02-14,,0.00
5324,1648,savings,USD,2024-12-30,,0.00
5325,18,current,USD,2025-02-18,,250.00
5326,58,current,GBP,2025-02-11,,2000.00
5327,6,savings,GBP,2025-03-27,,0.00
5328,2237,current,GBP,2024-10-04,,0.00
5329,6,current,GBP,2024-02-03,,2000.00
5330,11,current,GBP,2025-10-25,,2000.00
5331,70,current,GBP,2025-05-03,,0.00
5332,1966,current,GBP,2024-01-26,,250.00
5333,112,current,USD,2024-03-30,,1000.00
5334,159,savings,GBP,2025-09-09,,0.00
5335,20,current,GBP,2024-06-09,,500.00
5336,1,savings,GBP,2024-02-27,,0.00
5337,1,current,USD,2024-10-18,,500.00
5338,24,savings,GBP,2024-07-30,,0.00
5339,6,current,GBP,2024-03-16,,250.00
5340,306,current,GBP,2024-03-17,,0.00
5341,217,current,GBP,2024-11-28,,0.00
5342,12,credit_card,GBP,2024-07-30,,0.00
5343,454,savings,GBP,2024-06-29,,0.00
5344,5,loan,GBP,2024-08-04,,0.00
5345,8,current,USD,2024-11-27,,2000.00
5346,12,credit_card,GBP,2024-03-26,,0.00
5347,10,loan,GBP,2025-11-30,,0.00
5348,12,current,GBP,2024-08-15,2025-05-23,1000.00
5349,252,savings,EUR,2025-02-03,,0.00
5350,14,savings,USD,2025-03-07,2026-02-04,0.00
5351,1,savings,EUR,2025-03-28,,0.00
5352,1781,savings,GBP,2025-04-12,,0.00
5353,24,credit_card,GBP,2024-06-01,,0.00
5354,1,savings,GBP,2024-04-09,,0.00
5355,1,credit_card,GBP,2025-05-24,,0.00
5356,8,current,GBP,2024-08-13,,250.00
5357,4732,current,GBP,2025-04-03,,250.00
5358,17,current,GBP,2025-11-30,,250.00
5359,1,current,GBP,2024-05-19,,500.00
5360,350,current,GBP,2025-07-06,,0.00
5361,31,current,EUR,2025-12-20,,2000.00
5362,3,savings,EUR,2024-12-28,,0.00
5363,975,savings,GBP,2025-12-23,,0.00
5364,29,savings,USD,2025-08-30,,0.00
5365,6,savings,EUR,2024-09-12,,0.00
5366,646,current,GBP,2025-10-13,,500.00
5367,69,loan,GBP,2024-07-28,,0.00
5368,812,loan,GBP,2025-10-16,,0.00
5369,4,current,USD,2025-01-25,,0.00
5370,18,savings,GBP,2025-05-18,,0.00
5371,18,credit_card,GBP,2024-07-07,,0.00
5372,1737,current,GBP,2024-12-01,,0.00
5373,6,credit_card,EUR,2025-08-07,,0.00
5374,80,current,GBP,2025-04-17,,0.00
5375,56,loan,USD,2024-08-28,,0.00
5376,36,savings,GBP,2024-04-10,,0.00
5377,1,current,USD,2025-05-24,,2000.00
5378,54,savings,GBP,2025-03-13,2025-07-27,0.00
5379,20,savings,GBP,2024-05-28,,0.00
5380,176,current,GBP,2025-04-24,,500.00
5381,1,savings,GBP,2024-06-18,,0.00
5382,2,current,GBP,2024-02-17,,500.00
5383,1,savings,USD,2025-04-25,,0.00
5384,7,current,GBP,2024-12-30,,500.00
5385,7654,loan,GBP,2024-11-22,,0.00
5386,5,savings,GBP,2025-10-28,,0.00
5387,11,savings,EUR,2024-03-02,,0.00
5388,5,current,GBP,2024-07-22,,2000.00
5389,4,savings,GBP,2024-03-09,2025-03-03,0.00
5390,34,current,EUR,2025-12-11,2027-03-08,500.00
5391,364,savings,GBP,2025-04-22,,0.00
5392,83,credit_card,GBP,2024-12-18,,0.00
5393,626,loan,USD,2025-03-24,2025-08-06,0.00
5394,599,current,USD,2024-02-12,,0.00
5395,8,current,GBP,2025-03-25,,2000.00
5396,130,credit_card,GBP,2025-04-02,,0.00
5397,655,credit_card,EUR,2024-07-01,,0.00
5398,1,current,GBP,2025-07-02,,1000.00
5399,1,loan,USD,2024-02-24,,0.00
5400,13,current,EUR,2024-07-16,,2000.00
5401,691,current,GBP,2025-07-01,,0.00
5402,228,credit_card,GBP,2024-03-04,2024-09-20,0.00
5403,6,current,GBP,2025-03-22,,1000.00
5404,4,current,GBP,2025-12-14,,1000.00
5405,109,current,GBP,2025-03-22,,2000.00
5406,81,current,GBP,2025-06-05,,250.00
5407,317,savings,GBP,2025-03-31,,0.00
5408,1700,current,GBP,2024-04-13,,2000.00
5409,2979,current,GBP,2025-06-15,2025-08-20,500.00
5410,1324,current,GBP,2024-06-16,,250.00
5411,7,current,USD,2025-10-16,,1000.00
5412,4675,savings,EUR,2024-07-21,2025-09-01,0.00
5413,2,credit_card,GBP,2024-07-16,,0.00
5414,5,current,GBP,2024-11-16,,1000.00
5415,83,savings,EUR,2024-12-26,,0.00
5416,21,current,GBP,2025-06-25,,1000.00
5417,1,current,GBP,2024-09-15,,250.00
5418,1,current,GBP,2025-12-06,,2000.00
5419,7,current,USD,2025-11-19,,250.00
5420,5460,savings,GBP,2024-07-08,,0.00
5421,443,loan,GBP,2024-02-24,,0.00
5422,3941,current,GBP,2025-08-05,,500.00
5423,662,loan,USD,2024-11-30,,0.00
5424,1200,loan,USD,2024-08-20,,0.00
5425,2628,current,EUR,2024-04-27,,500.00
5426,822,current,GBP,2025-03-23,,1000.00
5427,31,savings,EUR,2025-02-14,,0.00
5428,1958,credit_card,GBP,2025-12-31,,0.00
5429,343,savings,GBP,2024-12-18,,0.00
5430,1,current,GBP,2024-01-26,,0.00
5431,297,savings,EUR,2025-04-10,,0.00
5432,109,savings,GBP,2025-03-12,,0.00
5433,36,current,GBP,2025-12-31,,250.00
5434,2661,current,GBP,2025-07-01,,2000.00
5435,1159,loan,EUR,2025-06-08,,0.00
5436,3501,savings,USD,2024-10-19,,0.00
5437,1,current,USD,2024-06-19,,1000.00
5438,2,savings,EUR,2024-01-11,,0.00
5439,3,credit_card,GBP,2025-06-22,2026-06-10,0.00
5440,186,current,GBP,2025-01-08,,1000.00
5441,1,current,USD,2024-03-22,,0.00
5442,86,current,EUR,2024-05-17,,2000.00
5443,303,current,GBP,2025-04-24,,0.00
5444,533,current,GBP,2024-09-28,,2000.00
5445,2854,current,USD,2025-10-19,,500.00
5446,965,current,GBP,2025-07-30,,0.00
5447,32,savings,GBP,2024-07-04,,0.00
5448,1,savings,USD,2025-02-05,,0.00
5449,40,savings,GBP,2024-09-12,,0.00
5450,1,current,GBP,2024-01-22,,500.00
5451,63,current,GBP,2025-05-20,,0.00
5452,1,credit_card,USD,2025-08-16,,0.00
5453,9,credit_card,USD,2024-10-18,,0.00
5454,11,loan,EUR,2024-07-18,,0.00
5455,2088,savings,USD,2024-01-06,,0.00
5456,40,savings,USD,2025-07-01,,0.00
5457,6479,current,GBP,2024-11-08,,250.00
5458,1,savings,GBP,2025-05-25,,0.00
5459,105,current,GBP,2024-01-22,2025-02-11,1000.00
5460,210,current,USD,2025-12-01,,250.00
5461,79,credit_card,USD,2024-03-28,2024-08-25,0.00
5462,1,savings,GBP,2024-02-02,,0.00
5463,1,savings,GBP,2024-07-06,,0.00
5464,112,current,GBP,2024-10-15,,0.00
5465,1125,current,GBP,2024-01-29,2025-02-05,500.00
5466,74,credit_card,GBP,2025-03-12,,0.00
5467,1361,loan,GBP,2025-04-02,,0.00
5468,53,credit_card,GBP,2025-05-29,,0.00
5469,25,credit_card,GBP,2025-05-11,,0.00
5470,1,loan,GBP,2025-07-24,,0.00
5471,24,credit_card,GBP,2025-01-12,2026-02-25,0.00
5472,1,current,EUR,2024-08-14,,250.00
5473,2,credit_card,GBP,2024-11-04,,0.00
5474,8,credit_card,USD,2024-09-02,,0.00
5475,1488,savings,USD,2025-09-16,,0.00
5476,1,current,GBP,2024-04-10,,0.00
5477,8,loan,USD,2024-02-28,,0.00
5478,3,savings,GBP,2025-07-03,,0.00
5479,45,savings,GBP,2025-06-25,,0.00
5480,13,current,GBP,2025-02-19,,500.00
5481,61,savings,GBP,2025-08-01,,0.00
5482,3,loan,USD,2025-09-19,,0.00
5483,146,current,USD,2024-12-28,,0.00
5484,3,savings,GBP,2025-01-07,,0.00
5485,1,current,GBP,2024-12-21,,500.00
5486,1,savings,GBP,2025-01-14,,0.00
5487,1200,current,EUR,2024-03-25,,250.00
5488,1329,savings,USD,2024-11-03,,0.00
5489,6210,current,EUR,2024-08-02,,500.00
5490,1,current,GBP,2024-07-11,,1000.00
5491,71,current,GBP,2024-12-19,,1000.00
5492,7492,savings,EUR,2025-10-17,2026-10-01,0.00
5493,5547,current,GBP,2025-12-20,,250.00
5494,14,savings,USD,2025-11-06,,0.00
5495,1,current,EUR,2025-04-29,,1000.00
5496,50,current,EUR,2025-03-19,,0.00
5497,1,current,GBP,2024-08-30,2025-05-11,0.00
5498,23,current,GBP,2024-08-04,,1000.00
5499,4631,current,USD,2025-09-24,,0.00
5500,95,credit_card,USD,2025-07-19,,0.00
5501,5,savings,USD,2024-12-21,,0.00
5502,3076,savings,EUR,2024-05-17,,0.00
5503,184,current,GBP,2025-07-19,,1000.00
5504,369,savings,USD,2025-04-09,,0.00
5505,5,current,GBP,2024-04-26,,1000.00
5506,2238,current,GBP,2024-10-08,,500.00
5507,152,savings,GBP,2024-02-23,,0.00
5508,11,current,EUR,2024-06-11,,0.00
5509,2,current,EUR,2025-04-29,,500.00
5510,4,current,USD,2024-01-17,2024-08-02,2000.00
5511,638,loan,EUR,2025-08-17,2025-11-01,0.00
5512,2152,savings,GBP,2024-07-07,2025-08-25,0.00
5513,334,current,GBP,2024-02-13,,1000.00
5514,68,current,GBP,2024-04-16,,250.00
5515,4,current,GBP,2025-08-31,,1000.00
5516,87,current,GBP,2024-06-16,,250.00
5517,1180,loan,GBP,2024-06-10,,0.00
5518,47,current,GBP,2024-07-15,2024-11-29,500.00
5519,1,credit_card,USD,2024-07-05,,0.00
5520,231,current,USD,2025-01-28,,0.00
5521,4,current,EUR,2025-11-19,,1000.00
5522,8472,savings,USD,2024-01-15,,0.00
5523,4,loan,EUR,2025-05-06,,0.00
5524,5078,current,GBP,2025-08-17,,250.00
5525,15,credit_card,EUR,2024-04-29,,0.00
5526,2047,savings,USD,2025-12-28,,0.00
5527,2,current,USD,2025-03-12,,2000.00
5528,126,savings,GBP,2025-06-28,2025-11-22,0.00
5529,1,savings,USD,2025-07-13,,0.00
5530,2112,savings,EUR,2024-10-21,,0.00
5531,366,savings,GBP,2024-12-31,,0.00
5532,1,credit_card,GBP,2024-12-01,2025-03-10,0.00
5533,6,credit_card,GBP,2025-08-19,,0.00
5534,217,credit_card,GBP,2025-11-06,,0.00
5535,130,current,GBP,2024-08-22,2025-04-27,2000.00
5536,23,savings,USD,2024-06-13,,0.00
5537,86,credit_card,EUR,2025-11-13,,0.00
5538,4,current,EUR,2024-12-16,,2000.00
5539,11,current,GBP,2025-07-21,,2000.00
5540,1050,savings,USD,2024-04-10,,0.00
5541,1,credit_card,GBP,2024-01-27,,0.00
5542,5,credit_card,GBP,2025-08-10,,0.00
5543,37,savings,USD,2024-12-03,,0.00
5544,964,current,GBP,2024-09-10,,0.00
5545,878,current,GBP,2024-11-18,,2000.00
5546,198,savings,USD,2025-12-27,,0.00
5547,5809,credit_card,GBP,2025-09-28,,0.00
5548,5773,savings,USD,2025-06-26,,0.00
5549,19,loan,GBP,2024-05-02,,0.00
5550,127,current,USD,2024-02-06,,250.00
5551,1,loan,GBP,2025-11-28,2026-02-26,0.00
5552,6,current,GBP,2024-05-05,,2000.00
5553,3,savings,USD,2025-11-02,,0.00
5554,1,savings,USD,2025-06-17,,0.00
5555,12,current,GBP,2025-06-07,,2000.00
5556,554,current,GBP,2024-05-24,,250.00
5557,1,current,GBP,2025-05-11,,2000.00
5558,3,current,USD,2025-10-28,2027-02-15,1000.00
5559,1,current,EUR,2025-02-23,,0.00
5560,21,credit_card,GBP,2025-10-04,,0.00
5561,213,current,GBP,2025-06-16,2026-01-19,2000.00
5562,1495,current,USD,2025-05-31,,500.00
5563,4,savings,GBP,2024-09-11,,0.00
5564,6120,current,EUR,2025-06-13,,250.00
5565,15,credit_card,GBP,2025-06-17,,0.00
5566,58,current,EUR,2025-10-17,,500.00
5567,529,current,USD,2025-04-14,,0.00
5568,98,credit_card,GBP,2025-09-29,,0.00
5569,14,credit_card,GBP,2024-02-16,,0.00
5570,5218,current,GBP,2025-08-01,,0.00
5571,1,credit_card,GBP,2024-04-27,,0.00
5572,1,current,GBP,2025-07-08,,1000.00
5573,68,savings,GBP,2024-04-14,2024-08-03,0.00
5574,12,current,GBP,2024-12-07,,500.00
5575,59,credit_card,EUR,2024-02-25,,0.00
5576,47,savings,GBP,2025-10-11,2026-08-30,0.00
5577,3,savings,GBP,2025-08-12,,0.00
5578,2,current,GBP,2025-02-12,,0.00
5579,19,current,GBP,2025-07-28,2026-09-24,500.00
5580,197,savings,GBP,2024-01-09,,0.00
5581,6,current,USD,2025-11-01,,1000.00
5582,16,savings,GBP,2024-06-10,,0.00
5583,31,savings,GBP,2025-03-18,,0.00
5584,5,current,GBP,2024-05-28,,1000.00
5585,8,current,GBP,2025-07-03,,0.00
5586,411,current,GBP,2024-07-10,,500.00
5587,1,savings,GBP,2025-04-19,,0.00
5588,575,current,GBP,2024-02-23,,1000.00
5589,184,savings,GBP,2025-06-13,,0.00
5590,1,current,GBP,2025-06-30,,2000.00
5591,787,current,USD,2025-07-23,,2000.00
5592,3,credit_card,GBP,2025-11-24,2027-02-03,0.00
5593,1,credit_card,GBP,2024-04-29,2024-09-25,0.00
5594,133,current,GBP,2025-04-28,,1000.00
5595,32,current,GBP,2024-11-11,,250.00
5596,482,credit_card,EUR,2024-10-27,,0.00
5597,777,credit_card,GBP,2025-04-25,,0.00
5598,94,current,USD,2025-11-16,,1000.00
5599,8884,savings,GBP,2025-03-09,2025-09-20,0.00
5600,7642,savings,GBP,2025-09-01,,0.00
5601,1,savings,EUR,2024-10-29,,0.00
5602,9,current,GBP,2025-09-12,,250.00
5603,8926,credit_card,GBP,2025-12-17,,0.00
5604,1488,savings,EUR,2024-03-03,,0.00
5605,2,loan,GBP,2024-10-28,,0.00
5606,2039,current,GBP,2025-03-25,2025-08-17,250.00
5607,44,current,GBP,2025-10-13,,0.00
5608,3,current,EUR,2024-09-03,,2000.00
5609,250,current,USD,2025-08-18,,1000.00
5610,3,credit_card,GBP,2024-09-20,,0.00
5611,9,loan,EUR,2024-10-09,,0.00
5612,4,savings,USD,2025-03-24,,0.00
5613,950,credit_card,GBP,2025-01-10,,0.00
5614,30,savings,USD,2024-10-20,,0.00
5615,220,current,EUR,2024-12-03,,500.00
5616,1,loan,GBP,2024-03-14,,0.00
5617,3,savings,GBP,2025-11-03,2026-01-21,0.00
5618,1407,savings,USD,2024-07-08,,0.00
5619,5121,savings,GBP,2025-12-07,,0.00
5620,618,credit_card,EUR,2024-12-15,,0.00
5621,167,credit_card,USD,2024-05-07,,0.00
5622,5791,current,GBP,2025-04-15,,0.00
5623,1574,savings,USD,2024-03-19,,0.00
5624,1,current,GBP,2025-12-03,,250.00
5625,7,loan,GBP,2024-10-05,2025-03-08,0.00
5626,95,savings,EUR,2024-10-29,,0.00
5627,8,current,GBP,2025-04-20,,1000.00
5628,1613,current,EUR,2025-08-21,,0.00
5629,2,credit_card,GBP,2024-09-02,,0.00
5630,1,current,USD,2024-02-18,,1000.00
5631,1738,current,GBP,2025-07-15,,1000.00
5632,486,savings,USD,2025-12-20,,0.00
5633,2,credit_card,USD,2024-12-04,,0.00
5634,4933,savings,GBP,2025-12-02,,0.00
5635,88,current,GBP,2024-08-26,,0.00
5636,26,credit_card,GBP,2025-12-19,,0.00
5637,5,current,EUR,2025-09-13,,500.00
5638,950,credit_card,GBP,2024-03-18,,0.00
5639,3,current,EUR,2024-12-20,2025-01-25,1000.00
5640,90,savings,USD,2025-12-09,,0.00
5641,14,current,GBP,2024-10-28,,250.00
5642,6,current,USD,2025-08-13,,1000.00
5643,20,loan,EUR,2024-05-28,,0.00
5644,1,savings,GBP,2024-07-17,,0.00
5645,1,current,GBP,2025-11-12,,0.00
5646,1,credit_card,EUR,2025-11-09,,0.00
5647,2496,savings,EUR,2025-03-07,,0.00
5648,3574,current,USD,2025-09-21,,1000.00
5649,4939,current,GBP,2024-02-02,,250.00
5650,167,current,EUR,2025-10-02,,1000.00
5651,136,current,USD,2025-12-25,,2000.00
5652,5330,current,GBP,2024-06-16,,1000.00
5653,13,savings,GBP,2025-04-20,,0.00
5654,5082,savings,GBP,2025-02-01,,0.00
5655,249,loan,GBP,2025-11-09,,0.00
5656,6,savings,GBP,2024-05-10,,0.00
5657,93,current,GBP,2025-12-14,,500.00
5658,1,savings,GBP,2024-09-02,,0.00
5659,1,loan,GBP,2024-02-27,,0.00
5660,71,savings,GBP,2025-11-01,,0.00
5661,1,current,USD,2024-02-16,,0.00
5662,823,current,EUR,2025-12-29,,500.00
5663,91,current,GBP,2024-02-07,,250.00
5664,2011,savings,GBP,2024-12-11,,0.00
5665,1,savings,GBP,2025-10-10,,0.00
5666,447,loan,EUR,2024-09-08,,0.00
5667,142,current,GBP,2025-12-20,,250.00
5668,1,current,USD,2024-01-23,,0.00
5669,52,current,GBP,2024-08-17,2025-08-07,500.00
5670,8480,loan,EUR,2025-07-29,,0.00
5671,16,current,USD,2024-03-24,,500.00
5672,1440,loan,GBP,2024-02-23,2024-11-11,0.00
5673,16,current,GBP,2024-04-21,,500.00
5674,2,current,USD,2025-09-13,2026-01-11,2000.00
5675,97,current,USD,2024-07-27,,250.00
5676,3,current,GBP,2024-11-16,,500.00
5677,40,current,USD,2024-02-26,,500.00
5678,1,current,GBP,2025-05-18,,2000.00
5679,15,current,USD,2025-06-06,2026-04-15,250.00
5680,25,loan,GBP,2025-03-24,,0.00
5681,7593,savings,GBP,2025-07-01,,0.00
5682,1,current,GBP,2024-06-06,,0.00
5683,145,savings,EUR,2025-12-13,,0.00
5684,3995,current,GBP,2024-06-14,,1000.00
5685,19,current,EUR,2025-05-11,,2000.00
5686,1,current,USD,2025-05-05,,0.00
5687,5,current,GBP,2025-11-29,,250.00
5688,159,current,GBP,2024-08-27,,250.00
5689,3,current,EUR,2024-07-11,2025-06-08,1000.00
5690,379,savings,GBP,2025-06-04,,0.00
5691,1,current,GBP,2024-05-05,,500.00
5692,19,current,EUR,2025-02-21,,250.00
5693,3,current,USD,2024-03-24,,1000.00
5694,8521,loan,GBP,2024-07-08,,0.00
5695,241,current,EUR,2025-07-04,,1000.00
5696,1,current,GBP,2024-08-03,,0.00
5697,14,current,GBP,2025-12-31,,2000.00
5698,938,current,EUR,2024-04-07,,500.00
5699,3,current,GBP,2024-04-10,,2000.00
5700,1,current,EUR,2025-05-31,,2000.00
5701,342,savings,GBP,2024-05-25,,0.00
5702,7475,current,GBP,2025-07-24,,0.00
5703,1146,loan,GBP,2025-07-14,,0.00
5704,416,credit_card,GBP,2024-07-09,,0.00
5705,4,current,USD,2024-02-17,,500.00
5706,271,credit_card,USD,2024-04-23,,0.00
5707,97,current,GBP,2025-12-27,,500.00
5708,3,current,GBP,2024-01-31,,1000.00
5709,55,current,GBP,2024-10-07,,1000.00
5710,1,savings,GBP,2025-08-08,,0.00
5711,850,credit_card,EUR,2024-04-15,,0.00
5712,28,savings,USD,2024-07-27,,0.00
5713,69,savings,USD,2025-02-27,,0.00
5714,2928,current,GBP,2025-11-04,,1000.00
5715,16,credit_card,GBP,2024-04-10,,0.00
5716,28,current,GBP,2025-01-27,,0.00
5717,2,current,USD,2024-10-04,,250.00
5718,9,current,EUR,2024-12-23,,1000.00
5719,1,current,USD,2024-02-27,,250.00
5720,28,savings,GBP,2025-02-08,,0.00
5721,58,current,GBP,2024-10-09,,2000.00
5722,10,current,GBP,2025-11-22,,1000.00
5723,1,current,GBP,2025-03-03,,1000.00
5724,1,current,USD,2024-08-14,2024-10-16,0.00
5725,1,savings,USD,2024-11-10,,0.00
5726,429,savings,EUR,2025-01-22,,0.00
5727,57,current,GBP,2025-05-10,,250.00
5728,38,current,GBP,2024-08-18,,2000.00
5729,11,current,GBP,2025-09-28,,2000.00
5730,4,credit_card,GBP,2025-06-24,,0.00
5731,2396,current,USD,2024-10-29,,2000.00
5732,1,credit_card,GBP,2024-02-10,,0.00
5733,23,current,GBP,2024-12-12,,1000.00
5734,42,savings,EUR,2024-02-29,,0.00
5735,3667,credit_card,USD,2024-10-20,,0.00
5736,23,current,GBP,2024-01-31,,250.00
5737,1628,savings,GBP,2024-01-26,,0.00
5738,672,current,EUR,2025-06-21,2025-08-30,500.00
5739,1,savings,GBP,2024-10-30,2025-12-22,0.00
5740,174,current,USD,2024-06-09,,250.00
5741,5,current,GBP,2025-04-01,,0.00
5742,1067,loan,GBP,2024-07-31,,0.00
5743,27,current,GBP,2025-05-21,,2000.00
5744,2602,current,USD,2025-09-14,,250.00
5745,1,savings,GBP,2025-02-13,,0.00
5746,381,current,USD,2024-02-21,,2000.00
5747,1288,savings,USD,2025-05-20,,0.00
5748,188,current,GBP,2024-05-31,,2000.00
5749,7913,credit_card,USD,2025-12-13,,0.00
5750,14,credit_card,GBP,2024-05-18,,0.00
5751,1,loan,USD,2025-09-27,,0.00
5752,351,credit_card,GBP,2024-04-26,,0.00
5753,49,current,GBP,2025-11-15,,2000.00
5754,1,current,USD,2025-01-02,,2000.00
5755,2,savings,USD,2024-08-10,,0.00
5756,33,savings,GBP,2024-03-27,,0.00
5757,14,current,EUR,2024-01-21,,2000.00
5758,2062,current,USD,2024-08-18,,1000.00
5759,19,current,GBP,2024-12-07,,0.00
5760,2587,savings,GBP,2025-08-07,,0.00
5761,54,credit_card,GBP,2025-03-21,,0.00
5762,2,credit_card,GBP,2024-04-07,,0.00
5763,2,current,GBP,2025-06-17,,2000.00
5764,2160,current,USD,2025-02-02,,250.00
5765,4,current,GBP,2024-12-30,,500.00
5766,44,credit_card,USD,2025-04-25,2025-08-28,0.00
5767,226,current,USD,2024-04-25,,0.00
5768,29,credit_card,GBP,2025-04-30,,0.00
5769,540,savings,USD,2025-07-15,,0.00
5770,1,savings,USD,2025-01-30,,0.00
5771,1,loan,GBP,2025-10-06,,0.00
5772,1,credit_card,GBP,2024-07-30,,0.00
5773,18,current,USD,2025-09-30,,500.00
5774,209,savings,USD,2025-05-06,2026-02-02,0.00
5775,269,current,GBP,2025-08-14,,2000.00
5776,2,current,EUR,2024-09-10,,500.00
5777,12,credit_card,GBP,2024-05-18,,0.00
5778,753,current,EUR,2025-05-21,,500.00
5779,669,loan,GBP,2024-12-09,,0.00
5780,1,current,USD,2024-08-30,,500.00
5781,29,credit_card,EUR,2025-09-03,,0.00
5782,7,savings,USD,2024-01-12,,0.00
5783,13,current,GBP,2025-12-28,,250.00
5784,201,current,GBP,2024-12-06,,500.00
5785,595,loan,GBP,2025-09-23,,0.00
5786,5,current,GBP,2024-07-06,,250.00
5787,1,current,GBP,2025-01-03,,2000.00
5788,5817,savings,GBP,2024-11-03,,0.00
5789,5,current,GBP,2024-10-12,,1000.00
5790,4,credit_card,GBP,2025-03-06,,0.00
5791,35,current,GBP,2024-02-03,,500.00
5792,6,savings,GBP,2025-11-08,,0.00
5793,3673,current,GBP,2024-05-09,2025-02-24,2000.00
5794,113,current,USD,2024-10-11,,2000.00
5795,53,current,GBP,2025-07-16,,250.00
5796,510,credit_card,GBP,2025-03-26,,0.00
5797,6,savings,USD,2025-04-21,,0.00
5798,1525,current,USD,2024-04-23,,250.00
5799,1,savings,GBP,2025-08-16,2025-11-30,0.00
5800,3,savings,GBP,2025-06-30,,0.00
5801,11,savings,GBP,2025-02-26,,0.00
5802,1,current,GBP,2025-12-03,,0.00
5803,1,current,EUR,2025-11-26,2026-02-21,0.00
5804,35,savings,EUR,2025-12-01,,0.00
5805,1570,savings,USD,2025-11-21,,0.00
5806,13,current,GBP,2024-11-11,,500.00
5807,2005,savings,GBP,2025-11-13,,0.00
5808,5,savings,GBP,2025-05-16,,0.00
5809,309,current,GBP,2025-10-13,,500.00
5810,6,current,GBP,2025-04-22,,500.00
5811,1,current,GBP,2024-09-23,,0.00
5812,1,current,EUR,2025-04-05,,250.00
5813,4699,loan,GBP,2024-05-18,,0.00
5814,2032,credit_card,GBP,2024-07-22,,0.00
5815,344,current,GBP,2024-07-31,,1000.00
5816,2,current,GBP,2024-10-18,,0.00
5817,15,current,EUR,2024-12-19,,1000.00
5818,3,loan,EUR,2025-12-26,,0.00
5819,9,savings,GBP,2025-07-17,2025-11-23,0.00
5820,21,loan,GBP,2024-08-30,,0.00
5821,2,loan,USD,2025-02-24,2025-03-31,0.00
5822,2096,current,GBP,2024-10-21,,250.00
5823,31,credit_card,USD,2024-11-08,,0.00
5824,3,current,EUR,2024-12-15,,2000.00
5825,1,current,EUR,2025-10-02,,1000.00
5826,65,loan,USD,2024-03-19,,0.00
5827,20,credit_card,USD,2025-05-21,,0.00
5828,50,current,EUR,2025-12-17,,500.00
5829,2952,savings,EUR,2025-09-01,,0.00
5830,189,current,GBP,2025-04-15,,0.00
5831,38,current,GBP,2024-06-09,,0.00
5832,61,savings,GBP,2024-08-09,2024-12-04,0.00
5833,118,credit_card,USD,2024-05-28,,0.00
5834,2,savings,USD,2025-07-22,,0.00
5835,7396,savings,GBP,2025-12-25,,0.00
5836,3,current,GBP,2025-12-26,2027-01-07,1000.00
5837,4600,current,GBP,2024-08-20,,500.00
5838,94,current,EUR,2025-07-26,,0.00
5839,13,current,EUR,2025-10-07,,1000.00
5840,1,credit_card,USD,2025-02-28,,0.00
5841,25,current,EUR,2025-01-08,,250.00
5842,47,savings,GBP,2024-05-02,,0.00
5843,316,loan,GBP,2024-01-11,2024-04-10,0.00
5844,7210,savings,EUR,2025-06-29,,0.00
5845,16,current,GBP,2024-07-20,,2000.00
5846,5,credit_card,GBP,2024-04-28,,0.00
5847,1,savings,GBP,2025-06-20,,0.00
5848,59,current,USD,2025-12-03,2026-08-27,0.00
5849,2,savings,GBP,2025-06-07,,0.00
5850,170,current,GBP,2024-09-18,,0.00
5851,13,current,USD,2024-11-24,,2000.00
5852,6,savings,GBP,2025-04-01,,0.00
5853,1017,current,GBP,2024-09-08,,500.00
5854,119,savings,USD,2024-12-16,2025-06-25,0.00
5855,539,current,GBP,2025-10-24,,2000.00
5856,1,current,USD,2025-01-04,,500.00
5857,4610,savings,GBP,2024-04-16,2025-01-24,0.00
5858,1,savings,GBP,2025-08-10,,0.00
5859,8780,current,USD,2025-04-14,2026-08-20,500.00
5860,1,loan,USD,2025-03-18,,0.00
5861,409,savings,GBP,2024-12-25,,0.00
5862,267,savings,GBP,2024-06-05,,0.00
5863,3,savings,GBP,2025-10-23,,0.00
5864,278,current,GBP,2024-10-05,,250.00
5865,2,credit_card,EUR,2024-07-16,,0.00
5866,208,savings,GBP,2024-10-01,,0.00
5867,1,credit_card,USD,2025-02-06,2026-05-13,0.00
5868,29,current,USD,2025-11-03,,0.00
5869,2,credit_card,GBP,2025-09-22,,0.00
5870,1411,current,GBP,2025-09-09,,500.00
5871,3831,current,GBP,2024-08-03,,500.00
5872,1,current,GBP,2024-07-15,,2000.00
5873,2,savings,EUR,2024-07-23,2025-01-11,0.00
5874,141,current,EUR,2024-08-17,,0.00
5875,2,loan,GBP,2025-06-27,,0.00
5876,19,credit_card,GBP,2024-07-05,,0.00
5877,113,current,GBP,2025-04-12,,250.00
5878,236,savings,EUR,2025-05-19,,0.00
5879,338,savings,EUR,2024-06-16,,0.00
5880,2,current,EUR,2024-09-17,,500.00
5881,8,loan,GBP,2024-09-15,,0.00
5882,517,current,GBP,2024-11-09,,2000.00
5883,11,current,GBP,2025-12-17,,2000.00
5884,1729,savings,USD,2025-12-31,2026-07-24,0.00
5885,21,credit_card,GBP,2025-07-26,,0.00
5886,27,credit_card,GBP,2024-12-26,,0.00
5887,7,current,GBP,2025-01-26,,0.00
5888,9,savings,EUR,2024-11-13,,0.00
5889,33,current,USD,2024-01-01,,250.00
5890,24,savings,USD,2025-10-01,,0.00
5891,17,current,GBP,2025-10-23,,1000.00
5892,53,loan,GBP,2025-04-06,,0.00
5893,12,credit_card,GBP,2025-05-12,,0.00
5894,41,savings,USD,2024-03-14,,0.00
5895,1529,savings,GBP,2025-11-14,,0.00
5896,4,loan,EUR,2024-05-22,2024-08-18,0.00
5897,3,credit_card,GBP,2024-05-04,2025-03-15,0.00
5898,6,savings,GBP,2024-11-02,,0.00
5899,210,savings,GBP,2024-12-28,,0.00
5900,487,savings,GBP,2024-03-10,,0.00
5901,4,credit_card,GBP,2025-12-01,,0.00
5902,22,savings,EUR,2024-03-11,,0.00
5903,3,current,EUR,2024-01-28,,1000.00
5904,2,current,GBP,2025-12-28,,1000.00
5905,9,credit_card,GBP,2025-12-04,,0.00
5906,2068,current,GBP,2024-05-05,2025-01-11,500.00
5907,3482,current,GBP,2025-12-20,,500.00
5908,229,credit_card,EUR,2025-11-17,,0.00
5909,478,current,USD,2024-11-24,,1000.00
5910,154,savings,GBP,2025-05-12,,0.00
5911,2,current,USD,2024-12-23,,0.00
5912,818,credit_card,GBP,2024-04-26,,0.00
5913,81,current,GBP,2025-11-20,,1000.00
5914,1,savings,GBP,2024-12-11,,0.00
5915,1,current,GBP,2024-01-06,,0.00
5916,3,current,EUR,2025-07-07,2026-01-26,1000.00
5917,503,current,GBP,2024-06-15,,250.00
5918,55,current,EUR,2025-02-14,,1000.00
5919,1623,savings,GBP,2024-12-04,,0.00
5920,730,current,USD,2025-08-06,,2000.00
5921,284,loan,GBP,2025-10-06,,0.00
5922,10,savings,GBP,2024-06-14,,0.00
5923,104,current,GBP,2025-01-10,,250.00
5924,23,current,GBP,2025-10-22,,2000.00
5925,171,current,USD,2025-01-03,,0.00
5926,1,current,EUR,2024-11-15,,1000.00
5927,439,savings,GBP,2025-05-06,,0.00
5928,1,credit_card,GBP,2024-04-26,,0.00
5929,4,savings,EUR,2024-11-10,,0.00
5930,125,savings,GBP,2025-12-14,,0.00
5931,2,current,GBP,2024-02-05,,1000.00
5932,126,current,GBP,2025-08-08,,500.00
5933,1,credit_card,GBP,2025-06-11,,0.00
5934,121,credit_card,GBP,2024-11-14,,0.00
5935,12,current,EUR,2024-02-15,,0.00
5936,1,savings,GBP,2024-08-25,,0.00
5937,8,current,USD,2024-03-31,,0.00
5938,24,current,GBP,2025-07-08,,0.00
5939,54,current,USD,2025-11-05,,500.00
5940,189,savings,GBP,2025-09-18,,0.00
5941,4192,current,USD,2025-05-24,,1000.00
5942,11,savings,GBP,2025-01-30,,0.00
5943,3356,current,GBP,2024-12-03,2025-07-02,1000.00
5944,496,current,USD,2025-05-14,,250.00
5945,7,savings,USD,2025-10-26,,0.00
5946,64,savings,GBP,2025-02-05,,0.00
5947,2,credit_card,USD,2025-10-31,,0.00
5948,1,savings,USD,2024-11-22,,0.00
5949,596,savings,GBP,2024-09-17,,0.00
5950,801,savings,GBP,2025-09-23,,0.00
5951,1215,current,GBP,2025-08-09,,2000.00
5952,13,loan,GBP,2024-05-12,,0.00
5953,3938,savings,GBP,2024-09-12,,0.00
5954,6,savings,GBP,2024-09-04,,0.00
5955,6,current,GBP,2025-12-12,,0.00
5956,303,savings,GBP,2025-05-27,,0.00
5957,3,savings,USD,2025-05-11,,0.00
5958,1,savings,GBP,2025-10-02,,0.00
5959,8726,savings,GBP,2024-03-16,,0.00
5960,4,credit_card,GBP,2025-04-04,,0.00
5961,122,current,GBP,2025-12-27,,500.00
5962,1,current,GBP,2025-01-27,,1000.00
5963,1,current,GBP,2024-04-26,,2000.00
5964,2,credit_card,GBP,2024-02-18,,0.00
5965,55,savings,GBP,2024-12-18,,0.00
5966,1,current,USD,2024-09-07,,2000.00
5967,22,current,EUR,2024-01-28,,1000.00
5968,2,current,GBP,2024-02-09,,500.00
5969,1015,savings,USD,2024-09-14,,0.00
5970,109,credit_card,GBP,2024-01-31,,0.00
5971,724,savings,USD,2025-11-22,,0.00
5972,1,savings,USD,2025-08-31,,0.00
5973,18,current,EUR,2024-02-13,,2000.00
5974,1,current,EUR,2025-05-07,,1000.00
5975,2698,current,GBP,2024-11-09,,2000.00
5976,1,current,EUR,2024-09-13,,0.00
5977,2,savings,GBP,2025-07-23,,0.00
5978,1,loan,GBP,2025-02-26,,0.00
5979,53,savings,EUR,2025-02-27,,0.00
5980,15,loan,USD,2025-08-27,,0.00
5981,14,savings,USD,2024-07-15,,0.00
5982,117,current,GBP,2025-01-26,,0.00
5983,1,savings,GBP,2024-09-08,,0.00
5984,2,current,GBP,2025-02-26,,2000.00
5985,4072,current,GBP,2024-01-09,,0.00
5986,261,credit_card,GBP,2024-04-02,2025-04-23,0.00
5987,10,savings,GBP,2024-06-11,,0.00
5988,5,current,USD,2024-03-17,,500.00
5989,40,savings,USD,2025-06-22,,0.00
5990,3150,savings,GBP,2024-01-06,,0.00
5991,1,savings,GBP,2025-03-21,,0.00
5992,2028,credit_card,USD,2024-10-14,,0.00
5993,143,savings,USD,2024-08-08,,0.00
5994,1,current,GBP,2024-05-22,,250.00
5995,29,current,EUR,2024-08-14,,250.00
5996,2,current,GBP,2025-03-16,,500.00
5997,2,current,USD,2025-07-26,,2000.00
5998,1,credit_card,USD,2025-01-18,,0.00
5999,85,credit_card,EUR,2025-11-03,,0.00
6000,1,current,GBP,2025-02-07,,250.00
6001,123,savings,GBP,2024-01-30,,0.00
6002,3,savings,GBP,2024-03-12,,0.00
6003,130,current,GBP,2024-01-15,,0.00
6004,14,current,GBP,2024-09-15,,250.00
6005,6812,current,USD,2025-11-25,,2000.00
6006,4,credit_card,GBP,2024-09-11,,0.00
6007,360,credit_card,USD,2025-10-23,,0.00
6008,28,savings,GBP,2025-12-22,,0.00
6009,261,current,USD,2025-08-17,,250.00
6010,5100,current,GBP,2024-02-12,,500.00
6011,2,credit_card,GBP,2025-08-28,,0.00
6012,55,current,USD,2024-11-16,,250.00
6013,4434,current,GBP,2025-12-21,,500.00
6014,9,current,EUR,2025-02-25,,1000.00
6015,3,credit_card,USD,2025-05-09,,0.00
6016,7,current,GBP,2024-11-20,,250.00
6017,84,savings,GBP,2025-09-04,,0.00
6018,95,current,GBP,2024-08-26,,500.00
6019,787,savings,GBP,2025-03-20,,0.00
6020,54,loan,GBP,2024-05-10,,0.00
6021,65,savings,GBP,2025-02-12,2026-06-09,0.00
6022,5918,current,GBP,2025-08-28,,1000.00
6023,108,current,GBP,2025-06-13,,500.00
6024,1,current,GBP,2025-11-25,2026-06-13,1000.00
6025,3822,savings,USD,2025-07-17,,0.00
6026,32,credit_card,GBP,2024-10-18,,0.00
6027,2194,current,EUR,2024-02-26,,0.00
6028,10,current,GBP,2024-09-11,,0.00
6029,2,current,GBP,2025-04-26,,500.00
6030,10,current,EUR,2025-07-18,,2000.00
6031,2151,loan,EUR,2025-11-06,,0.00
6032,2,credit_card,EUR,2024-12-21,,0.00
6033,2,savings,GBP,2025-11-09,,0.00
6034,4495,current,USD,2024-12-16,,2000.00
6035,2432,current,USD,2024-04-20,,0.00
6036,1,current,USD,2025-08-28,2026-08-10,2000.00
6037,1,savings,USD,2024-05-19,,0.00
6038,30,current,GBP,2025-09-08,,0.00
6039,2986,savings,USD,2025-10-20,,0.00
6040,1,current,EUR,2024-10-18,,2000.00
6041,75,current,GBP,2024-12-15,,500.00
6042,610,current,EUR,2025-11-25,,1000.00
6043,1,savings,GBP,2024-11-21,,0.00
6044,14,loan,GBP,2024-03-07,,0.00
6045,3,current,USD,2024-04-10,,0.00
6046,1,current,GBP,2025-11-04,,0.00
6047,96,savings,GBP,2024-12-05,,0.00
6048,8987,savings,GBP,2025-06-07,,0.00
6049,756,current,EUR,2025-09-07,,500.00
6050,86,credit_card,USD,2024-01-18,,0.00
6051,1,savings,EUR,2024-02-14,,0.00
6052,1,current,EUR,2025-08-03,,1000.00
6053,4,current,GBP,2025-11-25,,250.00
6054,1,savings,GBP,2025-02-26,,0.00
6055,1,current,GBP,2025-06-28,,500.00
6056,68,credit_card,EUR,2024-06-10,,0.00
6057,3,credit_card,GBP,2025-01-08,,0.00
6058,1,credit_card,USD,2024-05-17,,0.00
6059,1,current,GBP,2025-11-03,,500.00
6060,4,savings,USD,2024-03-21,,0.00
6061,1,current,GBP,2024-01-01,,250.00
6062,7300,loan,USD,2024-12-09,,0.00
6063,697,credit_card,EUR,2025-02-09,,0.00
6064,6,current,GBP,2024-06-15,,1000.00
6065,727,current,EUR,2025-01-11,,1000.00
6066,5,savings,GBP,2024-11-19,,0.00
6067,210,current,GBP,2025-01-06,,500.00
6068,1,current,GBP,2025-02-20,,0.00
6069,8,savings,GBP,2025-12-06,,0.00
6070,1,savings,EUR,2024-07-24,,0.00
6071,3,credit_card,GBP,2024-11-14,,0.00
6072,493,loan,USD,2024-08-02,,0.00
6073,32,current,USD,2024-05-16,,0.00
6074,111,savings,USD,2025-07-13,,0.00
6075,2,current,GBP,2024-04-19,,0.00
6076,12,credit_card,USD,2025-02-11,,0.00
6077,7103,current,EUR,2025-01-08,,1000.00
6078,3,credit_card,EUR,2024-07-23,,0.00
6079,79,credit_card,GBP,2024-03-01,,0.00
6080,14,savings,USD,2025-04-07,,0.00
6081,2744,savings,GBP,2024-09-08,,0.00
6082,2,current,GBP,2024-09-29,,0.00
6083,82,current,GBP,2025-11-28,,1000.00
6084,3300,current,GBP,2025-10-18,,500.00
6085,185,current,GBP,2025-08-23,,1000.00
6086,30,savings,USD,2025-08-09,,0.00
6087,15,current,USD,2024-08-18,2024-10-24,2000.00
6088,1,credit_card,GBP,2025-03-09,,0.00
6089,53,current,USD,2025-11-24,,250.00
6090,123,current,GBP,2025-09-27,,1000.00
6091,821,loan,GBP,2024-12-21,,0.00
6092,1,current,GBP,2024-11-14,,2000.00
6093,6,current,GBP,2024-07-06,,250.00
6094,1669,current,EUR,2024-03-14,2024-07-13,0.00
6095,4,credit_card,USD,2025-12-31,,0.00
6096,35,current,USD,2024-02-09,,250.00
6097,1,current,EUR,2025-11-11,,250.00
6098,1,current,GBP,2024-07-18,,2000.00
6099,110,current,GBP,2024-07-23,,500.00
6100,4928,current,GBP,2024-06-25,,2000.00
6101,267,current,GBP,2025-03-01,,2000.00
6102,274,current,GBP,2024-01-13,,250.00
6103,7605,current,USD,2024-07-12,,500.00
6104,392,savings,GBP,2024-05-20,,0.00
6105,161,loan,GBP,2024-05-30,,0.00
6106,29,savings,GBP,2024-05-31,2025-06-06,0.00
6107,1,savings,GBP,2024-07-22,2025-10-21,0.00
6108,15,credit_card,GBP,2024-02-07,,0.00
6109,237,credit_card,EUR,2025-01-24,,0.00
6110,4,savings,USD,2024-07-24,,0.00
6111,1733,savings,USD,2025-10-04,,0.00
6112,785,savings,GBP,2024-12-14,,0.00
6113,137,credit_card,GBP,2025-11-05,,0.00
6114,2510,current,USD,2025-01-14,,0.00
6115,3,current,USD,2025-04-05,,250.00
6116,29,current,GBP,2024-12-21,,0.00
6117,7772,savings,GBP,2025-09-05,,0.00
6118,13,savings,GBP,2024-10-19,2024-12-09,0.00
6119,3,savings,GBP,2024-07-17,,0.00
6120,4,loan,GBP,2025-10-15,,0.00
6121,5,current,EUR,2025-06-10,,500.00
6122,991,savings,GBP,2024-04-15,,0.00
6123,61,credit_card,USD,2024-11-26,,0.00
6124,199,current,USD,2025-10-04,,0.00
6125,8,current,GBP,2025-04-01,,0.00
6126,1847,current,EUR,2025-12-04,,500.00
6127,1,savings,GBP,2024-12-31,,0.00
6128,1,savings,GBP,2024-06-14,,0.00
6129,121,savings,GBP,2024-06-16,,0.00
6130,6,credit_card,EUR,2025-10-07,,0.00
6131,16,loan,USD,2024-03-15,2025-05-01,0.00
6132,14,current,EUR,2025-05-18,,2000.00
6133,30,savings,GBP,2025-07-10,,0.00
6134,296,current,USD,2025-01-18,,250.00
6135,1252,credit_card,GBP,2025-05-19,,0.00
6136,2,loan,GBP,2024-12-31,,0.00
6137,1,savings,USD,2024-07-09,,0.00
6138,7,credit_card,USD,2025-01-24,,0.00
6139,1,current,GBP,2024-11-22,,250.00
6140,212,savings,GBP,2024-11-28,2026-04-10,0.00
6141,2,savings,USD,2025-01-24,2026-02-22,0.00
6142,46,savings,GBP,2024-01-16,,0.00
6143,3730,current,GBP,2025-05-27,,2000.00
6144,104,current,GBP,2024-03-25,,2000.00
6145,49,current,USD,2025-08-29,,250.00
6146,47,savings,USD,2025-08-26,,0.00
6147,647,current,GBP,2024-11-01,,250.00
6148,3,savings,GBP,2025-10-22,,0.00
6149,3,savings,USD,2025-03-02,,0.00
6150,4161,current,GBP,2025-02-12,,1000.00
6151,1,current,EUR,2024-12-22,,1000.00
6152,7411,credit_card,GBP,2025-02-24,,0.00
6153,4412,savings,USD,2024-08-22,,0.00
6154,5,loan,GBP,2024-02-25,,0.00
6155,281,loan,EUR,2025-05-30,,0.00
6156,2,savings,GBP,2024-02-09,,0.00
6157,3,current,USD,2025-11-25,,500.00
6158,195,current,GBP,2024-12-23,,0.00
6159,1,credit_card,GBP,2025-10-18,,0.00
6160,11,savings,GBP,2025-08-07,,0.00
6161,4,current,USD,2024-02-24,,2000.00
6162,8251,loan,GBP,2024-12-08,,0.00
6163,2,savings,GBP,2025-12-09,,0.00
6164,575,current,GBP,2024-05-17,,0.00
6165,29,credit_card,GBP,2024-07-20,2025-11-19,0.00
6166,2,current,USD,2024-06-15,,0.00
6167,130,loan,GBP,2025-06-01,,0.00
6168,1,loan,GBP,2025-07-09,,0.00
6169,436,current,USD,2025-08-18,2025-09-26,1000.00
6170,3019,loan,EUR,2024-08-11,,0.00
6171,60,current,EUR,2025-05-07,,1000.00
6172,1,loan,GBP,2025-04-30,,0.00
6173,5,loan,GBP,2025-11-23,,0.00
6174,533,savings,GBP,2024-12-21,,0.00
6175,8471,current,GBP,2024-07-21,,250.00
6176,2,current,GBP,2025-10-01,,250.00
6177,2,savings,GBP,2024-07-14,,0.00
6178,335,current,USD,2024-02-22,,500.00
6179,379,current,EUR,2025-01-20,,250.00
6180,5546,current,EUR,2025-10-06,2026-02-21,250.00
6181,9,current,GBP,2025-11-07,,2000.00
6182,832,savings,USD,2024-08-08,,0.00
6183,14,current,GBP,2024-06-23,,1000.00
6184,11,credit_card,GBP,2024-01-28,,0.00
6185,13,current,GBP,2024-08-16,,250.00
6186,191,loan,GBP,2025-11-18,,0.00
6187,3,current,GBP,2024-09-10,,1000.00
6188,2,current,USD,2024-11-13,,500.00
6189,44,current,USD,2025-09-27,,0.00
6190,8,loan,USD,2025-03-16,,0.00
6191,10,current,GBP,2025-03-07,,2000.00
6192,290,current,GBP,2025-01-15,,1000.00
6193,65,current,GBP,2025-04-14,,1000.00
6194,1208,savings,GBP,2025-07-24,,0.00
6195,173,savings,USD,2025-11-15,,0.00
6196,303,current,USD,2025-01-25,2026-05-19,250.00
6197,29,credit_card,GBP,2025-01-09,,0.00
6198,535,credit_card,GBP,2024-06-04,,0.00
6199,26,current,GBP,2025-10-24,,1000.00
6200,6,current,EUR,2025-08-09,,0.00
6201,2,current,USD,2024-07-03,,1000.00
6202,590,current,EUR,2025-06-05,,2000.00
6203,8,current,GBP,2025-08-23,2025-12-11,1000.00
6204,5,current,EUR,2024-05-19,,500.00
6205,1,savings,USD,2024-09-22,,0.00
6206,104,savings,GBP,2025-08-09,,0.00
6207,2,savings,USD,2024-09-22,,0.00
6208,786,savings,EUR,2025-11-15,,0.00
6209,138,current,GBP,2025-07-17,,0.00
6210,166,credit_card,USD,2024-08-05,,0.00
6211,1,loan,EUR,2025-01-25,,0.00
6212,1,current,GBP,2024-06-24,2025-10-05,1000.00
6213,3173,savings,GBP,2024-08-06,,0.00
6214,35,current,GBP,2025-12-14,,2000.00
6215,105,current,GBP,2025-12-05,,1000.00
6216,8,current,GBP,2025-08-05,,500.00
6217,3411,current,USD,2024-08-21,,0.00
6218,2,savings,GBP,2024-10-19,,0.00
6219,7,savings,USD,2025-09-17,,0.00
6220,45,savings,GBP,2024-01-16,,0.00
6221,179,current,USD,2024-12-06,,500.00
6222,21,current,USD,2024-08-22,,2000.00
6223,2771,savings,GBP,2024-06-08,2024-08-26,0.00
6224,510,current,GBP,2025-08-09,,500.00
6225,1,savings,GBP,2024-10-01,,0.00
6226,420,current,USD,2025-10-10,,500.00
6227,41,current,EUR,2024-11-03,,2000.00
6228,298,current,GBP,2024-10-25,,500.00
6229,91,current,GBP,2025-12-11,,500.00
6230,79,current,GBP,2024-05-25,,500.00
6231,7595,current,GBP,2024-02-15,,250.00
6232,178,savings,GBP,2025-06-24,,0.00
6233,1,current,GBP,2025-07-12,2026-07-15,1000.00
6234,1,credit_card,EUR,2024-05-31,,0.00
6235,33,credit_card,GBP,2025-02-23,,0.00
6236,5,current,GBP,2025-07-10,2026-06-25,500.00
6237,142,current,USD,2025-11-01,2026-08-02,250.00
6238,25,credit_card,USD,2025-09-01,,0.00
6239,1,current,GBP,2024-01-19,2025-05-27,1000.00
6240,2,current,GBP,2025-11-04,,1000.00
6241,2290,current,GBP,2024-03-25,,250.00
6242,5,savings,USD,2025-04-26,,0.00
6243,38,current,GBP,2025-07-02,,2000.00
6244,6498,savings,GBP,2024-11-19,,0.00
6245,10,savings,GBP,2025-12-11,,0.00
6246,655,savings,GBP,2025-04-01,,0.00
6247,1,savings,GBP,2025-01-03,,0.00
6248,7,current,USD,2025-06-25,,0.00
6249,3,loan,GBP,2025-06-30,,0.00
6250,4874,credit_card,GBP,2024-02-03,,0.00
6251,164,credit_card,GBP,2024-04-06,,0.00
6252,1902,savings,EUR,2025-12-17,,0.00
6253,2,current,USD,2025-06-04,,2000.00
6254,26,current,GBP,2024-10-13,,250.00
6255,3,current,EUR,2025-10-03,,250.00
6256,1,credit_card,GBP,2025-03-06,,0.00
6257,6910,savings,GBP,2024-09-28,,0.00
6258,1,current,USD,2025-04-26,,1000.00
6259,5,credit_card,USD,2024-07-01,,0.00
6260,1,current,GBP,2025-03-02,,1000.00
6261,876,current,GBP,2024-03-30,,500.00
6262,1,current,GBP,2025-09-22,,500.00
6263,63,credit_card,GBP,2024-08-05,,0.00
6264,169,savings,GBP,2025-12-29,,0.00
6265,2,credit_card,USD,2025-11-23,2026-02-18,0.00
6266,3130,credit_card,GBP,2024-09-27,,0.00
6267,13,savings,GBP,2025-03-02,,0.00
6268,3,loan,GBP,2025-01-11,,0.00
6269,2,savings,USD,2024-09-27,,0.00
6270,3,current,GBP,2024-11-10,,1000.00
6271,129,current,GBP,2024-02-05,,250.00
6272,10,savings,USD,2024-05-30,,0.00
6273,15,savings,GBP,2024-03-21,,0.00
6274,2960,current,GBP,2025-08-22,2026-06-05,1000.00
6275,83,current,USD,2024-09-25,,0.00
6276,2121,savings,USD,2024-05-02,,0.00
6277,5,current,USD,2025-12-10,,1000.00
6278,38,savings,GBP,2024-11-06,2025-04-18,0.00
6279,1,savings,EUR,2024-11-17,2025-08-29,0.00
6280,2087,credit_card,GBP,2025-07-20,,0.00
6281,181,current,GBP,2025-05-17,,1000.00
6282,1,current,GBP,2024-10-08,2026-02-19,500.00
6283,2079,current,GBP,2025-02-24,,1000.00
6284,151,current,GBP,2025-12-08,,2000.00
6285,1,savings,EUR,2025-06-07,,0.00
6286,1,credit_card,EUR,2025-06-27,2025-08-06,0.00
6287,8,savings,USD,2025-11-12,,0.00
6288,17,savings,USD,2024-12-29,,0.00
6289,2,credit_card,GBP,2024-06-21,2025-08-11,0.00
6290,338,savings,GBP,2024-06-02,,0.00
6291,1921,savings,GBP,2024-02-29,,0.00
6292,13,loan,USD,2024-11-19,2025-10-27,0.00
6293,5,loan,GBP,2025-04-14,2026-04-20,0.00
6294,6290,current,GBP,2025-05-06,,0.00
6295,726,savings,USD,2025-03-01,,0.00
6296,9,current,GBP,2024-08-20,,1000.00
6297,3352,savings,GBP,2025-07-03,,0.00
6298,29,savings,GBP,2025-12-26,,0.00
6299,472,savings,USD,2024-04-10,,0.00
6300,53,savings,GBP,2024-12-30,,0.00
6301,3,credit_card,GBP,2024-06-09,,0.00
6302,214,savings,USD,2025-07-04,,0.00
6303,149,credit_card,GBP,2025-01-07,,0.00
6304,2,current,GBP,2024-08-03,2025-09-07,0.00
6305,7,current,GBP,2025-12-06,,0.00
6306,2,savings,GBP,2024-06-16,2024-11-27,0.00
6307,6425,savings,GBP,2025-08-14,,0.00
6308,8,savings,GBP,2025-02-10,,0.00
6309,2714,current,GBP,2025-07-07,,250.00
6310,19,savings,GBP,2024-10-20,,0.00
6311,3,savings,GBP,2024-06-20,,0.00
6312,1,current,GBP,2024-08-18,,0.00
6313,1,current,GBP,2024-10-14,,2000.00
6314,3,current,USD,2025-10-22,2026-11-11,1000.00
6315,343,current,GBP,2024-07-23,,1000.00
6316,8,current,GBP,2025-08-02,,250.00
6317,6,current,GBP,2024-10-01,2025-05-02,500.00
6318,1,loan,GBP,2025-06-27,,0.00
6319,1,savings,GBP,2025-11-25,,0.00
6320,2,credit_card,USD,2024-11-03,,0.00
6321,9,savings,GBP,2025-12-13,,0.00
6322,3296,credit_card,GBP,2025-12-03,,0.00
6323,1,current,GBP,2024-10-23,,0.00
6324,3,loan,USD,2024-07-10,,0.00
6325,4,current,USD,2024-02-28,,1000.00
6326,554,loan,USD,2025-06-28,,0.00
6327,1,savings,USD,2024-03-10,,0.00
6328,7,credit_card,GBP,2024-12-29,,0.00
6329,281,current,GBP,2024-10-20,,250.00
6330,25,current,USD,2024-01-16,2024-10-25,1000.00
6331,740,credit_card,GBP,2024-01-30,,0.00
6332,12,current,GBP,2024-11-14,,0.00
6333,21,current,GBP,2024-11-15,,1000.00
6334,140,loan,GBP,2024-04-01,,0.00
6335,6,current,GBP,2024-01-04,,250.00
6336,67,savings,GBP,2025-12-17,,0.00
6337,4248,savings,GBP,2024-11-09,,0.00
6338,7631,credit_card,USD,2024-06-25,,0.00
6339,7,current,GBP,2024-08-08,,0.00
6340,3881,current,EUR,2024-12-17,2026-03-25,500.00
6341,3187,savings,GBP,2025-10-23,,0.00
6342,81,current,EUR,2025-05-12,,250.00
6343,2,savings,GBP,2025-12-12,,0.00
6344,1,savings,GBP,2024-01-03,,0.00
6345,124,savings,USD,2025-06-15,,0.00
6346,4,loan,GBP,2025-04-13,,0.00
6347,769,current,GBP,2024-06-23,,1000.00
6348,14,loan,GBP,2024-01-27,,0.00
6349,2,current,GBP,2025-12-11,,250.00
6350,32,credit_card,EUR,2024-11-09,,0.00
6351,1,current,GBP,2025-09-19,,0.00
6352,5,current,EUR,2025-02-27,,250.00
6353,1253,current,USD,2025-12-25,,500.00
6354,12,current,GBP,2024-02-01,,500.00
6355,1450,savings,EUR,2024-10-19,,0.00
6356,3,current,EUR,2025-04-03,,1000.00
6357,167,savings,EUR,2025-11-03,,0.00
6358,2,loan,GBP,2024-10-01,,0.00
6359,459,credit_card,GBP,2025-09-30,,0.00
6360,10,current,EUR,2025-02-20,,2000.00
6361,1,current,GBP,2025-01-25,2025-08-19,1000.00
6362,919,current,GBP,2024-01-26,,2000.00
6363,4291,current,GBP,2024-01-10,,500.00
6364,1,current,USD,2025-09-10,,250.00
6365,8,current,GBP,2024-09-02,,250.00
6366,1,savings,GBP,2025-07-14,2026-06-20,0.00
6367,1,savings,GBP,2024-07-19,,0.00
6368,1802,current,GBP,2025-09-28,,1000.00
6369,6,current,GBP,2025-11-24,,250.00
6370,209,savings,USD,2025-06-01,,0.00
6371,7308,savings,GBP,2025-03-25,,0.00
6372,75,credit_card,USD,2025-12-18,,0.00
6373,7,current,EUR,2024-04-26,,1000.00
6374,318,savings,GBP,2024-10-26,2025-07-02,0.00
6375,7,savings,GBP,2025-05-26,,0.00
6376,117,savings,GBP,2024-12-03,,0.00
6377,1,current,GBP,2025-04-27,,1000.00
6378,127,savings,GBP,2024-09-16,,0.00
6379,15,current,EUR,2024-06-04,,500.00
6380,3,current,GBP,2025-12-11,,250.00
6381,3,savings,GBP,2024-08-12,,0.00
6382,1028,current,GBP,2025-12-14,,1000.00
6383,201,savings,USD,2025-09-28,,0.00
6384,1191,savings,GBP,2024-06-08,,0.00
6385,3,current,USD,2025-09-01,,1000.00
6386,3,current,EUR,2024-05-28,,500.00
6387,707,current,EUR,2025-10-24,2026-10-15,250.00
6388,1538,current,GBP,2025-08-18,,2000.00
6389,220,credit_card,GBP,2024-08-31,,0.00
6390,613,current,GBP,2025-03-25,,1000.00
6391,85,loan,USD,2024-09-04,,0.00
6392,31,savings,GBP,2024-02-02,,0.00
6393,2119,savings,USD,2025-06-27,,0.00
6394,2,savings,USD,2025-04-04,,0.00
6395,1,current,USD,2024-04-08,,1000.00
6396,74,credit_card,GBP,2024-06-11,,0.00
6397,945,current,USD,2024-04-02,,500.00
6398,1,current,EUR,2025-08-13,,500.00
6399,320,current,GBP,2025-10-21,,250.00
6400,6680,savings,USD,2025-07-31,,0.00
6401,2,savings,USD,2025-03-06,,0.00
6402,231,current,GBP,2025-10-09,2026-10-09,2000.00
6403,227,current,EUR,2025-08-05,,500.00
6404,128,savings,GBP,2024-04-22,,0.00
6405,109,savings,GBP,2024-03-03,,0.00
6406,63,credit_card,GBP,2025-01-05,,0.00
6407,88,savings,GBP,2025-03-31,,0.00
6408,4,savings,USD,2025-10-29,,0.00
6409,1,current,GBP,2024-06-28,,1000.00
6410,22,credit_card,USD,2025-02-21,,0.00
6411,2,current,GBP,2024-07-27,,0.00
6412,1147,current,GBP,2024-08-23,,1000.00
6413,72,current,EUR,2024-05-14,,250.00
6414,1,current,GBP,2025-09-06,,250.00
6415,2,savings,USD,2024-05-16,,0.00
6416,2712,current,GBP,2024-06-06,2025-03-18,250.00
6417,153,current,EUR,2024-11-28,,1000.00
6418,7,current,GBP,2025-11-07,,0.00
6419,117,credit_card,GBP,2025-12-09,,0.00
6420,91,current,GBP,2025-11-28,,500.00
6421,1,current,USD,2025-12-10,,0.00
6422,2445,savings,USD,2025-02-20,,0.00
6423,32,loan,GBP,2024-11-02,,0.00
6424,1234,current,GBP,2024-10-29,,0.00
6425,1503,savings,GBP,2025-05-23,,0.00
6426,2,current,GBP,2024-06-29,,0.00
6427,11,current,GBP,2024-05-05,,250.00
6428,1,savings,GBP,2024-10-05,,0.00
6429,5,savings,EUR,2025-01-25,,0.00
6430,2324,current,USD,2025-11-16,,250.00
6431,12,current,EUR,2025-01-23,,1000.00
6432,114,current,EUR,2025-05-31,,0.00
6433,1,savings,GBP,2024-11-22,,0.00
6434,20,savings,GBP,2025-03-23,,0.00
6435,153,credit_card,GBP,2024-03-01,,0.00
6436,4,current,GBP,2025-04-23,,250.00
6437,353,current,USD,2025-10-06,,500.00
6438,8,current,GBP,2025-07-05,,2000.00
6439,7,current,EUR,2024-09-08,,1000.00
6440,56,current,GBP,2024-10-15,,250.00
6441,3140,current,GBP,2025-10-03,,1000.00
6442,1,current,GBP,2025-07-16,,2000.00
6443,4,current,USD,2024-04-07,2024-08-04,1000.00
6444,2,current,GBP,2025-09-24,2027-02-06,250.00
6445,4,credit_card,EUR,2025-04-20,,0.00
6446,7,savings,GBP,2024-09-04,,0.00
6447,1034,savings,GBP,2025-05-25,,0.00
6448,7,current,GBP,2025-11-13,,250.00
6449,342,current,USD,2024-05-11,,2000.00
6450,60,loan,GBP,2024-08-29,,0.00
6451,39,current,USD,2024-02-23,,2000.00
6452,1,savings,GBP,2024-03-11,,0.00
6453,33,credit_card,EUR,2024-05-05,,0.00
6454,155,savings,GBP,2024-09-27,,0.00
6455,373,current,GBP,2024-05-05,,0.00
6456,1,loan,GBP,2024-04-05,,0.00
6457,6042,current,USD,2025-12-20,,250.00
6458,627,current,USD,2025-09-07,,0.00
6459,1,savings,USD,2024-10-01,,0.00
6460,124,current,USD,2025-12-14,,1000.00
6461,61,credit_card,GBP,2025-10-23,,0.00
6462,83,current,GBP,2025-10-03,,0.00
6463,192,savings,GBP,2025-09-05,,0.00
6464,2,credit_card,GBP,2024-11-13,,0.00
6465,2975,current,USD,2025-04-27,,2000.00
6466,119,savings,EUR,2024-12-23,2025-12-13,0.00
6467,17,credit_card,GBP,2024-09-20,,0.00
6468,551,credit_card,EUR,2024-12-03,,0.00
6469,914,current,USD,2025-08-23,,250.00
6470,16,current,GBP,2025-05-15,,1000.00
6471,4,current,GBP,2025-06-21,,250.00
6472,38,savings,GBP,2025-11-18,,0.00
6473,863,savings,GBP,2024-10-16,2026-01-06,0.00
6474,129,current,USD,2024-11-04,2025-11-06,0.00
6475,6307,savings,GBP,2024-04-08,,0.00
6476,1,credit_card,GBP,2025-03-28,,0.00
6477,2,current,GBP,2024-05-17,,500.00
6478,1,loan,USD,2025-10-23,,0.00
6479,254,savings,USD,2025-01-06,,0.00
6480,1,credit_card,GBP,2024-03-06,,0.00
6481,1442,credit_card,EUR,2024-09-21,,0.00
6482,4,savings,GBP,2025-06-23,,0.00
6483,2,current,GBP,2025-07-16,,250.00
6484,8252,savings,EUR,2025-02-16,,0.00
6485,1,credit_card,GBP,2025-07-08,,0.00
6486,6,savings,USD,2025-11-04,,0.00
6487,527,credit_card,GBP,2024-04-10,,0.00
6488,55,current,GBP,2024-03-03,,250.00
6489,4052,current,GBP,2024-06-07,,1000.00
6490,7482,credit_card,GBP,2024-02-07,,0.00
6491,6425,current,GBP,2024-07-13,2025-09-09,500.00
6492,39,savings,GBP,2024-09-27,,0.00
6493,1,current,EUR,2025-10-18,,1000.00
6494,8180,credit_card,USD,2024-12-17,,0.00
6495,53,current,GBP,2025-09-11,,0.00
6496,6,current,GBP,2024-12-11,,500.00
6497,5,current,GBP,2025-12-05,,2000.00
6498,4,savings,USD,2025-11-15,,0.00
6499,3417,current,USD,2024-11-04,,1000.00
6500,189,credit_card,GBP,2024-07-29,,0.00
6501,1501,credit_card,GBP,2024-07-12,2024-11-11,0.00
6502,880,savings,GBP,2024-07-11,,0.00
6503,3923,savings,GBP,2025-04-11,,0.00
6504,28,savings,GBP,2024-03-01,,0.00
6505,1675,current,GBP,2024-08-17,,2000.00
6506,1291,current,GBP,2024-08-26,,500.00
6507,19,savings,GBP,2025-05-24,,0.00
6508,64,credit_card,GBP,2025-08-24,,0.00
6509,16,current,EUR,2024-08-11,,2000.00
6510,431,current,EUR,2024-11-14,2025-04-16,250.00
6511,1,current,GBP,2025-01-05,2025-10-24,1000.00
6512,283,credit_card,USD,2025-08-06,,0.00
6513,7,current,GBP,2025-12-01,,0.00
6514,206,current,USD,2024-11-28,,2000.00
6515,1,current,GBP,2025-10-11,,2000.00
6516,4,savings,GBP,2024-12-13,,0.00
6517,410,current,GBP,2024-07-10,,1000.00
6518,1,savings,USD,2024-05-09,,0.00
6519,4136,savings,GBP,2024-12-17,,0.00
6520,109,credit_card,GBP,2025-02-10,,0.00
6521,50,current,GBP,2024-05-17,,500.00
6522,1,current,EUR,2024-08-31,,2000.00
6523,3225,loan,GBP,2024-10-22,,0.00
6524,81,current,USD,2024-06-05,2024-07-28,0.00
6525,868,loan,GBP,2024-06-18,,0.00
6526,7795,savings,GBP,2025-04-02,,0.00
6527,15,savings,GBP,2024-03-10,,0.00
6528,2039,savings,GBP,2025-02-16,,0.00
6529,330,savings,GBP,2025-08-01,,0.00
6530,45,savings,EUR,2025-04-13,,0.00
6531,1,credit_card,GBP,2025-12-06,,0.00
6532,118,savings,GBP,2025-10-11,,0.00
6533,46,current,GBP,2025-01-11,,500.00
6534,27,current,USD,2024-01-20,,1000.00
6535,4,loan,GBP,2025-01-29,,0.00
6536,49,current,EUR,2025-12-30,,2000.00
6537,72,current,GBP,2025-07-12,2025-11-03,0.00
6538,1,savings,EUR,2024-11-19,,0.00
6539,1,current,GBP,2025-11-30,,250.00
6540,7,savings,GBP,2024-01-22,,0.00
6541,4623,savings,GBP,2025-08-06,,0.00
6542,834,savings,GBP,2025-12-08,,0.00
6543,76,current,EUR,2025-12-26,,250.00
6544,1,current,EUR,2024-08-07,,2000.00
6545,1872,savings,USD,2024-01-13,,0.00
6546,9,current,GBP,2025-12-16,,500.00
6547,2,savings,EUR,2024-05-10,,0.00
6548,1,current,GBP,2025-08-04,,250.00
6549,2,current,EUR,2024-06-15,,1000.00
6550,6,current,USD,2025-03-02,,1000.00
6551,1,current,USD,2025-09-04,,500.00
6552,9,loan,EUR,2025-04-27,,0.00
6553,61,current,GBP,2025-05-27,2025-12-23,2000.00
6554,41,savings,GBP,2025-10-11,,0.00
6555,1,current,EUR,2025-08-05,2026-02-25,1000.00
6556,745,savings,GBP,2024-12-06,,0.00
6557,74,savings,GBP,2025-05-07,,0.00
6558,9,current,GBP,2025-11-18,,0.00
6559,21,savings,EUR,2024-11-27,,0.00
6560,117,current,GBP,2024-08-21,2024-10-28,1000.00
6561,6,savings,GBP,2025-08-28,,0.00
6562,15,current,GBP,2024-08-06,,2000.00
6563,1,savings,GBP,2024-01-23,,0.00
6564,1,savings,USD,2025-10-12,,0.00
6565,286,current,GBP,2025-11-01,,500.00
6566,1,current,GBP,2025-05-31,,250.00
6567,4810,current,GBP,2025-01-02,,0.00
6568,203,savings,GBP,2024-03-12,,0.00
6569,559,savings,GBP,2025-11-07,,0.00
6570,11,current,GBP,2024-01-01,2025-05-02,1000.00
6571,85,savings,USD,2024-04-06,,0.00
6572,163,current,USD,2024-10-12,,0.00
6573,3,savings,EUR,2024-05-13,,0.00
6574,4357,current,EUR,2025-10-07,,0.00
6575,8,current,GBP,2024-10-26,,500.00
6576,3191,current,EUR,2024-08-01,,1000.00
6577,3,savings,GBP,2025-07-08,,0.00
6578,6205,current,USD,2024-10-05,,2000.00
6579,35,current,GBP,2024-05-08,,500.00
6580,3,savings,GBP,2025-12-14,,0.00
6581,1,current,GBP,2024-10-14,,1000.00
6582,34,current,GBP,2025-01-18,,0.00
6583,1398,current,USD,2025-03-06,,2000.00
6584,138,savings,EUR,2024-07-29,,0.00
6585,2,current,GBP,2024-09-04,,0.00
6586,7070,current,EUR,2024-11-15,,250.00
6587,333,savings,GBP,2025-12-14,,0.00
6588,5,savings,GBP,2025-01-26,,0.00
6589,3298,loan,USD,2024-07-09,2024-09-07,0.00
6590,4,savings,GBP,2024-06-16,,0.00
6591,2,current,GBP,2024-12-27,,500.00
6592,4,savings,GBP,2025-04-20,,0.00
6593,1195,credit_card,EUR,2025-07-03,,0.00
6594,2,current,GBP,2024-07-22,,250.00
6595,1,current,GBP,2024-07-20,,2000.00
6596,8,current,GBP,2025-12-22,,500.00
6597,1,current,GBP,2024-03-04,,2000.00
6598,1,current,USD,2024-09-24,,0.00
6599,66,current,GBP,2024-08-05,,0.00
6600,1,credit_card,GBP,2024-11-27,,0.00
6601,587,savings,USD,2025-08-17,,0.00
6602,2,savings,USD,2024-08-03,,0.00
6603,861,current,GBP,2024-10-17,,0.00
6604,51,savings,GBP,2024-03-14,,0.00
6605,744,credit_card,EUR,2024-10-18,,0.00
6606,1068,savings,EUR,2024-04-27,,0.00
6607,2634,savings,GBP,2025-08-02,,0.00
6608,4,credit_card,GBP,2025-01-06,,0.00
6609,74,current,GBP,2025-01-03,,0.00
6610,1,current,GBP,2025-03-04,,500.00
6611,9,savings,GBP,2025-03-02,,0.00
6612,1,savings,GBP,2024-05-18,,0.00
6613,20,current,USD,2024-03-23,,0.00
6614,155,savings,GBP,2024-12-19,,0.00
6615,3,current,GBP,2024-01-01,,2000.00
6616,82,current,USD,2025-12-17,,0.00
6617,15,credit_card,GBP,2024-02-22,,0.00
6618,87,loan,GBP,2025-12-19,,0.00
6619,4,loan,GBP,2024-02-07,,0.00
6620,10,current,GBP,2025-01-30,,2000.00
6621,4766,current,EUR,2025-11-15,2026-12-12,2000.00
6622,9,savings,EUR,2024-11-01,,0.00
6623,3,current,EUR,2025-05-31,,250.00
6624,5,savings,GBP,2025-07-29,,0.00
6625,43,current,USD,2025-08-06,,2000.00
6626,9,credit_card,EUR,2024-01-23,,0.00
6627,1,current,GBP,2025-11-10,,0.00
6628,430,current,GBP,2024-08-17,,0.00
6629,2,savings,GBP,2024-07-05,,0.00
6630,23,savings,GBP,2024-04-06,,0.00
6631,2119,current,GBP,2025-02-26,2025-09-24,250.00
6632,6,savings,GBP,2025-06-19,,0.00
6633,465,savings,GBP,2024-12-10,,0.00
6634,105,loan,EUR,2024-12-07,,0.00
6635,9,savings,GBP,2024-07-31,,0.00
6636,8,current,GBP,2025-07-31,,1000.00
6637,94,current,GBP,2025-09-17,,250.00
6638,1956,current,EUR,2025-12-28,2027-03-10,2000.00
6639,7429,savings,GBP,2024-09-30,,0.00
6640,18,current,GBP,2024-06-08,,250.00
6641,1557,savings,USD,2025-03-08,,0.00
6642,2963,credit_card,GBP,2025-01-13,,0.00
6643,1,credit_card,USD,2025-11-19,2026-10-07,0.00
6644,5616,loan,GBP,2024-06-27,,0.00
6645,1,current,GBP,2024-07-06,,1000.00
6646,1,current,EUR,2025-10-28,,250.00
6647,770,savings,GBP,2025-05-08,,0.00
6648,76,savings,EUR,2024-06-28,,0.00
6649,112,loan,USD,2025-12-11,,0.00
6650,49,current,GBP,2025-06-16,,2000.00
6651,2,loan,GBP,2024-04-25,,0.00
6652,3640,current,GBP,2025-11-01,,1000.00
6653,116,current,GBP,2024-10-15,,500.00
6654,784,savings,GBP,2025-03-10,,0.00
6655,1,loan,USD,2025-10-12,,0.00
6656,635,savings,GBP,2025-06-01,2026-06-26,0.00
6657,43,current,USD,2025-03-27,,0.00
6658,926,credit_card,USD,2024-05-11,,0.00
6659,6529,savings,GBP,2025-12-16,,0.00
6660,41,savings,GBP,2024-12-26,,0.00
6661,8,savings,GBP,2025-12-11,,0.00
6662,1,current,GBP,2025-02-18,2026-01-11,250.00
6663,6,savings,USD,2024-04-16,,0.00
6664,4326,savings,USD,2025-08-08,,0.00
6665,1883,current,GBP,2024-04-02,,2000.00
6666,2,savings,GBP,2024-01-19,,0.00
6667,1,current,GBP,2024-12-08,,0.00
6668,5059,credit_card,USD,2024-07-30,,0.00
6669,1,savings,GBP,2025-04-29,,0.00
6670,8,current,USD,2024-03-05,,2000.00
6671,2,credit_card,USD,2024-08-11,,0.00
6672,3,current,GBP,2024-10-06,,1000.00
6673,336,savings,GBP,2025-10-28,,0.00
6674,1,current,GBP,2024-11-29,,500.00
6675,28,current,GBP,2025-03-20,,250.00
6676,12,current,GBP,2025-08-19,,500.00
6677,68,credit_card,GBP,2025-10-10,,0.00
6678,338,loan,GBP,2025-06-30,,0.00
6679,1540,savings,USD,2024-01-29,,0.00
6680,2650,current,GBP,2024-06-09,,500.00
6681,1,savings,USD,2025-04-01,,0.00
6682,384,credit_card,GBP,2025-03-09,2026-06-30,0.00
6683,7,savings,USD,2025-12-04,,0.00
6684,5,current,GBP,2024-10-21,,500.00
6685,1,current,GBP,2025-05-20,,0.00
6686,4,credit_card,GBP,2024-09-04,,0.00
6687,86,current,GBP,2025-08-07,2026-09-05,250.00
6688,1195,current,GBP,2024-02-12,,250.00
6689,166,current,GBP,2025-10-26,,500.00
6690,6,current,GBP,2024-10-18,,250.00
6691,36,loan,USD,2025-03-05,,0.00
6692,933,current,USD,2025-04-23,,500.00
6693,349,credit_card,GBP,2025-11-18,,0.00
6694,1875,current,GBP,2024-09-17,,500.00
6695,1,savings,GBP,2024-09-04,,0.00
6696,195,current,GBP,2024-12-08,,500.00
6697,1,savings,GBP,2025-08-11,,0.00
6698,1321,current,EUR,2025-07-01,,500.00
6699,17,current,GBP,2025-06-26,,250.00
6700,10,current,GBP,2025-10-18,,2000.00
6701,18,savings,GBP,2024-07-06,2025-03-22,0.00
6702,851,current,USD,2024-06-16,,1000.00
6703,3,current,GBP,2025-04-04,,2000.00
6704,18,savings,GBP,2024-06-06,,0.00
6705,60,current,GBP,2025-11-01,,1000.00
6706,445,credit_card,GBP,2025-11-24,,0.00
6707,231,savings,GBP,2025-05-25,,0.00
6708,1747,current,GBP,2024-12-09,,2000.00
6709,669,savings,USD,2024-04-05,,0.00
6710,2,savings,EUR,2024-08-26,,0.00
6711,3,savings,GBP,2025-04-27,,0.00
6712,23,credit_card,GBP,2024-11-16,,0.00
6713,5,current,GBP,2024-02-11,2025-01-15,0.00
6714,8,current,GBP,2024-05-22,,1000.00
6715,1067,current,EUR,2025-07-12,,0.00
6716,2,savings,GBP,2025-03-17,,0.00
6717,522,savings,GBP,2024-11-11,,0.00
6718,3195,savings,GBP,2025-06-29,,0.00
6719,384,current,USD,2024-12-06,,0.00
6720,18,current,EUR,2025-07-13,,2000.00
6721,242,current,USD,2024-10-05,,250.00
6722,1,savings,EUR,2024-11-20,,0.00
6723,25,current,GBP,2024-05-26,,0.00
6724,22,current,GBP,2024-12-16,2025-02-11,2000.00
6725,10,loan,GBP,2025-10-04,,0.00
6726,757,credit_card,GBP,2025-09-09,,0.00
6727,5,current,GBP,2025-10-24,,0.00
6728,66,savings,GBP,2024-02-06,,0.00
6729,844,credit_card,USD,2024-09-19,,0.00
6730,169,current,GBP,2025-05-04,,0.00
6731,607,current,USD,2024-07-17,,250.00
6732,7675,credit_card,GBP,2025-07-31,,0.00
6733,1,loan,GBP,2024-01-13,,0.00
6734,319,savings,GBP,2025-10-17,,0.00
6735,1,current,USD,2024-05-29,,0.00
6736,309,loan,USD,2024-03-01,,0.00
6737,3243,loan,GBP,2025-05-04,,0.00
6738,1,current,GBP,2025-12-24,,1000.00
6739,5950,current,EUR,2025-01-30,,0.00
6740,1,current,GBP,2025-07-30,,1000.00
6741,16,current,GBP,2025-05-28,,500.00
6742,597,credit_card,GBP,2024-09-26,2025-10-19,0.00
6743,1,current,EUR,2025-12-12,,1000.00
6744,30,savings,GBP,2025-07-06,,0.00
6745,2097,current,GBP,2024-09-22,,500.00
6746,1,current,USD,2024-11-01,,2000.00
6747,7,loan,GBP,2024-02-25,,0.00
6748,8,credit_card,GBP,2024-09-13,,0.00
6749,380,savings,EUR,2024-12-24,,0.00
6750,1,savings,EUR,2024-04-20,,0.00
6751,11,current,USD,2025-12-04,,500.00
6752,252,savings,USD,2024-12-24,,0.00
6753,4118,savings,USD,2024-09-30,,0.00
6754,36,current,GBP,2025-01-23,,2000.00
6755,2507,current,GBP,2024-03-13,,500.00
6756,6,current,GBP,2024-02-20,,1000.00
6757,91,savings,GBP,2025-09-01,,0.00
6758,2,savings,EUR,2024-02-14,,0.00
6759,1,current,GBP,2025-08-19,,500.00
6760,1,savings,EUR,2025-12-14,,0.00
6761,455,savings,GBP,2024-08-09,,0.00
6762,8,savings,USD,2025-08-05,,0.00
6763,310,current,USD,2024-06-01,,0.00
6764,42,current,USD,2025-01-07,,1000.00
6765,1,savings,GBP,2025-10-25,,0.00
6766,5,current,USD,2025-09-24,,0.00
6767,4291,savings,GBP,2025-11-09,2026-11-18,0.00
6768,1,current,GBP,2025-11-23,,1000.00
6769,42,savings,GBP,2024-02-16,,0.00
6770,30,current,GBP,2025-04-09,,250.00
6771,9,current,USD,2025-11-28,,1000.00
6772,1,current,USD,2025-11-27,,2000.00
6773,3,current,GBP,2024-02-05,,500.00
6774,30,current,GBP,2024-09-23,,2000.00
6775,2,credit_card,USD,2025-09-21,,0.00
6776,1,savings,USD,2025-08-10,,0.00
6777,7690,current,GBP,2025-03-15,,2000.00
6778,1588,current,GBP,2024-09-05,,0.00
6779,110,current,GBP,2025-04-27,,2000.00
6780,33,current,GBP,2025-08-11,,500.00
6781,677,current,USD,2024-07-06,2025-01-26,0.00
6782,1,current,GBP,2025-05-05,,2000.00
6783,91,savings,USD,2025-04-20,,0.00
6784,1,current,GBP,2024-12-13,,1000.00
6785,18,current,USD,2024-02-17,,2000.00
6786,1172,loan,GBP,2025-06-29,,0.00
6787,3,current,EUR,2024-05-21,,1000.00
6788,176,current,USD,2025-02-16,,0.00
6789,1117,savings,GBP,2025-12-20,,0.00
6790,83,savings,GBP,2025-10-03,,0.00
6791,1,savings,USD,2024-02-01,,0.00
6792,18,savings,GBP,2025-03-01,,0.00
6793,12,savings,GBP,2024-12-05,,0.00
6794,1046,savings,GBP,2024-02-21,,0.00
6795,12,savings,USD,2025-08-18,,0.00
6796,44,savings,USD,2025-03-12,,0.00
6797,20,current,USD,2024-02-24,,0.00
6798,9,savings,GBP,2024-08-18,,0.00
6799,8212,current,USD,2024-11-11,,1000.00
6800,3,current,USD,2025-01-29,,0.00
6801,1,savings,GBP,2025-07-31,,0.00
6802,13,loan,GBP,2025-12-07,2027-03-16,0.00
6803,2855,current,GBP,2024-03-29,,250.00
6804,138,credit_card,USD,2024-12-20,,0.00
6805,6,current,USD,2024-10-02,,250.00
6806,6,current,EUR,2025-10-14,,2000.00
6807,1912,current,GBP,2024-04-10,,1000.00
6808,125,loan,GBP,2024-08-16,,0.00
6809,5709,current,GBP,2025-03-18,,500.00
6810,61,loan,EUR,2025-08-26,,0.00
6811,628,savings,GBP,2024-10-07,,0.00
6812,4739,credit_card,EUR,2025-05-12,,0.00
6813,41,credit_card,GBP,2025-06-21,,0.00
6814,11,savings,USD,2024-07-30,2024-09-13,0.00
6815,7140,current,GBP,2024-01-22,,1000.00
6816,1,current,USD,2025-02-12,,1000.00
6817,1,current,GBP,2025-04-26,,250.00
6818,2,current,GBP,2025-12-18,,2000.00
6819,145,current,GBP,2024-11-24,,250.00
6820,43,credit_card,EUR,2024-12-09,,0.00
6821,8358,current,GBP,2025-04-15,,250.00
6822,3,current,GBP,2025-04-25,,1000.00
6823,6,savings,USD,2024-03-21,,0.00
6824,60,credit_card,GBP,2024-10-19,,0.00
6825,39,savings,GBP,2024-10-05,,0.00
6826,56,current,USD,2024-03-14,,1000.00
6827,4942,savings,GBP,2025-01-22,,0.00
6828,169,savings,GBP,2025-04-03,2026-03-06,0.00
6829,1,savings,GBP,2024-11-24,,0.00
6830,5,credit_card,USD,2025-09-28,,0.00
6831,296,current,EUR,2024-11-04,,2000.00
6832,323,credit_card,GBP,2025-03-15,2025-12-10,0.00
6833,118,current,GBP,2025-11-06,,1000.00
6834,137,savings,USD,2025-12-29,,0.00
6835,3,credit_card,GBP,2024-12-19,,0.00
6836,255,credit_card,GBP,2025-04-11,,0.00
6837,14,current,GBP,2024-06-19,2024-09-21,0.00
6838,15,current,GBP,2025-02-28,,2000.00
6839,474,current,GBP,2024-08-24,,500.00
6840,650,current,EUR,2024-07-17,,250.00
6841,2,savings,EUR,2025-02-10,,0.00
6842,15,credit_card,GBP,2024-02-28,,0.00
6843,173,current,GBP,2024-05-26,,0.00
6844,14,savings,USD,2024-01-13,2024-11-19,0.00
6845,1,credit_card,EUR,2024-11-13,,0.00
6846,1,credit_card,EUR,2025-10-02,,0.00
6847,1553,savings,USD,2025-07-11,,0.00
6848,14,savings,GBP,2024-06-21,,0.00
6849,55,savings,GBP,2025-01-08,2025-02-07,0.00
6850,1,credit_card,EUR,2025-09-21,,0.00
6851,21,current,GBP,2024-02-11,,2000.00
6852,5343,savings,GBP,2025-11-29,,0.00
6853,65,current,GBP,2024-05-18,,1000.00
6854,1314,credit_card,GBP,2024-05-05,,0.00
6855,548,savings,GBP,2025-12-03,,0.00
6856,2,savings,GBP,2024-03-04,,0.00
6857,128,loan,GBP,2025-08-09,,0.00
6858,10,current,EUR,2025-10-28,,1000.00
6859,31,current,USD,2025-11-09,2026-01-02,0.00
6860,1,current,GBP,2024-04-09,,2000.00
6861,1,credit_card,USD,2025-09-28,,0.00
6862,350,savings,GBP,2025-05-25,,0.00
6863,915,credit_card,GBP,2024-12-31,,0.00
6864,2,savings,GBP,2025-09-10,,0.00
6865,1146,current,USD,2025-09-01,,500.00
6866,8,current,GBP,2025-03-28,,500.00
6867,58,credit_card,GBP,2024-04-01,,0.00
6868,27,savings,EUR,2024-02-20,,0.00
6869,58,current,EUR,2024-05-29,,1000.00
6870,2041,savings,GBP,2024-10-02,,0.00
6871,75,current,GBP,2024-12-14,,250.00
6872,377,current,EUR,2024-02-08,,2000.00
6873,53,savings,USD,2024-11-24,,0.00
6874,4143,loan,GBP,2024-05-12,,0.00
6875,315,credit_card,USD,2025-02-13,,0.00
6876,8,current,GBP,2025-12-28,,250.00
6877,1,savings,GBP,2025-11-15,,0.00
6878,1,current,GBP,2025-05-27,,500.00
6879,2,savings,GBP,2024-06-26,,0.00
6880,3,current,GBP,2025-03-15,2025-07-03,2000.00
6881,5883,current,GBP,2025-08-10,2026-01-23,500.00
6882,2,savings,GBP,2024-12-24,,0.00
6883,166,credit_card,EUR,2024-11-09,,0.00
6884,6,credit_card,GBP,2025-04-18,,0.00
6885,1,savings,USD,2025-08-22,,0.00
6886,42,savings,GBP,2025-09-23,,0.00
6887,4405,savings,USD,2024-07-27,2025-05-07,0.00
6888,8,current,EUR,2024-04-11,,1000.00
6889,8,current,GBP,2024-05-05,,250.00
6890,3,current,GBP,2025-03-31,2025-08-16,500.00
6891,5,savings,USD,2024-08-30,,0.00
6892,4,credit_card,GBP,2025-02-02,,0.00
6893,5,credit_card,GBP,2025-06-30,,0.00
6894,3,loan,USD,2025-07-27,,0.00
6895,1,savings,EUR,2025-03-13,,0.00
6896,43,savings,GBP,2024-05-08,,0.00
6897,185,savings,USD,2025-09-18,,0.00
6898,7,credit_card,GBP,2025-12-13,,0.00
6899,3,savings,USD,2025-05-22,,0.00
6900,1955,current,GBP,2024-07-01,,0.00
6901,2,savings,USD,2025-09-17,,0.00
6902,1,savings,GBP,2024-11-29,,0.00
6903,522,credit_card,USD,2025-12-03,,0.00
6904,4329,current,USD,2024-01-30,,2000.00
6905,10,credit_card,GBP,2024-03-17,,0.00
6906,11,current,GBP,2024-09-30,,1000.00
6907,4,savings,GBP,2024-06-12,,0.00
6908,3245,savings,USD,2024-08-16,,0.00
6909,102,savings,GBP,2024-02-24,2024-04-30,0.00
6910,2726,loan,GBP,2024-01-09,,0.00
6911,7231,current,GBP,2024-02-11,2024-08-05,1000.00
6912,887,credit_card,GBP,2025-05-25,2026-09-23,0.00
6913,9,savings,GBP,2025-07-19,,0.00
6914,152,current,GBP,2025-08-02,,500.00
6915,259,current,USD,2025-04-11,,1000.00
6916,56,loan,GBP,2025-05-14,,0.00
6917,59,current,GBP,2024-03-15,,1000.00
6918,1,current,GBP,2025-05-08,,500.00
6919,1,current,EUR,2024-06-27,,500.00
6920,4105,current,GBP,2024-07-17,2025-08-09,500.00
6921,20,savings,EUR,2024-05-19,,0.00
6922,52,credit_card,USD,2025-12-21,,0.00
6923,3,savings,USD,2024-09-23,,0.00
6924,1,credit_card,GBP,2024-07-16,,0.00
6925,56,savings,GBP,2025-12-09,,0.00
6926,80,current,USD,2025-09-26,2026-08-22,250.00
6927,746,current,EUR,2024-06-17,,0.00
6928,252,savings,GBP,2025-09-19,,0.00
6929,131,savings,USD,2024-03-24,,0.00
6930,5,credit_card,GBP,2024-07-07,,0.00
6931,309,current,GBP,2025-08-07,,250.00
6932,77,savings,EUR,2025-05-19,,0.00
6933,1,savings,GBP,2024-03-13,2025-02-19,0.00
6934,2,credit_card,USD,2024-01-08,,0.00
6935,5,savings,GBP,2025-04-07,,0.00
6936,965,current,GBP,2025-01-21,,1000.00
6937,28,loan,GBP,2024-05-26,,0.00
6938,140,current,GBP,2025-11-11,,2000.00
6939,68,current,USD,2024-08-17,,0.00
6940,4,current,USD,2025-12-20,,500.00
6941,461,current,GBP,2025-10-08,2026-05-22,500.00
6942,12,savings,GBP,2025-01-21,,0.00
6943,1,current,GBP,2024-02-04,,250.00
6944,2,current,EUR,2025-12-18,,1000.00
6945,1653,savings,GBP,2025-02-07,,0.00
6946,1,savings,USD,2024-02-28,,0.00
6947,1,savings,EUR,2025-12-18,,0.00
6948,1396,savings,GBP,2025-11-27,,0.00
6949,14,credit_card,EUR,2025-02-03,2026-04-15,0.00
6950,380,savings,GBP,2025-02-04,,0.00
6951,7495,current,GBP,2024-03-24,,1000.00
6952,41,savings,GBP,2025-11-25,,0.00
6953,1143,savings,GBP,2024-03-25,,0.00
6954,987,savings,EUR,2024-07-22,,0.00
6955,40,credit_card,GBP,2025-09-01,,0.00
6956,1480,credit_card,GBP,2025-03-29,,0.00
6957,70,current,USD,2025-11-26,,500.00
6958,27,current,EUR,2025-05-06,,1000.00
6959,195,savings,GBP,2025-06-13,,0.00
6960,4,current,USD,2025-03-04,,500.00
6961,44,current,GBP,2024-11-17,,500.00
6962,1,savings,EUR,2024-01-24,,0.00
6963,1,current,USD,2025-11-01,,250.00
6964,368,savings,GBP,2024-10-07,,0.00
6965,224,credit_card,GBP,2024-11-20,,0.00
6966,106,current,GBP,2024-11-10,,500.00
6967,2,savings,GBP,2024-06-14,,0.00
6968,1,current,EUR,2024-06-19,2025-01-22,1000.00
6969,1295,current,USD,2025-03-23,,1000.00
6970,31,savings,EUR,2025-01-21,,0.00
6971,149,current,GBP,2025-02-16,,500.00
6972,4,savings,USD,2025-11-29,,0.00
6973,39,current,GBP,2025-04-23,,2000.00
6974,17,credit_card,GBP,2024-05-04,,0.00
6975,226,savings,USD,2024-09-05,,0.00
6976,4,loan,GBP,2024-01-13,,0.00
6977,3491,savings,GBP,2024-12-14,,0.00
6978,3,savings,USD,2024-03-26,,0.00
6979,1,current,GBP,2025-04-05,,250.00
6980,72,loan,GBP,2025-09-19,,0.00
6981,6,current,USD,2024-01-08,,0.00
6982,2,current,GBP,2024-09-18,,0.00
6983,17,current,GBP,2025-12-11,,1000.00
6984,7645,credit_card,EUR,2024-06-11,,0.00
6985,4775,credit_card,USD,2025-03-14,,0.00
6986,8,current,USD,2024-04-23,,250.00
6987,5,current,GBP,2025-12-15,2026-07-21,250.00
6988,22,current,USD,2024-03-31,,0.00
6989,2833,savings,GBP,2024-09-04,,0.00
6990,445,current,GBP,2025-03-01,,500.00
6991,1,loan,GBP,2025-11-01,,0.00
6992,2,credit_card,EUR,2024-06-25,,0.00
6993,104,current,USD,2024-07-26,,250.00
6994,1,savings,GBP,2024-07-11,,0.00
6995,8543,current,USD,2024-12-25,,500.00
6996,1,current,EUR,2024-06-28,,250.00
6997,2,savings,USD,2024-02-28,,0.00
6998,29,current,USD,2025-04-25,,500.00
6999,13,credit_card,EUR,2025-08-09,,0.00
7000,22,savings,USD,2025-08-18,,0.00
7001,1062,current,GBP,2025-06-09,,1000.00
7002,1,current,EUR,2024-11-08,,1000.00
7003,11,current,GBP,2024-11-23,,250.00
7004,2,current,GBP,2024-04-26,2025-05-10,0.00
7005,2,savings,USD,2025-04-10,,0.00
7006,2097,current,EUR,2025-03-14,,0.00
7007,57,credit_card,GBP,2025-03-03,,0.00
7008,1,current,GBP,2024-04-24,,250.00
7009,62,savings,GBP,2025-03-21,2026-05-11,0.00
7010,27,current,EUR,2024-10-05,,0.00
7011,4231,current,GBP,2025-03-25,,1000.00
7012,5,savings,GBP,2025-12-17,2026-08-24,0.00
7013,533,savings,GBP,2025-12-12,,0.00
7014,3267,current,GBP,2024-02-13,,0.00
7015,1,current,EUR,2025-12-20,2026-11-29,500.00
7016,10,current,EUR,2025-12-08,,500.00
7017,72,loan,USD,2024-06-20,,0.00
7018,3168,current,GBP,2024-08-23,2025-09-02,250.00
7019,1,loan,EUR,2024-10-06,,0.00
7020,45,savings,EUR,2025-05-02,,0.00
7021,4,savings,USD,2024-12-27,,0.00
7022,4782,current,GBP,2024-01-06,,250.00
7023,1,loan,GBP,2024-12-14,2025-12-01,0.00
7024,877,credit_card,GBP,2025-11-22,2026-03-24,0.00
7025,10,credit_card,USD,2025-12-13,,0.00
7026,4,loan,EUR,2024-09-06,,0.00
7027,25,current,GBP,2025-02-28,,0.00
7028,644,current,USD,2024-08-17,,500.00
7029,21,current,USD,2024-07-30,,0.00
7030,4305,savings,GBP,2025-09-14,,0.00
7031,2,savings,USD,2025-08-22,,0.00
7032,207,current,GBP,2025-06-17,,1000.00
7033,3,current,USD,2024-03-17,,1000.00
7034,2244,savings,GBP,2025-10-29,,0.00
7035,8627,savings,EUR,2024-03-15,,0.00
7036,2,current,GBP,2025-08-24,,1000.00
7037,4042,current,GBP,2025-07-12,,2000.00
7038,35,credit_card,GBP,2025-03-15,,0.00
7039,536,current,USD,2024-02-27,,1000.00
7040,81,loan,USD,2025-10-12,,0.00
7041,1,savings,GBP,2025-04-17,,0.00
7042,557,current,GBP,2024-07-09,,0.00
7043,3508,current,USD,2025-07-06,,500.00
7044,297,savings,EUR,2024-12-03,2025-07-24,0.00
7045,2015,savings,GBP,2025-03-18,,0.00
7046,999,savings,GBP,2024-11-08,,0.00
7047,77,credit_card,EUR,2025-02-19,,0.00
7048,56,current,EUR,2024-02-12,,2000.00
7049,36,current,USD,2024-02-05,,1000.00
7050,25,current,GBP,2025-05-21,2025-10-03,1000.00
7051,74,current,USD,2024-12-10,2025-04-03,500.00
7052,8411,credit_card,GBP,2025-03-21,,0.00
7053,493,current,GBP,2024-02-26,,2000.00
7054,1,current,GBP,2024-07-20,,2000.00
7055,12,credit_card,GBP,2024-12-17,,0.00
7056,31,credit_card,EUR,2025-08-13,,0.00
7057,619,savings,GBP,2025-06-17,,0.00
7058,5,current,USD,2025-02-07,,2000.00
7059,2,current,GBP,2024-04-21,,1000.00
7060,4,current,USD,2025-04-19,,1000.00
7061,1,savings,GBP,2024-08-06,,0.00
7062,6,savings,GBP,2025-01-14,,0.00
7063,160,current,GBP,2024-11-28,,0.00
7064,19,savings,GBP,2025-04-12,2025-09-11,0.00
7065,157,loan,GBP,2024-01-17,,0.00
7066,3,current,GBP,2024-12-08,,0.00
7067,67,current,GBP,2025-06-26,,250.00
7068,273,savings,GBP,2025-05-17,,0.00
7069,392,current,EUR,2025-10-29,,2000.00
7070,5294,loan,GBP,2024-05-30,,0.00
7071,7,savings,GBP,2024-02-04,,0.00
7072,3804,savings,GBP,2024-03-21,,0.00
7073,1,current,USD,2025-09-30,,2000.00
7074,1,loan,GBP,2025-02-16,,0.00
7075,153,savings,EUR,2025-02-17,,0.00
7076,45,credit_card,GBP,2025-12-09,,0.00
7077,5,credit_card,USD,2024-12-09,,0.00
7078,124,credit_card,GBP,2024-10-18,,0.00
7079,1,current,GBP,2025-12-30,,2000.00
7080,63,savings,EUR,2024-08-02,,0.00
7081,867,current,GBP,2024-12-30,,2000.00
7082,3,current,GBP,2024-08-11,,1000.00
7083,1,current,EUR,2025-08-28,,0.00
7084,18,savings,USD,2024-12-13,,0.00
7085,1,current,GBP,2024-11-08,,250.00
7086,7643,current,EUR,2024-07-24,,500.00
7087,1,current,GBP,2024-01-15,,2000.00
7088,857,savings,GBP,2025-02-10,,0.00
7089,476,savings,GBP,2024-08-13,,0.00
7090,3,current,GBP,2024-02-13,,0.00
7091,1323,current,GBP,2025-02-04,,0.00
7092,97,savings,EUR,2024-01-25,,0.00
7093,4,loan,USD,2024-12-13,,0.00
7094,5687,current,GBP,2024-10-17,,0.00
7095,95,current,GBP,2024-01-05,,500.00
7096,2141,current,EUR,2024-08-10,,2000.00
7097,4,current,EUR,2024-08-15,,250.00
7098,3,credit_card,GBP,2024-12-21,,0.00
7099,12,loan,GBP,2025-07-27,2025-10-20,0.00
7100,442,savings,USD,2025-01-17,2025-07-18,0.00
7101,174,savings,GBP,2025-12-25,,0.00
7102,1,current,USD,2024-03-27,,1000.00
7103,6,credit_card,GBP,2024-07-01,,0.00
7104,455,savings,GBP,2024-01-15,,0.00
7105,4190,current,GBP,2024-02-15,,1000.00
7106,82,credit_card,GBP,2024-11-23,,0.00
7107,1,credit_card,GBP,2025-06-05,,0.00
7108,2462,savings,USD,2025-02-06,2025-10-06,0.00
7109,1,current,GBP,2025-02-10,,2000.00
7110,5,savings,GBP,2024-07-26,,0.00
7111,1,current,USD,2024-01-21,,500.00
7112,1,credit_card,GBP,2024-09-15,,0.00
7113,14,current,GBP,2024-12-31,,2000.00
7114,1,current,USD,2024-05-23,,1000.00
7115,3,savings,GBP,2024-09-03,,0.00
7116,7008,savings,USD,2024-12-02,2026-02-20,0.00
7117,2,savings,GBP,2024-03-21,,0.00
7118,29,savings,GBP,2025-04-01,,0.00
7119,1,current,EUR,2025-04-22,,500.00
7120,71,savings,USD,2025-12-08,,0.00
7121,6,current,USD,2025-03-27,,250.00
7122,1298,savings,GBP,2024-10-01,,0.00
7123,5,current,GBP,2025-06-01,2025-09-21,500.00
7124,188,current,USD,2024-02-13,,2000.00
7125,129,savings,GBP,2025-01-30,,0.00
7126,1,loan,USD,2025-04-03,,0.00
7127,1,savings,GBP,2025-11-21,,0.00
7128,193,current,EUR,2025-03-05,2025-10-08,500.00
7129,4,current,USD,2025-04-20,2025-10-08,0.00
7130,2,loan,EUR,2024-12-03,,0.00
7131,395,credit_card,GBP,2024-11-07,,0.00
7132,4,current,GBP,2025-04-22,,250.00
7133,33,savings,GBP,2024-09-19,,0.00
7134,5,current,GBP,2024-03-18,,2000.00
7135,5,savings,GBP,2025-02-09,,0.00
7136,13,credit_card,GBP,2025-07-21,,0.00
7137,225,savings,USD,2025-07-01,,0.00
7138,2806,current,GBP,2024-11-10,,1000.00
7139,3,credit_card,USD,2024-07-28,,0.00
7140,9,current,GBP,2024-12-19,,0.00
7141,1,current,EUR,2025-11-16,,500.00
7142,1467,current,EUR,2025-01-27,,250.00
7143,4,current,GBP,2024-01-02,,1000.00
7144,5099,current,GBP,2024-04-25,,250.00
7145,36,current,USD,2024-12-16,,0.00
7146,11,savings,GBP,2024-12-12,,0.00
7147,2,savings,GBP,2025-06-18,,0.00
7148,25,current,GBP,2025-01-29,,250.00
7149,2084,current,GBP,2025-12-16,,250.00
7150,52,current,EUR,2024-10-18,,1000.00
7151,1997,credit_card,GBP,2025-10-05,,0.00
7152,2,savings,GBP,2024-12-09,,0.00
7153,13,current,GBP,2025-07-09,,0.00
7154,1552,current,GBP,2024-10-26,,1000.00
7155,5,savings,GBP,2025-12-18,,0.00
7156,34,current,EUR,2024-06-21,,1000.00
7157,38,savings,EUR,2025-04-29,,0.00
7158,1,savings,GBP,2025-07-19,,0.00
7159,39,current,USD,2025-02-04,,250.00
7160,6181,savings,GBP,2024-05-22,,0.00
7161,278,current,USD,2024-12-28,,500.00
7162,498,current,GBP,2024-05-15,,2000.00
7163,3,current,EUR,2024-10-26,,250.00
7164,69,loan,GBP,2025-01-27,,0.00
7165,317,current,EUR,2025-01-01,,1000.00
7166,693,savings,USD,2024-09-20,2025-02-13,0.00
7167,3,current,USD,2024-02-13,,1000.00
7168,46,current,GBP,2025-07-17,,1000.00
7169,1,credit_card,GBP,2024-02-10,,0.00
7170,2,savings,USD,2024-01-17,,0.00
7171,479,loan,USD,2024-12-12,,0.00
7172,46,current,GBP,2025-12-02,2026-08-26,250.00
7173,8,savings,EUR,2024-06-05,,0.00
7174,1609,savings,GBP,2025-10-16,,0.00
7175,28,current,GBP,2024-01-22,,2000.00
7176,30,current,GBP,2024-05-29,,0.00
7177,9,current,GBP,2024-01-08,,1000.00
7178,3,current,USD,2025-10-12,,1000.00
7179,1,loan,USD,2024-04-12,,0.00
7180,1,current,EUR,2025-06-05,,2000.00
7181,66,savings,USD,2025-11-23,,0.00
7182,7574,savings,USD,2025-10-30,,0.00
7183,1,current,USD,2025-12-24,,0.00
7184,4,credit_card,GBP,2024-09-24,,0.00
7185,2,credit_card,GBP,2024-03-30,,0.00
7186,23,savings,GBP,2024-03-02,,0.00
7187,28,savings,GBP,2025-08-09,,0.00
7188,540,savings,GBP,2024-08-15,,0.00
7189,1,current,GBP,2024-09-15,,500.00
7190,1,current,GBP,2024-11-10,,2000.00
7191,3,current,GBP,2025-07-08,,0.00
7192,6,current,GBP,2024-08-01,,500.00
7193,218,credit_card,GBP,2025-06-12,,0.00
7194,1,credit_card,GBP,2024-08-27,2025-01-06,0.00
7195,1,current,EUR,2024-02-01,,500.00
7196,34,credit_card,GBP,2024-06-11,,0.00
7197,242,current,GBP,2024-08-07,,1000.00
7198,416,loan,EUR,2025-01-05,,0.00
7199,5049,current,GBP,2025-01-11,,250.00
7200,2665,current,GBP,2025-03-10,,250.00
7201,3738,current,GBP,2025-01-27,,1000.00
7202,1780,savings,GBP,2024-05-05,2025-04-07,0.00
7203,197,current,EUR,2024-05-08,,1000.00
7204,177,loan,USD,2024-11-26,2026-01-19,0.00
7205,38,credit_card,USD,2025-07-20,,0.00
7206,27,savings,EUR,2025-06-05,,0.00
7207,117,current,EUR,2024-09-11,,500.00
7208,3547,credit_card,USD,2025-07-23,,0.00
7209,1,loan,GBP,2024-11-05,,0.00
7210,3,current,GBP,2024-08-06,,2000.00
7211,396,savings,GBP,2025-07-14,2025-11-06,0.00
7212,1,savings,USD,2024-12-19,,0.00
7213,722,savings,GBP,2025-09-26,,0.00
7214,3,credit_card,GBP,2024-08-04,,0.00
7215,3,current,GBP,2025-02-09,,0.00
7216,1,current,USD,2024-06-20,,250.00
7217,4,current,GBP,2025-07-29,,0.00
7218,88,current,USD,2024-04-08,,500.00
7219,517,credit_card,GBP,2024-02-15,2025-01-16,0.00
7220,19,current,GBP,2024-06-11,,2000.00
7221,8,current,GBP,2024-05-12,,1000.00
7222,80,savings,GBP,2024-06-18,2025-03-03,0.00
7223,107,savings,GBP,2024-12-11,,0.00
7224,1,current,GBP,2025-05-04,,0.00
7225,74,credit_card,GBP,2024-07-29,,0.00
7226,3,credit_card,GBP,2025-03-07,,0.00
7227,25,current,GBP,2024-04-02,,250.00
7228,2,current,GBP,2024-01-02,,500.00
7229,6276,current,EUR,2024-07-04,,2000.00
7230,938,credit_card,EUR,2025-09-03,,0.00
7231,1,savings,GBP,2024-01-11,,0.00
7232,1709,savings,GBP,2024-01-21,,0.00
7233,71,current,USD,2024-02-15,2025-02-21,250.00
7234,3,current,GBP,2024-11-15,,2000.00
7235,48,savings,GBP,2025-08-13,,0.00
7236,3,credit_card,GBP,2025-09-08,,0.00
7237,59,credit_card,EUR,2025-03-13,,0.00
7238,5,credit_card,EUR,2024-05-27,,0.00
7239,1,credit_card,EUR,2024-12-05,,0.00
7240,5980,current,GBP,2025-08-08,,1000.00
7241,6,current,GBP,2025-01-29,,0.00
7242,3,credit_card,GBP,2025-01-21,,0.00
7243,3,current,USD,2025-07-26,,0.00
7244,5674,savings,GBP,2025-03-26,,0.00
7245,15,loan,USD,2025-02-19,2025-08-22,0.00
7246,2,savings,EUR,2024-09-07,,0.00
7247,3,current,GBP,2024-01-10,,2000.00
7248,1916,savings,GBP,2025-07-16,,0.00
7249,2,current,USD,2025-12-14,2026-11-02,250.00
7250,11,current,GBP,2025-08-07,,250.00
7251,544,credit_card,GBP,2025-03-22,,0.00
7252,2288,current,EUR,2025-12-13,,1000.00
7253,4892,credit_card,USD,2025-08-25,,0.00
7254,8,current,GBP,2024-04-06,,1000.00
7255,41,current,GBP,2024-06-11,,1000.00
7256,2087,credit_card,USD,2025-03-23,,0.00
7257,108,savings,GBP,2025-12-13,,0.00
7258,4,current,GBP,2025-09-23,2026-03-10,2000.00
7259,6,current,GBP,2025-05-29,,0.00
7260,8,savings,GBP,2024-11-07,,0.00
7261,1133,current,GBP,2025-04-30,,2000.00
7262,1,savings,EUR,2024-09-17,,0.00
7263,129,savings,GBP,2024-08-11,,0.00
7264,11,current,USD,2024-07-09,,0.00
7265,181,savings,USD,2025-06-25,,0.00
7266,2,current,GBP,2025-07-25,,250.00
7267,84,savings,USD,2025-09-07,,0.00
7268,616,credit_card,GBP,2024-10-17,,0.00
7269,55,savings,USD,2024-09-06,,0.00
7270,22,current,GBP,2024-06-05,,500.00
7271,3,current,GBP,2025-06-24,,500.00
7272,2,loan,USD,2024-09-09,,0.00
7273,50,current,GBP,2024-11-15,,2000.00
7274,298,credit_card,EUR,2024-03-07,,0.00
7275,252,savings,GBP,2024-02-23,,0.00
7276,1,current,EUR,2024-03-29,,250.00
7277,345,current,GBP,2024-08-31,,2000.00
7278,44,current,USD,2024-11-19,,0.00
7279,160,current,USD,2024-04-25,,2000.00
7280,31,current,USD,2025-07-17,,1000.00
7281,109,current,GBP,2024-06-13,,1000.00
7282,13,current,EUR,2025-05-29,,2000.00
7283,129,current,GBP,2024-11-03,,1000.00
7284,247,savings,EUR,2025-09-30,,0.00
7285,8,savings,GBP,2025-03-08,,0.00
7286,2,current,GBP,2025-02-25,2026-04-28,250.00
7287,46,current,GBP,2024-01-21,,1000.00
7288,100,savings,GBP,2025-08-02,,0.00
7289,304,savings,GBP,2025-10-27,,0.00
7290,2105,credit_card,EUR,2025-01-03,,0.00
7291,1,savings,EUR,2025-07-23,,0.00
7292,36,current,GBP,2025-09-07,,250.00
7293,5,current,GBP,2024-11-24,,2000.00
7294,1013,credit_card,EUR,2024-08-28,,0.00
7295,1903,savings,GBP,2025-09-20,,0.00
7296,1187,current,EUR,2024-12-01,2025-12-29,500.00
7297,63,savings,GBP,2025-10-10,2026-11-18,0.00
7298,1478,current,GBP,2025-05-09,,2000.00
7299,1,savings,EUR,2024-11-21,2025-11-25,0.00
7300,3,current,GBP,2025-10-07,,250.00
7301,181,current,USD,2024-08-26,2025-10-11,2000.00
7302,3636,savings,GBP,2025-05-21,,0.00
7303,1,current,GBP,2025-12-11,,1000.00
7304,5,current,GBP,2024-01-21,,1000.00
7305,344,savings,GBP,2025-03-27,2025-11-08,0.00
7306,262,current,USD,2025-10-31,,500.00
7307,83,savings,GBP,2025-06-27,,0.00
7308,959,current,EUR,2025-07-12,,2000.00
7309,154,loan,GBP,2024-01-07,,0.00
7310,193,current,GBP,2024-10-18,,250.00
7311,1,current,GBP,2025-02-27,,1000.00
7312,81,savings,USD,2024-01-14,,0.00
7313,1995,loan,GBP,2025-04-28,,0.00
7314,587,current,USD,2024-04-30,,500.00
7315,25,savings,USD,2024-12-29,,0.00
7316,41,savings,GBP,2025-11-18,,0.00
7317,45,savings,GBP,2024-11-06,,0.00
7318,84,savings,GBP,2024-03-07,,0.00
7319,6,current,EUR,2024-05-26,,500.00
7320,18,current,GBP,2025-02-10,,0.00
7321,2480,savings,GBP,2024-06-25,2025-03-27,0.00
7322,2,current,GBP,2025-11-18,,250.00
7323,5342,credit_card,GBP,2024-01-23,,0.00
7324,2,current,GBP,2025-05-15,,1000.00
7325,1,current,GBP,2024-01-13,,2000.00
7326,139,savings,USD,2025-11-15,,0.00
7327,1,savings,USD,2024-10-14,,0.00
7328,4,savings,USD,2025-02-06,2025-05-28,0.00
7329,2,credit_card,USD,2025-04-26,,0.00
7330,61,savings,USD,2025-09-11,,0.00
7331,6,current,USD,2025-07-03,,1000.00
7332,6215,current,GBP,2025-03-26,,250.00
7333,4,current,GBP,2024-10-25,,1000.00
7334,26,savings,GBP,2024-02-24,,0.00
7335,10,loan,GBP,2024-09-29,,0.00
7336,1,savings,GBP,2024-02-01,,0.00
7337,168,current,GBP,2024-12-26,,1000.00
7338,5,loan,GBP,2024-10-21,,0.00
7339,3,current,GBP,2025-12-09,,1000.00
7340,2,credit_card,USD,2024-05-20,,0.00
7341,9,current,GBP,2024-03-10,,250.00
7342,11,credit_card,GBP,2025-03-31,,0.00
7343,46,credit_card,EUR,2025-05-07,,0.00
7344,223,savings,GBP,2024-10-11,,0.00
7345,1,current,GBP,2024-09-22,,2000.00
7346,1,savings,GBP,2025-08-09,,0.00
7347,3,credit_card,GBP,2024-12-11,,0.00
7348,1175,savings,GBP,2024-07-02,,0.00
7349,14,savings,USD,2025-11-19,,0.00
7350,402,current,EUR,2024-06-22,,250.00
7351,1,current,USD,2024-08-08,,2000.00
7352,1,current,USD,2025-04-10,,1000.00
7353,4173,savings,EUR,2025-11-17,,0.00
7354,110,current,EUR,2024-03-07,,2000.00
7355,97,credit_card,EUR,2025-10-10,2026-05-14,0.00
7356,8666,current,GBP,2025-01-12,2025-11-15,500.00
7357,1,credit_card,GBP,2024-10-15,,0.00
7358,1,credit_card,GBP,2024-09-11,,0.00
7359,47,savings,GBP,2025-11-08,,0.00
7360,16,current,GBP,2025-03-26,2025-12-05,2000.00
7361,129,current,GBP,2025-09-06,,0.00
7362,1,savings,EUR,2025-11-30,,0.00
7363,741,savings,GBP,2024-11-07,,0.00
7364,74,current,GBP,2025-04-18,,0.00
7365,2,loan,GBP,2025-06-24,,0.00
7366,3,savings,GBP,2024-07-30,,0.00
7367,125,current,USD,2024-07-29,,0.00
7368,1,savings,USD,2025-11-18,2027-02-18,0.00
7369,24,savings,GBP,2024-12-22,,0.00
7370,308,credit_card,USD,2024-11-08,,0.00
7371,335,current,EUR,2025-08-14,,500.00
7372,26,savings,GBP,2024-07-05,,0.00
7373,13,savings,GBP,2025-05-18,,0.00
7374,4,credit_card,GBP,2024-06-05,,0.00
7375,1,savings,GBP,2025-06-29,,0.00
7376,713,credit_card,USD,2025-08-10,,0.00
7377,27,savings,GBP,2025-10-22,,0.00
7378,130,savings,GBP,2025-06-15,,0.00
7379,2136,savings,GBP,2025-01-06,,0.00
7380,149,loan,GBP,2025-01-15,,0.00
7381,1,current,USD,2024-12-31,,0.00
7382,2469,savings,GBP,2025-06-17,,0.00
7383,456,current,GBP,2025-03-18,,2000.00
7384,43,savings,GBP,2024-12-26,,0.00
7385,1,current,GBP,2025-11-28,,1000.00
7386,6,savings,GBP,2024-09-09,,0.00
7387,25,current,USD,2025-05-24,,2000.00
7388,3,loan,GBP,2025-11-06,,0.00
7389,47,current,USD,2025-04-18,,0.00
7390,5,current,GBP,2024-08-02,,500.00
7391,865,savings,USD,2024-01-12,,0.00
7392,11,loan,GBP,2024-04-21,2024-06-15,0.00
7393,170,savings,USD,2024-12-02,,0.00
7394,459,credit_card,GBP,2024-01-12,,0.00
7395,47,current,GBP,2024-08-05,,0.00
7396,4042,savings,EUR,2025-01-16,,0.00
7397,8,credit_card,GBP,2025-10-05,,0.00
7398,8,current,USD,2025-03-08,,250.00
7399,1391,credit_card,USD,2024-01-01,,0.00
7400,304,current,GBP,2024-12-18,,1000.00
7401,66,current,GBP,2024-07-31,,250.00
7402,203,loan,GBP,2024-09-20,,0.00
7403,1,credit_card,GBP,2024-10-13,,0.00
7404,203,current,GBP,2024-08-12,2025-08-02,250.00
7405,2,current,GBP,2025-03-25,,1000.00
7406,34,credit_card,EUR,2025-10-10,,0.00
7407,205,savings,GBP,2025-04-22,,0.00
7408,17,current,EUR,2024-11-17,,1000.00
7409,4,savings,GBP,2025-07-03,2026-05-22,0.00
7410,1,current,GBP,2025-01-30,,0.00
7411,360,savings,USD,2025-06-17,,0.00
7412,2366,current,USD,2025-12-08,,0.00
7413,3723,current,GBP,2024-09-18,,250.00
7414,7603,savings,GBP,2025-01-03,,0.00
7415,129,savings,USD,2024-03-04,,0.00
7416,53,savings,GBP,2025-01-07,2025-06-15,0.00
7417,515,loan,USD,2024-11-26,,0.00
7418,113,credit_card,USD,2025-11-12,,0.00
7419,1,savings,GBP,2025-03-08,,0.00
7420,2,loan,USD,2025-09-09,,0.00
7421,63,savings,GBP,2024-02-13,,0.00
7422,70,credit_card,GBP,2025-10-29,,0.00
7423,167,current,USD,2024-08-02,,250.00
7424,6,savings,GBP,2024-07-04,,0.00
7425,79,current,USD,2025-02-07,,250.00
7426,12,credit_card,GBP,2024-06-11,,0.00
7427,3,current,GBP,2024-11-15,,1000.00
7428,80,current,GBP,2024-10-27,,500.00
7429,7,current,GBP,2025-10-20,,2000.00
7430,1,current,GBP,2024-12-25,2025-01-24,500.00
7431,1,savings,GBP,2024-08-24,,0.00
7432,1,savings,EUR,2024-08-15,,0.00
7433,1,current,GBP,2025-01-27,2025-11-04,2000.00
7434,1,savings,GBP,2024-04-30,,0.00
7435,6776,savings,GBP,2024-07-06,,0.00
7436,171,current,GBP,2024-04-03,,250.00
7437,399,current,GBP,2024-07-08,2024-12-27,250.00
7438,2,savings,GBP,2025-03-29,,0.00
7439,4,current,GBP,2024-06-01,,0.00
7440,17,credit_card,GBP,2024-01-07,,0.00
7441,1,savings,GBP,2024-04-12,,0.00
7442,2,savings,USD,2024-08-18,,0.00
7443,12,current,USD,2024-03-28,,500.00
7444,21,current,USD,2025-02-07,,250.00
7445,4632,savings,USD,2024-06-06,,0.00
7446,449,current,GBP,2024-10-31,,500.00
7447,701,savings,GBP,2024-07-25,,0.00
7448,99,credit_card,GBP,2025-11-18,,0.00
7449,24,savings,USD,2025-09-08,2026-08-30,0.00
7450,1,loan,GBP,2024-12-06,,0.00
7451,38,current,USD,2025-12-07,,1000.00
7452,10,credit_card,EUR,2024-03-26,,0.00
7453,583,current,USD,2025-02-13,,500.00
7454,9,current,GBP,2024-07-25,,500.00
7455,1,credit_card,GBP,2024-02-14,,0.00
7456,1363,savings,GBP,2025-02-21,,0.00
7457,2,credit_card,GBP,2024-06-14,2025-09-04,0.00
7458,2,credit_card,GBP,2025-05-23,,0.00
7459,2503,savings,USD,2024-11-02,,0.00
7460,694,current,GBP,2025-03-01,,1000.00
7461,570,savings,GBP,2025-06-06,,0.00
7462,5932,current,USD,2024-02-08,,0.00
7463,8,current,EUR,2024-02-09,,250.00
7464,19,current,GBP,2025-07-04,,500.00
7465,2,credit_card,USD,2024-03-07,,0.00
7466,3,loan,EUR,2024-03-24,,0.00
7467,1,savings,USD,2025-02-09,2025-10-30,0.00
7468,1,current,GBP,2025-05-22,,1000.00
7469,2,loan,USD,2024-12-08,,0.00
7470,33,current,GBP,2025-12-20,,1000.00
7471,291,current,GBP,2024-01-21,2024-09-03,1000.00
7472,287,current,GBP,2025-09-08,,1000.00
7473,6639,current,GBP,2024-05-16,,1000.00
7474,73,current,USD,2025-08-20,,250.00
7475,7,current,GBP,2025-04-24,,0.00
7476,6,current,GBP,2024-03-14,,1000.00
7477,469,savings,GBP,2024-07-05,,0.00
7478,8,current,GBP,2025-06-23,,0.00
7479,233,current,EUR,2025-08-24,,0.00
7480,48,savings,USD,2025-04-15,,0.00
7481,1602,credit_card,USD,2024-06-10,,0.00
7482,2634,current,GBP,2024-11-14,,500.00
7483,19,savings,GBP,2025-04-06,,0.00
7484,17,credit_card,USD,2024-12-09,,0.00
7485,5,current,GBP,2024-10-19,,500.00
7486,13,credit_card,USD,2024-08-08,,0.00
7487,1,credit_card,GBP,2024-09-15,,0.00
7488,1,current,GBP,2025-08-21,,1000.00
7489,5,savings,EUR,2024-11-19,,0.00
7490,12,savings,EUR,2024-06-15,,0.00
7491,1,credit_card,USD,2025-07-12,,0.00
7492,42,current,GBP,2025-03-28,,250.00
7493,3,current,USD,2025-04-14,,1000.00
7494,18,credit_card,USD,2024-05-15,,0.00
7495,4360,savings,USD,2025-04-04,,0.00
7496,619,current,GBP,2025-11-17,,2000.00
7497,322,current,GBP,2024-06-20,2025-06-12,250.00
7498,646,savings,USD,2024-12-19,,0.00
7499,11,current,GBP,2025-11-23,,0.00
7500,10,current,GBP,2025-11-23,,0.00
7501,24,savings,USD,2025-09-16,,0.00
7502,1,loan,GBP,2025-12-29,,0.00
7503,24,savings,GBP,2024-10-10,2024-11-24,0.00
7504,1,loan,EUR,2024-10-02,,0.00
7505,2007,savings,GBP,2024-08-05,,0.00
7506,3,savings,USD,2025-07-25,,0.00
7507,96,current,GBP,2024-06-13,,500.00
7508,7,current,GBP,2024-01-20,,2000.00
7509,2,current,GBP,2024-07-02,2025-09-30,250.00
7510,1,savings,USD,2025-08-28,,0.00
7511,2818,current,GBP,2025-03-14,,500.00
7512,160,savings,USD,2025-08-05,,0.00
7513,49,current,GBP,2025-12-27,,2000.00
7514,2,current,GBP,2025-09-13,,500.00
7515,9,current,GBP,2025-09-04,,2000.00
7516,36,current,GBP,2025-08-15,,2000.00
7517,49,current,GBP,2024-07-20,,2000.00
7518,50,current,EUR,2025-08-13,,0.00
7519,957,current,GBP,2024-12-05,,500.00
7520,2,savings,USD,2024-12-21,,0.00
7521,3,current,GBP,2025-04-12,,250.00
7522,1,savings,USD,2024-10-19,,0.00
7523,3802,current,GBP,2025-06-07,,2000.00
7524,1078,current,EUR,2025-03-26,,2000.00
7525,3,savings,EUR,2025-07-25,,0.00
7526,19,current,GBP,2024-05-05,,2000.00
7527,6,loan,USD,2025-11-23,,0.00
7528,3864,current,USD,2024-08-07,,2000.00
7529,1063,savings,EUR,2025-04-13,,0.00
7530,1754,current,EUR,2025-06-01,,2000.00
7531,7804,current,USD,2024-07-14,,2000.00
7532,2,current,USD,2025-08-06,,250.00
7533,1,current,USD,2025-03-08,,0.00
7534,2448,current,GBP,2024-05-27,,2000.00
7535,4,savings,GBP,2025-03-14,,0.00
7536,1233,current,USD,2024-05-15,,0.00
7537,45,savings,GBP,2024-04-02,,0.00
7538,335,current,EUR,2025-11-29,2026-07-04,1000.00
7539,1337,savings,GBP,2024-08-03,,0.00
7540,1,current,GBP,2025-02-04,,1000.00
7541,1341,loan,USD,2024-02-29,,0.00
7542,51,current,GBP,2024-12-28,,500.00
7543,1,current,EUR,2024-12-21,,2000.00
7544,286,credit_card,GBP,2024-09-08,,0.00
7545,303,current,EUR,2024-12-01,,250.00
7546,2,current,GBP,2025-12-10,,0.00
7547,955,current,GBP,2025-05-06,,250.00
7548,1,current,GBP,2024-02-14,,2000.00
7549,6,loan,USD,2024-03-10,,0.00
7550,473,credit_card,EUR,2024-08-14,,0.00
7551,1,current,GBP,2024-08-14,,1000.00
7552,250,current,GBP,2024-11-13,2025-09-19,0.00
7553,4,current,GBP,2025-07-20,,250.00
7554,6,credit_card,GBP,2024-08-19,,0.00
7555,1,credit_card,GBP,2024-10-02,,0.00
7556,58,credit_card,GBP,2025-03-23,,0.00
7557,507,credit_card,GBP,2024-05-03,,0.00
7558,4767,credit_card,EUR,2024-07-10,,0.00
7559,15,current,EUR,2024-09-19,,0.00
7560,4,current,GBP,2025-05-29,,500.00
7561,5652,credit_card,GBP,2024-07-16,,0.00
7562,20,current,GBP,2025-05-24,,250.00
7563,1,current,GBP,2024-05-25,,250.00
7564,1,current,EUR,2024-08-05,,2000.00
7565,322,credit_card,GBP,2024-04-14,,0.00
7566,1534,current,USD,2025-12-28,,2000.00
7567,1,credit_card,GBP,2025-06-11,,0.00
7568,6,savings,EUR,2025-11-07,,0.00
7569,50,current,GBP,2024-01-06,,0.00
7570,1,savings,GBP,2025-09-15,,0.00
7571,2,credit_card,GBP,2025-07-05,,0.00
7572,53,current,GBP,2024-05-19,,1000.00
7573,3,current,USD,2025-05-25,2025-07-07,2000.00
7574,2,current,USD,2025-01-08,,1000.00
7575,1030,savings,EUR,2025-08-30,,0.00
7576,39,current,GBP,2025-06-12,,250.00
7577,8,savings,USD,2024-04-24,,0.00
7578,57,credit_card,GBP,2025-03-10,,0.00
7579,380,loan,GBP,2025-01-13,2025-10-21,0.00
7580,6,credit_card,GBP,2024-12-31,,0.00
7581,1447,current,USD,2024-03-21,,2000.00
7582,4210,current,GBP,2024-03-19,,1000.00
7583,606,current,GBP,2024-02-04,,500.00
7584,15,savings,GBP,2024-01-09,,0.00
7585,6,current,GBP,2024-09-26,2024-10-27,1000.00
7586,766,current,EUR,2024-04-27,,500.00
7587,8,credit_card,GBP,2024-07-23,,0.00
7588,114,current,USD,2025-03-08,,2000.00
7589,1,savings,GBP,2024-08-17,,0.00
7590,1,current,GBP,2024-04-13,,2000.00
7591,20,current,GBP,2024-11-12,,1000.00
7592,1138,savings,USD,2024-02-02,,0.00
7593,3,credit_card,GBP,2025-07-26,,0.00
7594,2752,savings,GBP,2024-08-22,,0.00
7595,1,savings,USD,2025-02-04,,0.00
7596,9,current,GBP,2024-04-20,,500.00
7597,3284,current,GBP,2024-04-13,,0.00
7598,3861,current,GBP,2025-01-13,,500.00
7599,24,current,GBP,2025-01-17,,1000.00
7600,2315,savings,EUR,2025-10-17,,0.00
7601,21,current,GBP,2025-06-07,,0.00
7602,11,current,USD,2025-11-15,,1000.00
7603,2221,savings,GBP,2024-07-15,2025-11-25,0.00
7604,7610,current,GBP,2025-05-13,,250.00
7605,4,savings,GBP,2025-05-14,,0.00
7606,1517,current,GBP,2024-08-26,2025-09-22,0.00
7607,1,savings,GBP,2024-12-01,,0.00
7608,97,savings,USD,2025-04-20,,0.00
7609,14,savings,GBP,2025-05-05,,0.00
7610,4796,savings,USD,2025-02-02,,0.00
7611,1,current,GBP,2025-04-16,2026-05-04,1000.00
7612,7,current,GBP,2024-12-16,,500.00
7613,387,current,GBP,2025-05-30,,250.00
7614,1641,current,GBP,2024-04-04,2025-06-04,1000.00
7615,215,savings,USD,2025-02-04,,0.00
7616,5785,current,GBP,2025-06-15,,0.00
7617,93,current,GBP,2024-10-09,,250.00
7618,58,current,USD,2024-02-11,,0.00
7619,10,savings,USD,2025-04-30,,0.00
7620,926,current,GBP,2025-01-07,,2000.00
7621,454,current,GBP,2024-03-19,,250.00
7622,74,savings,GBP,2025-09-15,,0.00
7623,6,current,USD,2024-10-22,,1000.00
7624,15,savings,GBP,2025-10-11,,0.00
7625,107,credit_card,USD,2024-08-09,,0.00
7626,80,current,GBP,2025-07-18,,250.00
7627,291,current,GBP,2024-11-14,,250.00
7628,19,credit_card,EUR,2024-12-23,,0.00
7629,7,savings,USD,2024-04-18,,0.00
7630,10,savings,GBP,2024-12-09,,0.00
7631,2,credit_card,GBP,2025-10-17,,0.00
7632,68,savings,EUR,2025-02-21,,0.00
7633,565,current,USD,2025-10-23,,1000.00
7634,121,current,USD,2025-09-04,,1000.00
7635,696,current,GBP,2024-09-15,,500.00
7636,5,current,GBP,2025-02-08,,250.00
7637,5448,current,GBP,2025-12-20,,250.00
7638,1822,current,GBP,2024-04-15,2024-06-13,2000.00
7639,14,current,USD,2025-07-30,,2000.00
7640,662,current,GBP,2024-06-13,,2000.00
7641,3,savings,GBP,2025-09-01,,0.00
7642,61,current,GBP,2024-01-06,,1000.00
7643,1,savings,EUR,2024-01-06,,0.00
7644,8486,savings,GBP,2024-12-14,,0.00
7645,1862,current,GBP,2025-05-11,,1000.00
7646,118,savings,GBP,2025-12-23,,0.00
7647,2248,credit_card,USD,2025-10-24,,0.00
7648,12,current,GBP,2024-04-30,,2000.00
7649,13,current,GBP,2025-09-25,,2000.00
7650,1,savings,EUR,2024-10-17,,0.00
7651,8879,savings,EUR,2024-04-19,,0.00
7652,2492,savings,GBP,2024-09-27,,0.00
7653,1,current,GBP,2024-02-05,,250.00
7654,1199,savings,EUR,2024-04-30,,0.00
7655,4,current,GBP,2024-12-05,,0.00
7656,1,savings,USD,2025-08-05,,0.00
7657,12,current,GBP,2024-11-19,2025-06-10,1000.00
7658,1822,current,GBP,2025-05-04,,2000.00
7659,18,current,GBP,2024-06-04,2025-08-28,0.00
7660,4,current,USD,2025-06-14,,250.00
7661,6,current,GBP,2025-11-17,,250.00
7662,9,credit_card,USD,2024-03-22,,0.00
7663,29,savings,GBP,2024-01-05,,0.00
7664,33,savings,GBP,2025-04-20,,0.00
7665,360,current,GBP,2025-03-14,,250.00
7666,9,current,USD,2024-04-01,,0.00
7667,22,current,GBP,2025-11-06,,2000.00
7668,1,credit_card,GBP,2025-04-22,,0.00
7669,215,savings,GBP,2024-10-03,,0.00
7670,5,current,GBP,2025-03-01,,1000.00
7671,157,current,EUR,2025-01-17,,500.00
7672,4,credit_card,EUR,2024-02-25,,0.00
7673,7677,current,GBP,2025-11-09,,0.00
7674,4369,credit_card,GBP,2025-05-14,,0.00
7675,82,credit_card,USD,2024-09-14,,0.00
7676,1,current,GBP,2024-12-31,,2000.00
7677,236,current,USD,2024-12-27,,0.00
7678,1181,current,USD,2025-05-25,,0.00
7679,341,savings,GBP,2025-08-10,,0.00
7680,150,current,GBP,2024-01-19,2024-12-05,2000.00
7681,22,credit_card,GBP,2025-06-05,,0.00
7682,1892,current,EUR,2025-12-23,,500.00
7683,6,savings,GBP,2024-09-04,,0.00
7684,3,current,EUR,2025-02-11,,1000.00
7685,28,savings,GBP,2025-06-08,,0.00
7686,11,credit_card,GBP,2025-10-12,,0.00
7687,104,current,USD,2024-09-04,,1000.00
7688,4465,savings,GBP,2024-05-17,,0.00
7689,4854,current,EUR,2024-12-01,,500.00
7690,234,savings,USD,2025-01-24,,0.00
7691,14,current,EUR,2025-11-26,,2000.00
7692,65,current,GBP,2025-01-25,,0.00
7693,578,savings,GBP,2024-10-27,,0.00
7694,2,credit_card,GBP,2024-01-21,,0.00
7695,2,savings,GBP,2024-06-06,,0.00
7696,113,current,GBP,2025-12-09,,250.00
7697,5578,current,USD,2024-08-17,,0.00
7698,3,current,EUR,2025-01-15,,500.00
7699,1,current,GBP,2025-01-28,,1000.00
7700,2,savings,GBP,2025-07-11,,0.00
7701,168,current,EUR,2024-12-28,,0.00
7702,343,loan,USD,2025-11-20,,0.00
7703,1,loan,EUR,2025-03-27,2025-06-10,0.00
7704,6,savings,GBP,2024-05-19,,0.00
7705,52,current,GBP,2024-02-19,,250.00
7706,142,current,GBP,2024-10-09,,2000.00
7707,5,savings,USD,2025-06-18,,0.00
7708,1,savings,EUR,2025-04-29,,0.00
7709,2,current,GBP,2024-04-22,2024-06-29,1000.00
7710,1,savings,EUR,2025-05-06,,0.00
7711,1,savings,GBP,2024-12-22,,0.00
7712,1,credit_card,GBP,2025-01-30,,0.00
7713,1,savings,USD,2025-12-30,,0.00
7714,1,current,GBP,2024-07-06,,1000.00
7715,4,current,GBP,2024-04-02,,500.00
7716,33,current,USD,2024-11-04,,1000.00
7717,124,loan,USD,2025-03-10,,0.00
7718,74,current,GBP,2025-07-04,,0.00
7719,243,current,USD,2024-05-26,,1000.00
7720,855,current,USD,2025-08-30,,2000.00
7721,1,current,GBP,2025-08-09,,1000.00
7722,4,current,USD,2024-01-15,,0.00
7723,7844,savings,GBP,2024-04-04,,0.00
7724,9,savings,USD,2025-03-20,,0.00
7725,215,credit_card,GBP,2025-10-15,2026-08-12,0.00
7726,1,savings,EUR,2025-10-23,,0.00
7727,2,savings,USD,2024-03-15,,0.00
7728,69,credit_card,GBP,2024-02-08,,0.00
7729,351,current,GBP,2025-07-14,,0.00
7730,27,current,GBP,2025-01-26,2025-09-18,2000.00
7731,22,current,USD,2024-12-30,,0.00
7732,291,credit_card,GBP,2024-10-09,,0.00
7733,2,current,GBP,2025-10-03,,250.00
7734,6,current,GBP,2025-05-25,2026-05-31,500.00
7735,2129,savings,GBP,2024-11-11,,0.00
7736,139,credit_card,EUR,2024-02-14,,0.00
7737,1888,current,GBP,2025-08-14,,0.00
7738,13,savings,GBP,2024-09-13,,0.00
7739,5,savings,GBP,2025-12-23,,0.00
7740,1072,current,EUR,2024-06-16,2025-10-17,2000.00
7741,3,savings,GBP,2025-12-07,,0.00
7742,1,current,USD,2024-07-05,,0.00
7743,32,savings,GBP,2025-08-02,2026-05-24,0.00
7744,13,current,EUR,2025-02-02,,500.00
7745,2,savings,GBP,2024-11-15,,0.00
7746,1,savings,GBP,2024-01-26,,0.00
7747,4,savings,GBP,2024-06-29,,0.00
7748,6531,savings,USD,2024-04-09,,0.00
7749,1606,current,GBP,2024-03-12,,500.00
7750,675,savings,GBP,2024-03-24,2025-05-07,0.00
7751,57,current,USD,2025-08-30,,1000.00
7752,735,current,GBP,2024-07-11,,1000.00
7753,292,credit_card,GBP,2025-10-25,,0.00
7754,379,current,GBP,2025-08-25,,250.00
7755,4,savings,GBP,2025-11-30,,0.00
7756,5378,current,GBP,2025-12-30,2027-05-10,2000.00
7757,18,credit_card,GBP,2025-02-09,,0.00
7758,8,current,USD,2024-08-16,,250.00
7759,212,credit_card,GBP,2024-06-15,,0.00
7760,173,current,USD,2024-05-18,,1000.00
7761,1,current,USD,2024-03-03,,500.00
7762,311,current,GBP,2024-08-29,,250.00
7763,2,current,GBP,2025-07-25,2026-07-05,500.00
7764,17,current,USD,2025-10-03,,250.00
7765,5,credit_card,GBP,2024-10-11,,0.00
7766,8468,credit_card,USD,2025-02-20,2025-10-12,0.00
7767,1,savings,GBP,2024-11-23,,0.00
7768,3908,loan,GBP,2025-05-15,,0.00
7769,4,current,USD,2025-07-01,,500.00
7770,10,current,GBP,2025-12-06,,1000.00
7771,1507,credit_card,USD,2025-10-31,,0.00
7772,388,credit_card,GBP,2025-06-13,,0.00
7773,5,current,GBP,2024-03-08,2024-09-28,500.00
7774,268,current,USD,2025-12-18,,1000.00
7775,29,credit_card,GBP,2024-02-02,,0.00
7776,22,savings,GBP,2024-05-26,2025-06-02,0.00
7777,27,credit_card,GBP,2024-10-11,,0.00
7778,108,current,GBP,2025-02-18,,500.00
7779,27,current,GBP,2025-07-02,,250.00
7780,2,current,GBP,2024-11-22,,0.00
7781,24,loan,GBP,2024-08-04,,0.00
7782,76,current,USD,2024-02-11,,2000.00
7783,9,current,GBP,2025-03-08,,2000.00
7784,4418,current,GBP,2024-08-13,,1000.00
7785,234,current,GBP,2024-08-04,,250.00
7786,28,current,USD,2024-12-24,,500.00
7787,2,savings,EUR,2025-05-28,,0.00
7788,1,credit_card,EUR,2024-02-17,,0.00
7789,552,current,GBP,2024-02-28,,1000.00
7790,311,credit_card,GBP,2024-04-24,,0.00
7791,1,current,EUR,2025-12-30,,0.00
7792,28,current,GBP,2024-11-01,,250.00
7793,9,loan,EUR,2024-09-11,,0.00
7794,4319,current,GBP,2025-01-30,,1000.00
7795,5,credit_card,GBP,2025-11-28,,0.00
7796,81,savings,USD,2025-07-01,,0.00
7797,412,savings,GBP,2025-09-25,,0.00
7798,117,credit_card,GBP,2025-07-12,,0.00
7799,44,savings,EUR,2025-03-06,,0.00
7800,1,current,GBP,2024-09-01,,250.00
7801,2,credit_card,GBP,2025-12-14,2027-02-19,0.00
7802,331,current,GBP,2025-10-10,,0.00
7803,2,current,GBP,2024-08-28,,500.00
7804,6354,loan,GBP,2024-12-21,,0.00
7805,370,loan,GBP,2025-01-31,,0.00
7806,146,savings,GBP,2025-10-14,,0.00
7807,1,savings,GBP,2024-06-01,2024-10-16,0.00
7808,8,current,EUR,2024-06-25,,2000.00
7809,1,current,GBP,2025-09-16,,2000.00
7810,563,current,USD,2024-12-28,,1000.00
7811,6,credit_card,GBP,2024-10-01,,0.00
7812,201,savings,GBP,2025-01-28,,0.00
7813,1,savings,USD,2024-12-27,,0.00
7814,6,savings,USD,2025-07-22,,0.00
7815,2024,current,GBP,2024-08-28,,500.00
7816,32,savings,GBP,2025-05-22,2025-09-22,0.00
7817,2,current,USD,2024-07-14,,0.00
7818,21,savings,GBP,2025-06-07,,0.00
7819,2,savings,USD,2024-06-23,,0.00
7820,1557,savings,GBP,2024-09-12,,0.00
7821,1181,savings,USD,2024-05-29,,0.00
7822,143,savings,USD,2024-08-27,,0.00
7823,835,credit_card,USD,2024-01-19,,0.00
7824,12,current,GBP,2025-11-17,,500.00
7825,352,current,GBP,2024-11-07,,250.00
7826,134,current,GBP,2024-07-05,,2000.00
7827,7,savings,USD,2025-07-21,,0.00
7828,6,savings,GBP,2024-10-07,,0.00
7829,46,current,EUR,2025-11-26,,1000.00
7830,310,loan,USD,2024-02-23,,0.00
7831,7,current,EUR,2024-10-07,,500.00
7832,5,current,USD,2025-03-31,,500.00
7833,4,current,GBP,2024-05-25,,500.00
7834,4653,current,GBP,2024-05-28,,250.00
7835,81,current,EUR,2025-02-28,,250.00
7836,334,savings,GBP,2025-07-03,,0.00
7837,14,savings,USD,2025-02-08,,0.00
7838,1,current,GBP,2025-01-19,,250.00
7839,1,current,GBP,2025-06-29,,0.00
7840,6,current,GBP,2025-11-08,,1000.00
7841,1,savings,EUR,2025-04-22,,0.00
7842,264,current,EUR,2025-12-20,,250.00
7843,23,savings,EUR,2025-02-25,,0.00
7844,13,current,GBP,2024-12-02,,1000.00
7845,5,current,GBP,2024-10-25,,250.00
7846,534,savings,GBP,2025-05-12,,0.00
7847,3,current,USD,2024-04-11,,1000.00
7848,7,current,GBP,2025-01-28,,1000.00
7849,1,current,EUR,2025-11-15,,500.00
7850,432,credit_card,GBP,2024-02-27,,0.00
7851,17,savings,GBP,2025-04-28,,0.00
7852,911,current,GBP,2024-11-19,,1000.00
7853,2385,credit_card,USD,2025-08-23,,0.00
7854,78,loan,GBP,2024-12-28,2026-05-11,0.00
7855,4,savings,GBP,2025-07-09,,0.00
7856,79,savings,GBP,2024-07-09,,0.00
7857,22,loan,GBP,2025-09-23,,0.00
7858,691,current,GBP,2025-12-22,,250.00
7859,27,current,GBP,2025-10-23,,250.00
7860,9,current,GBP,2025-01-09,,2000.00
7861,3,current,GBP,2025-05-09,,500.00
7862,163,current,USD,2024-05-20,,500.00
7863,40,current,GBP,2024-06-07,,500.00
7864,4,current,USD,2024-11-28,,250.00
7865,15,current,GBP,2025-12-26,,500.00
7866,2233,savings,USD,2025-03-22,,0.00
7867,3827,credit_card,GBP,2025-01-29,,0.00
7868,16,current,GBP,2025-09-22,2026-12-08,250.00
7869,4786,savings,GBP,2024-05-01,,0.00
7870,3542,savings,GBP,2025-11-18,,0.00
7871,10,savings,EUR,2025-04-29,,0.00
7872,136,savings,EUR,2024-10-08,2026-02-02,0.00
7873,8215,current,GBP,2025-05-05,,250.00
7874,93,loan,GBP,2024-10-14,,0.00
7875,95,savings,EUR,2025-01-09,,0.00
7876,517,savings,GBP,2025-10-06,,0.00
7877,8708,credit_card,GBP,2024-06-21,,0.00
7878,22,credit_card,USD,2024-09-07,,0.00
7879,111,credit_card,EUR,2024-03-15,,0.00
7880,15,current,GBP,2024-08-08,2025-10-05,0.00
7881,5173,current,GBP,2025-07-19,,500.00
7882,7,current,GBP,2024-10-22,,250.00
7883,7148,savings,USD,2024-07-16,,0.00
7884,2755,current,GBP,2024-06-28,,0.00
7885,71,loan,GBP,2025-06-07,,0.00
7886,58,current,GBP,2025-06-09,,1000.00
7887,3,savings,GBP,2025-03-19,,0.00
7888,61,credit_card,GBP,2025-02-18,,0.00
7889,2189,current,USD,2024-07-22,,500.00
7890,1,current,GBP,2024-06-06,,0.00
7891,13,current,GBP,2024-10-07,,1000.00
7892,12,savings,GBP,2025-03-22,,0.00
7893,90,current,GBP,2025-12-01,,0.00
7894,1181,savings,GBP,2024-09-22,,0.00
7895,2,loan,GBP,2025-04-25,,0.00
7896,22,savings,USD,2024-11-21,,0.00
7897,10,current,GBP,2024-12-02,,1000.00
7898,28,current,GBP,2025-01-01,2026-01-20,0.00
7899,2,current,USD,2024-10-27,,1000.00
7900,1010,savings,GBP,2025-07-23,,0.00
7901,457,current,GBP,2024-12-04,,1000.00
7902,1647,credit_card,EUR,2025-03-04,2025-06-14,0.00
7903,224,current,GBP,2025-12-20,,250.00
7904,390,credit_card,USD,2025-10-27,,0.00
7905,2434,loan,GBP,2024-06-23,,0.00
7906,381,current,GBP,2025-06-15,,500.00
7907,2461,current,GBP,2024-05-02,,2000.00
7908,7,current,GBP,2024-03-20,,0.00
7909,15,savings,GBP,2024-01-02,,0.00
7910,1,current,GBP,2024-01-14,,2000.00
7911,4,savings,GBP,2024-07-12,,0.00
7912,65,current,GBP,2025-02-02,,1000.00
7913,13,savings,GBP,2024-10-01,2025-07-06,0.00
7914,220,current,GBP,2024-07-08,,2000.00
7915,57,current,USD,2024-09-21,,500.00
7916,5,savings,USD,2025-09-22,,0.00
7917,5,loan,GBP,2024-03-03,,0.00
7918,1,current,GBP,2024-09-22,,250.00
7919,1153,savings,EUR,2024-06-08,,0.00
7920,96,current,GBP,2024-12-26,,2000.00
7921,294,current,GBP,2025-05-20,,250.00
7922,8,current,GBP,2025-01-09,,1000.00
7923,11,current,GBP,2024-12-06,,250.00
7924,3,current,GBP,2025-06-07,,2000.00
7925,2,current,USD,2025-07-25,,2000.00
7926,2,loan,GBP,2024-06-03,,0.00
7927,4,current,GBP,2025-12-06,,250.00
7928,29,savings,USD,2025-12-31,,0.00
7929,357,current,GBP,2025-01-02,,250.00
7930,1,savings,GBP,2025-02-08,,0.00
7931,3,current,GBP,2025-09-07,,2000.00
7932,4,current,GBP,2024-11-04,,250.00
7933,104,savings,USD,2025-02-23,,0.00
7934,301,current,USD,2025-06-01,,0.00
7935,1097,savings,GBP,2024-04-12,,0.00
7936,1,current,GBP,2024-12-20,,1000.00
7937,2,current,GBP,2025-09-16,,0.00
7938,1,loan,GBP,2024-03-17,,0.00
7939,287,current,GBP,2025-12-23,,250.00
7940,53,current,GBP,2024-12-24,,1000.00
7941,25,savings,GBP,2025-09-23,,0.00
7942,26,current,USD,2025-10-13,,0.00
7943,16,savings,GBP,2025-08-14,,0.00
7944,175,current,EUR,2025-06-18,2026-03-14,0.00
7945,171,current,EUR,2025-07-11,,250.00
7946,474,current,GBP,2024-08-29,,1000.00
7947,3,current,USD,2025-04-29,,500.00
7948,1711,loan,GBP,2025-12-21,2027-04-25,0.00
7949,47,savings,GBP,2024-08-31,,0.00
7950,1398,savings,GBP,2024-06-12,,0.00
7951,1,current,GBP,2025-01-25,,0.00
7952,245,current,EUR,2024-10-27,,500.00
7953,223,savings,GBP,2024-03-02,,0.00
7954,7,current,GBP,2024-03-11,,1000.00
7955,4,current,EUR,2024-12-12,,250.00
7956,96,savings,EUR,2024-10-17,2025-06-03,0.00
7957,3,credit_card,GBP,2024-11-29,,0.00
7958,5,current,GBP,2024-10-11,,1000.00
7959,3007,savings,GBP,2024-01-28,,0.00
7960,92,savings,GBP,2025-08-03,,0.00
7961,770,current,GBP,2024-03-25,,2000.00
7962,9,savings,GBP,2025-12-13,,0.00
7963,1,loan,EUR,2025-12-18,,0.00
7964,14,savings,GBP,2025-08-02,,0.00
7965,2,savings,GBP,2025-11-03,,0.00
7966,5,current,GBP,2024-06-16,,2000.00
7967,19,current,USD,2025-02-06,,250.00
7968,7726,current,USD,2025-12-22,,500.00
7969,1,current,USD,2025-09-27,,2000.00
7970,148,current,GBP,2024-11-21,,0.00
7971,4,savings,GBP,2025-11-16,,0.00
7972,223,current,GBP,2024-01-03,,500.00
7973,2731,savings,USD,2025-06-05,,0.00
7974,1104,current,GBP,2025-11-18,,500.00
7975,30,current,GBP,2024-03-20,,250.00
7976,81,current,USD,2024-11-07,,250.00
7977,119,savings,USD,2024-11-09,,0.00
7978,18,current,USD,2025-02-05,,250.00
7979,864,savings,GBP,2025-08-22,2025-11-12,0.00
7980,420,credit_card,GBP,2025-06-11,,0.00
7981,134,current,GBP,2025-01-07,,2000.00
7982,4,current,EUR,2025-06-09,,500.00
7983,25,savings,GBP,2024-01-22,,0.00
7984,1,savings,GBP,2024-09-25,,0.00
7985,964,loan,GBP,2024-02-24,,0.00
7986,484,current,GBP,2025-08-01,,1000.00
7987,2,current,USD,2025-11-01,,2000.00
7988,462,current,GBP,2024-02-14,,2000.00
7989,594,savings,GBP,2024-06-04,,0.00
7990,65,loan,GBP,2025-02-22,,0.00
7991,326,current,GBP,2025-11-21,,1000.00
7992,2,credit_card,GBP,2025-07-30,,0.00
7993,208,current,GBP,2024-09-03,,2000.00
7994,2089,credit_card,EUR,2025-02-06,,0.00
7995,8,savings,GBP,2024-04-30,,0.00
7996,2,savings,GBP,2024-11-30,,0.00
7997,122,current,GBP,2024-09-07,2025-03-14,500.00
7998,5,credit_card,GBP,2025-01-07,,0.00
7999,15,savings,GBP,2024-07-02,,0.00
8000,68,credit_card,GBP,2024-12-07,,0.00
8001,5118,current,GBP,2024-12-03,,250.00
8002,20,current,USD,2025-06-05,,2000.00
8003,1,savings,EUR,2025-07-16,,0.00
8004,2818,current,USD,2025-10-25,,1000.00
8005,69,savings,GBP,2025-01-11,,0.00
8006,10,savings,EUR,2024-03-11,,0.00
8007,22,current,GBP,2025-05-29,,0.00
8008,2818,credit_card,USD,2024-02-17,,0.00
8009,5,current,EUR,2025-12-16,,500.00
8010,71,current,GBP,2025-07-05,,0.00
8011,349,current,GBP,2024-10-21,2025-08-06,500.00
8012,8,savings,GBP,2025-01-31,,0.00
8013,1,current,USD,2024-03-11,,2000.00
8014,1,current,GBP,2024-02-25,,2000.00
8015,335,savings,USD,2025-09-15,,0.00
8016,954,savings,EUR,2025-12-13,,0.00
8017,49,current,USD,2025-04-23,,0.00
8018,52,current,GBP,2024-07-12,2025-10-14,2000.00
8019,485,savings,GBP,2024-07-27,,0.00
8020,3463,current,GBP,2024-11-09,,0.00
8021,2,current,GBP,2025-09-19,,0.00
8022,2,savings,GBP,2025-11-15,,0.00
8023,74,credit_card,GBP,2024-09-03,,0.00
8024,8,credit_card,USD,2024-02-01,,0.00
8025,90,current,USD,2024-05-27,,2000.00
8026,1,credit_card,GBP,2024-07-14,,0.00
8027,8,loan,GBP,2025-01-09,2025-06-07,0.00
8028,2,savings,GBP,2025-11-29,,0.00
8029,3772,current,GBP,2024-08-01,,2000.00
8030,3,savings,GBP,2024-05-02,,0.00
8031,1434,current,USD,2024-08-22,,0.00
8032,413,savings,USD,2025-07-10,,0.00
8033,300,credit_card,EUR,2025-10-10,2026-11-28,0.00
8034,84,current,GBP,2024-08-03,,0.00
8035,14,savings,USD,2025-09-15,,0.00
8036,177,current,GBP,2025-03-16,,500.00
8037,24,current,USD,2024-02-13,,2000.00
8038,126,savings,GBP,2024-11-22,,0.00
8039,1,savings,GBP,2024-06-20,,0.00
8040,5,savings,GBP,2024-03-30,,0.00
8041,4393,current,GBP,2024-11-21,,2000.00
8042,1,credit_card,GBP,2024-12-23,,0.00
8043,1,current,GBP,2025-05-10,,0.00
8044,1,current,GBP,2024-08-15,,1000.00
8045,462,savings,USD,2025-12-02,,0.00
8046,1,credit_card,GBP,2025-05-08,,0.00
8047,87,current,GBP,2025-12-04,,500.00
8048,795,current,GBP,2024-03-08,2025-03-10,250.00
8049,1622,current,GBP,2025-06-03,,2000.00
8050,1,current,USD,2025-06-15,,1000.00
8051,2,savings,GBP,2024-11-01,,0.00
8052,1,credit_card,USD,2024-12-27,2025-05-02,0.00
8053,4856,savings,GBP,2025-01-21,,0.00
8054,1,current,EUR,2024-05-27,,500.00
8055,39,current,GBP,2024-07-01,,500.00
8056,3,loan,GBP,2024-11-28,,0.00
8057,2,credit_card,EUR,2024-12-10,,0.00
8058,3,savings,GBP,2025-02-10,,0.00
8059,35,savings,GBP,2025-01-04,,0.00
8060,10,savings,USD,2025-01-22,,0.00
8061,1,current,GBP,2024-11-19,,1000.00
8062,2,credit_card,GBP,2025-02-04,,0.00
8063,4,current,USD,2024-06-27,,2000.00
8064,10,current,EUR,2025-04-28,,2000.00
8065,2,current,GBP,2025-12-02,,0.00
8066,3915,credit_card,GBP,2025-12-19,,0.00
8067,7,current,GBP,2024-05-18,,2000.00
8068,1047,current,EUR,2025-08-30,,1000.00
8069,1,credit_card,GBP,2024-01-14,,0.00
8070,3,current,GBP,2024-02-05,,250.00
8071,120,current,USD,2024-12-23,,250.00
8072,1203,credit_card,USD,2024-07-25,,0.00
8073,24,loan,USD,2025-11-24,,0.00
8074,1172,savings,USD,2025-10-12,,0.00
8075,3968,savings,EUR,2025-08-11,2025-12-04,0.00
8076,3332,savings,GBP,2024-05-04,,0.00
8077,2479,savings,GBP,2024-01-13,,0.00
8078,838,current,EUR,2024-03-27,,0.00
8079,1,current,GBP,2024-10-26,,0.00
8080,29,current,GBP,2024-02-12,,0.00
8081,1,current,GBP,2025-09-09,,2000.00
8082,9,loan,EUR,2025-05-28,2025-12-13,0.00
8083,138,current,GBP,2025-08-22,,0.00
8084,52,savings,GBP,2025-09-26,,0.00
8085,845,savings,GBP,2024-11-23,2025-08-12,0.00
8086,10,current,USD,2024-12-12,,2000.00
8087,102,credit_card,GBP,2024-09-07,,0.00
8088,5429,savings,USD,2025-07-06,,0.00
8089,1573,loan,GBP,2024-02-08,,0.00
8090,1,loan,USD,2025-12-30,,0.00
8091,13,current,USD,2024-07-27,,1000.00
8092,1933,current,EUR,2025-12-11,,500.00
8093,3,current,USD,2025-11-21,,250.00
8094,13,savings,GBP,2025-05-07,,0.00
8095,3250,savings,EUR,2025-04-27,,0.00
8096,1,current,GBP,2024-07-13,,1000.00
8097,2512,current,GBP,2025-12-14,,0.00
8098,13,current,GBP,2025-12-31,,0.00
8099,28,loan,EUR,2024-10-03,2025-06-01,0.00
8100,9,current,GBP,2025-09-11,,500.00
8101,851,current,EUR,2025-07-08,,250.00
8102,6,savings,USD,2024-10-17,,0.00
8103,20,current,USD,2024-05-12,,2000.00
8104,5,current,GBP,2024-11-17,,0.00
8105,82,current,USD,2025-03-30,,1000.00
8106,4,current,USD,2024-11-14,,500.00
8107,2909,current,GBP,2024-04-30,,500.00
8108,5,savings,GBP,2025-02-14,2025-04-05,0.00
8109,343,current,USD,2025-01-19,,250.00
8110,2,current,GBP,2025-10-07,,500.00
8111,1654,current,GBP,2024-12-05,2025-04-26,0.00
8112,1001,credit_card,GBP,2024-02-25,2024-04-20,0.00
8113,18,current,EUR,2025-12-23,,1000.00
8114,1,savings,GBP,2025-05-25,,0.00
8115,60,current,EUR,2024-07-08,,2000.00
8116,3,savings,GBP,2025-06-09,,0.00
8117,6,credit_card,GBP,2024-12-12,,0.00
8118,3,current,GBP,2025-03-18,,500.00
8119,4938,current,GBP,2024-12-21,,1000.00
8120,3,savings,GBP,2025-11-08,,0.00
8121,58,savings,USD,2024-08-11,,0.00
8122,41,savings,GBP,2025-04-07,,0.00
8123,31,savings,EUR,2025-12-30,,0.00
8124,190,credit_card,EUR,2025-08-20,,0.00
8125,44,credit_card,GBP,2025-09-28,,0.00
8126,10,savings,GBP,2025-09-09,,0.00
8127,3,current,GBP,2025-12-27,,2000.00
8128,1,savings,GBP,2025-07-26,2026-04-13,0.00
8129,7923,current,GBP,2025-08-25,,0.00
8130,23,current,USD,2025-05-25,,0.00
8131,95,savings,GBP,2025-12-12,,0.00
8132,1,credit_card,GBP,2025-05-22,,0.00
8133,840,current,GBP,2024-07-03,,0.00
8134,98,loan,GBP,2025-02-01,,0.00
8135,691,savings,GBP,2025-08-17,,0.00
8136,323,savings,EUR,2024-05-10,,0.00
8137,1103,current,GBP,2025-01-12,,2000.00
8138,1,current,GBP,2025-04-06,,250.00
8139,52,savings,USD,2025-01-27,,0.00
8140,55,current,GBP,2025-11-20,,0.00
8141,46,current,EUR,2024-02-04,,500.00
8142,5,current,GBP,2024-02-06,,1000.00
8143,2,credit_card,GBP,2025-01-31,,0.00
8144,1982,savings,EUR,2025-02-17,,0.00
8145,1,loan,GBP,2024-12-07,,0.00
8146,8,savings,GBP,2025-02-03,,0.00
8147,3,savings,GBP,2024-05-08,2025-03-30,0.00
8148,2035,current,GBP,2024-02-25,,1000.00
8149,728,current,GBP,2024-08-09,,1000.00
8150,336,savings,GBP,2025-10-22,,0.00
8151,1904,savings,USD,2024-09-02,,0.00
8152,2,current,USD,2024-10-23,,0.00
8153,382,current,EUR,2024-06-19,2024-07-23,250.00
8154,1,current,GBP,2024-08-25,,250.00
8155,13,current,USD,2024-04-21,,1000.00
8156,9,savings,USD,2024-12-01,,0.00
8157,9,savings,GBP,2025-08-09,,0.00
8158,110,savings,EUR,2024-02-08,,0.00
8159,1,savings,EUR,2025-09-03,,0.00
8160,2,current,GBP,2024-01-29,,0.00
8161,2,current,GBP,2025-11-06,,1000.00
8162,1,savings,USD,2024-03-06,,0.00
8163,124,credit_card,EUR,2024-11-17,,0.00
8164,2,savings,GBP,2025-08-16,,0.00
8165,2,current,USD,2024-03-19,,0.00
8166,1,savings,GBP,2025-03-25,,0.00
8167,10,savings,GBP,2025-06-18,,0.00
8168,4630,loan,EUR,2024-07-11,,0.00
8169,110,current,GBP,2024-05-03,,500.00
8170,183,savings,EUR,2024-09-28,,0.00
8171,149,savings,GBP,2025-02-16,,0.00
8172,1,current,GBP,2025-09-22,,0.00
8173,2506,savings,GBP,2024-10-08,,0.00
8174,29,loan,GBP,2024-10-07,,0.00
8175,2,current,GBP,2025-03-13,,2000.00
8176,2622,current,GBP,2025-04-29,,2000.00
8177,31,current,GBP,2025-01-05,,500.00
8178,25,current,GBP,2025-09-09,,0.00
8179,60,current,GBP,2024-07-17,,1000.00
8180,1,current,USD,2025-03-25,,0.00
8181,2046,current,GBP,2025-05-13,,250.00
8182,2948,current,GBP,2025-03-20,,250.00
8183,11,savings,GBP,2024-08-27,,0.00
8184,933,loan,GBP,2025-12-29,,0.00
8185,105,current,GBP,2024-04-25,,500.00
8186,221,loan,EUR,2024-10-03,,0.00
8187,11,savings,USD,2024-04-27,,0.00
8188,21,current,GBP,2025-06-19,,1000.00
8189,52,savings,GBP,2024-11-06,,0.00
8190,20,credit_card,GBP,2024-09-18,,0.00
8191,11,credit_card,USD,2024-05-09,,0.00
8192,85,savings,GBP,2025-02-03,,0.00
8193,15,credit_card,USD,2025-01-07,,0.00
8194,1189,savings,USD,2024-03-28,,0.00
8195,2,current,GBP,2024-09-27,,1000.00
8196,2,savings,EUR,2025-08-01,2026-08-10,0.00
8197,764,loan,GBP,2025-03-16,,0.00
8198,52,loan,EUR,2024-03-31,,0.00
8199,70,savings,USD,2024-05-30,,0.00
8200,34,savings,USD,2024-08-22,,0.00
8201,343,current,EUR,2024-10-09,,2000.00
8202,1,current,GBP,2025-04-08,,0.00
8203,792,credit_card,GBP,2024-09-29,,0.00
8204,99,current,GBP,2025-06-08,,1000.00
8205,3,current,GBP,2025-05-01,2026-01-28,1000.00
8206,3016,savings,USD,2025-04-26,,0.00
8207,245,credit_card,GBP,2024-08-02,,0.00
8208,2,current,USD,2025-06-03,,2000.00
8209,2,current,EUR,2025-05-14,,2000.00
8210,3,savings,USD,2025-10-06,,0.00
8211,262,savings,GBP,2025-11-13,2026-09-15,0.00
8212,5,current,GBP,2024-03-03,2024-07-09,500.00
8213,8,current,GBP,2024-07-28,,500.00
8214,7,savings,GBP,2025-12-19,,0.00
8215,3,savings,EUR,2025-08-11,,0.00
8216,18,savings,GBP,2024-03-05,,0.00
8217,2,current,USD,2025-08-06,,500.00
8218,3,savings,EUR,2025-09-22,,0.00
8219,1,savings,GBP,2024-09-06,,0.00
8220,975,savings,USD,2025-12-18,,0.00
8221,748,savings,GBP,2025-10-10,,0.00
8222,4252,current,EUR,2025-10-20,,250.00
8223,83,credit_card,EUR,2024-12-28,2025-02-17,0.00
8224,73,current,GBP,2025-05-18,,500.00
8225,32,current,GBP,2024-10-19,,500.00
8226,457,savings,USD,2024-09-01,,0.00
8227,46,current,USD,2024-01-07,,2000.00
8228,232,savings,GBP,2024-03-02,,0.00
8229,33,current,GBP,2024-03-29,,250.00
8230,40,current,GBP,2024-08-10,,2000.00
8231,1,current,GBP,2024-08-11,2025-10-25,1000.00
8232,2791,savings,GBP,2025-02-13,2025-10-14,0.00
8233,1002,savings,EUR,2025-04-25,,0.00
8234,299,savings,GBP,2025-03-30,,0.00
8235,359,current,GBP,2025-07-24,,1000.00
8236,3925,current,GBP,2024-08-20,,1000.00
8237,8,loan,GBP,2024-12-18,,0.00
8238,4,savings,USD,2024-03-25,,0.00
8239,89,current,GBP,2025-02-12,,0.00
8240,7,current,GBP,2024-11-24,,250.00
8241,232,credit_card,USD,2025-01-28,,0.00
8242,797,current,GBP,2024-11-21,,250.00
8243,3,savings,GBP,2025-05-05,,0.00
8244,1167,credit_card,USD,2024-11-01,,0.00
8245,28,loan,EUR,2025-11-08,,0.00
8246,85,current,USD,2024-06-01,2025-10-08,1000.00
8247,46,current,GBP,2024-03-20,,250.00
8248,13,credit_card,GBP,2025-06-05,,0.00
8249,247,savings,GBP,2025-04-06,,0.00
8250,1,current,USD,2024-01-13,,1000.00
8251,43,current,GBP,2025-07-05,,250.00
8252,1,current,EUR,2025-11-22,,250.00
8253,87,current,USD,2024-02-03,2025-01-02,500.00
8254,1,current,USD,2024-06-07,,500.00
8255,6,current,USD,2025-12-18,,500.00
8256,127,savings,GBP,2025-09-14,,0.00
8257,12,current,USD,2024-05-06,,2000.00
8258,1,current,EUR,2024-11-10,,500.00
8259,21,savings,GBP,2024-12-27,,0.00
8260,7335,current,GBP,2024-12-09,,0.00
8261,6583,current,EUR,2024-12-11,,500.00
8262,2421,loan,GBP,2025-04-29,,0.00
8263,907,savings,GBP,2025-02-14,2026-01-18,0.00
8264,1,current,GBP,2024-11-30,,0.00
8265,2,savings,GBP,2024-02-16,,0.00
8266,2,current,EUR,2024-12-08,,250.00
8267,124,current,EUR,2024-09-19,,0.00
8268,13,current,USD,2025-03-05,,250.00
8269,11,savings,GBP,2025-07-10,,0.00
8270,15,current,GBP,2025-04-11,,500.00
8271,47,current,GBP,2025-02-16,,2000.00
8272,15,credit_card,GBP,2025-09-29,2026-08-31,0.00
8273,794,current,USD,2024-03-21,,0.00
8274,194,credit_card,GBP,2025-08-27,,0.00
8275,1,current,GBP,2024-01-06,,0.00
8276,1,current,EUR,2024-12-30,,2000.00
8277,4224,savings,GBP,2024-12-14,,0.00
8278,13,current,GBP,2025-05-09,,2000.00
8279,1211,savings,USD,2024-12-24,,0.00
8280,2,credit_card,GBP,2025-05-01,2025-06-12,0.00
8281,3065,current,USD,2025-12-09,,2000.00
8282,1,savings,GBP,2024-11-06,,0.00
8283,108,current,USD,2025-03-16,,500.00
8284,524,current,USD,2024-12-21,,2000.00
8285,398,savings,GBP,2024-12-31,,0.00
8286,2,savings,GBP,2024-12-22,,0.00
8287,9,current,GBP,2025-05-13,,2000.00
8288,70,savings,USD,2024-03-10,,0.00
8289,522,savings,USD,2024-02-04,,0.00
8290,112,current,GBP,2024-05-24,,250.00
8291,51,current,GBP,2025-10-16,,2000.00
8292,239,credit_card,GBP,2025-07-01,,0.00
8293,1,current,EUR,2024-03-15,,2000.00
8294,158,loan,GBP,2024-03-08,,0.00
8295,20,loan,GBP,2025-09-24,,0.00
8296,4,savings,GBP,2024-06-24,,0.00
8297,1,current,GBP,2025-02-01,,0.00
8298,3,current,EUR,2024-10-26,,250.00
8299,5,savings,GBP,2024-03-26,,0.00
8300,280,current,EUR,2024-03-17,,0.00
8301,83,current,GBP,2024-12-22,,0.00
8302,13,current,GBP,2025-02-23,,2000.00
8303,1225,current,USD,2024-08-11,,2000.00
8304,3,credit_card,USD,2024-04-26,,0.00
8305,80,current,GBP,2025-05-22,,500.00
8306,4,current,USD,2024-03-17,,500.00
8307,2,loan,USD,2024-08-25,,0.00
8308,7,savings,GBP,2025-02-10,,0.00
8309,6687,current,GBP,2025-02-13,,1000.00
8310,81,credit_card,GBP,2025-02-10,,0.00
8311,5,current,GBP,2024-04-15,,250.00
8312,1,current,USD,2024-06-15,,0.00
8313,1,current,GBP,2024-10-13,,1000.00
8314,601,current,GBP,2025-10-14,,0.00
8315,48,credit_card,USD,2024-08-11,,0.00
8316,17,current,GBP,2025-10-20,,250.00
8317,3217,credit_card,USD,2024-01-18,,0.00
8318,27,current,GBP,2025-10-18,2026-02-19,500.00
8319,6012,savings,GBP,2024-12-31,,0.00
8320,6,current,EUR,2025-04-02,,0.00
8321,4,current,GBP,2024-02-20,,0.00
8322,248,current,GBP,2024-12-25,,1000.00
8323,3,current,EUR,2024-03-24,,250.00
8324,1261,current,GBP,2024-07-25,,1000.00
8325,954,current,EUR,2025-09-21,,1000.00
8326,11,savings,GBP,2025-03-22,,0.00
8327,876,current,USD,2024-02-21,,0.00
8328,155,current,USD,2025-09-12,,2000.00
8329,18,current,USD,2025-09-27,,2000.00
8330,116,current,EUR,2025-12-08,,500.00
8331,1298,credit_card,GBP,2024-11-27,,0.00
8332,781,savings,GBP,2025-07-13,,0.00
8333,88,current,GBP,2025-03-01,,1000.00
8334,13,current,USD,2025-12-06,2026-03-03,500.00
8335,15,savings,GBP,2024-11-10,,0.00
8336,3112,credit_card,USD,2024-03-16,,0.00
8337,454,loan,GBP,2024-10-17,,0.00
8338,10,savings,GBP,2025-01-29,,0.00
8339,8,current,GBP,2025-01-22,,1000.00
8340,235,loan,EUR,2025-06-05,,0.00
8341,1,credit_card,USD,2024-06-10,,0.00
8342,50,current,GBP,2025-01-08,,0.00
8343,77,savings,GBP,2024-05-17,,0.00
8344,670,current,EUR,2025-01-22,,500.00
8345,2273,current,GBP,2025-12-12,,1000.00
8346,392,loan,EUR,2024-06-06,,0.00
8347,2,current,GBP,2025-07-27,,500.00
8348,38,current,GBP,2025-08-20,,0.00
8349,1,current,GBP,2024-11-29,,250.00
8350,6,current,EUR,2024-01-11,,1000.00
8351,694,current,GBP,2024-12-16,,250.00
8352,930,savings,USD,2024-09-22,,0.00
8353,5,savings,GBP,2024-04-06,,0.00
8354,4,current,GBP,2024-06-05,,1000.00
8355,3,savings,USD,2025-10-19,,0.00
8356,712,savings,GBP,2024-02-10,,0.00
8357,346,current,USD,2025-03-30,,1000.00
8358,1976,current,GBP,2025-01-29,,500.00
8359,154,credit_card,EUR,2025-07-26,,0.00
8360,1694,current,EUR,2024-04-10,,500.00
8361,1765,current,EUR,2024-10-30,,2000.00
8362,1,current,USD,2025-01-10,,500.00
8363,10,current,GBP,2024-03-01,,0.00
8364,6,current,USD,2025-09-04,,500.00
8365,14,savings,GBP,2024-04-19,,0.00
8366,1,credit_card,USD,2024-02-08,,0.00
8367,762,credit_card,EUR,2025-06-27,,0.00
8368,200,loan,EUR,2025-12-30,,0.00
8369,1,current,USD,2024-06-15,,500.00
8370,5,current,GBP,2024-03-23,,0.00
8371,4,savings,GBP,2024-03-28,,0.00
8372,25,current,GBP,2024-06-06,,500.00
8373,1,credit_card,EUR,2024-02-01,,0.00
8374,173,loan,GBP,2025-01-31,,0.00
8375,1,loan,GBP,2024-03-25,,0.00
8376,1,savings,USD,2025-12-15,,0.00
8377,12,current,USD,2024-05-23,,1000.00
8378,1,savings,GBP,2024-07-25,,0.00
8379,3,current,GBP,2025-08-11,,250.00
8380,97,current,GBP,2024-02-18,2024-12-23,500.00
8381,72,current,USD,2025-08-03,,2000.00
8382,116,current,GBP,2024-11-05,,1000.00
8383,77,loan,GBP,2025-11-10,,0.00
8384,27,credit_card,EUR,2025-10-22,2026-02-24,0.00
8385,1,current,GBP,2024-08-02,,1000.00
8386,260,savings,GBP,2024-09-04,,0.00
8387,25,current,EUR,2025-04-06,,2000.00
8388,357,credit_card,GBP,2024-03-27,,0.00
8389,50,credit_card,EUR,2024-05-29,,0.00
8390,6,current,USD,2024-09-24,,250.00
8391,8,savings,EUR,2024-04-30,,0.00
8392,46,current,EUR,2025-12-07,,0.00
8393,44,current,GBP,2024-04-19,,2000.00
8394,2290,credit_card,USD,2024-09-03,,0.00
8395,1,current,GBP,2025-07-23,,500.00
8396,9,current,GBP,2024-01-25,,500.00
8397,2,loan,GBP,2025-07-29,,0.00
8398,11,current,USD,2025-12-13,,0.00
8399,1,credit_card,EUR,2025-02-11,,0.00
8400,1,current,GBP,2024-04-26,,1000.00
8401,14,current,USD,2025-05-28,,1000.00
8402,2,current,GBP,2024-12-12,,250.00
8403,51,credit_card,USD,2024-08-21,,0.00
8404,1516,savings,USD,2025-12-04,,0.00
8405,53,current,GBP,2024-05-11,,1000.00
8406,13,loan,GBP,2024-08-03,,0.00
8407,1,savings,GBP,2024-06-27,,0.00
8408,1775,current,USD,2025-12-02,,500.00
8409,11,credit_card,USD,2025-09-21,,0.00
8410,1,credit_card,GBP,2024-02-02,,0.00
8411,1,current,GBP,2025-06-16,,1000.00
8412,6,credit_card,GBP,2024-09-22,,0.00
8413,3,savings,GBP,2024-12-13,,0.00
8414,28,savings,EUR,2025-12-20,,0.00
8415,20,current,USD,2024-10-07,2025-11-12,1000.00
8416,1,credit_card,USD,2024-05-30,,0.00
8417,50,current,USD,2025-10-21,,0.00
8418,1385,current,GBP,2025-07-01,,500.00
8419,1169,credit_card,GBP,2024-11-09,,0.00
8420,63,current,USD,2024-05-02,,0.00
8421,5576,current,USD,2025-06-12,,1000.00
8422,210,savings,USD,2025-06-14,,0.00
8423,1,savings,USD,2025-07-15,,0.00
8424,9,current,GBP,2024-05-12,,0.00
8425,1,savings,GBP,2024-04-09,,0.00
8426,22,savings,EUR,2024-03-01,,0.00
8427,1,credit_card,GBP,2025-04-08,,0.00
8428,18,savings,GBP,2024-05-18,,0.00
8429,88,current,USD,2025-11-18,,1000.00
8430,439,savings,GBP,2024-02-07,,0.00
8431,1,current,USD,2025-12-18,,500.00
8432,2,credit_card,GBP,2024-01-28,,0.00
8433,9,savings,GBP,2024-01-28,,0.00
8434,1405,current,GBP,2025-10-07,,500.00
8435,3784,current,GBP,2025-12-22,,1000.00
8436,4,current,GBP,2025-04-23,,2000.00
8437,4026,savings,GBP,2024-08-24,,0.00
8438,25,credit_card,GBP,2025-04-18,,0.00
8439,425,savings,GBP,2025-07-24,,0.00
8440,311,current,EUR,2025-02-09,,1000.00
8441,2,current,USD,2025-06-05,,500.00
8442,9,current,GBP,2024-07-21,,0.00
8443,143,savings,GBP,2025-04-05,,0.00
8444,6,current,USD,2025-04-17,,2000.00
8445,1852,loan,GBP,2024-12-12,,0.00
8446,279,current,GBP,2025-01-29,,500.00
8447,6,savings,GBP,2025-03-01,,0.00
8448,4,current,GBP,2025-11-04,,2000.00
8449,1,current,GBP,2024-01-18,,500.00
8450,6,savings,GBP,2024-03-05,,0.00
8451,2,current,USD,2024-06-04,,500.00
8452,153,savings,GBP,2025-01-09,,0.00
8453,1,savings,GBP,2025-12-03,,0.00
8454,77,savings,USD,2025-04-24,,0.00
8455,99,current,EUR,2024-03-14,,1000.00
8456,66,current,GBP,2025-11-19,,2000.00
8457,2,current,GBP,2025-06-22,,2000.00
8458,15,current,GBP,2024-11-22,,1000.00
8459,1,current,USD,2025-07-22,,250.00
8460,1352,current,EUR,2024-04-05,,500.00
8461,25,current,GBP,2024-03-25,,2000.00
8462,4,current,GBP,2025-02-26,2025-04-08,500.00
8463,2,current,GBP,2025-06-04,,2000.00
8464,50,current,EUR,2025-07-13,,500.00
8465,1,credit_card,GBP,2025-07-10,,0.00
8466,1,credit_card,GBP,2024-08-12,,0.00
8467,497,credit_card,EUR,2024-09-18,2024-12-30,0.00
8468,175,savings,GBP,2025-06-02,,0.00
8469,1462,current,GBP,2025-11-16,,500.00
8470,107,current,GBP,2025-01-25,,2000.00
8471,16,current,GBP,2024-09-08,,250.00
8472,5212,current,GBP,2025-01-20,,500.00
8473,1708,savings,EUR,2024-07-30,,0.00
8474,2,loan,GBP,2025-11-08,,0.00
8475,4,savings,GBP,2024-08-18,,0.00
8476,592,credit_card,GBP,2024-09-23,,0.00
8477,14,current,GBP,2024-06-05,,0.00
8478,22,current,USD,2025-04-12,,0.00
8479,11,savings,GBP,2025-09-06,,0.00
8480,164,credit_card,EUR,2024-04-29,,0.00
8481,60,credit_card,GBP,2025-06-10,,0.00
8482,17,current,GBP,2024-03-11,,1000.00
8483,1,savings,GBP,2024-05-22,,0.00
8484,25,savings,GBP,2025-06-26,,0.00
8485,169,savings,GBP,2024-12-29,2025-03-21,0.00
8486,2,savings,USD,2025-08-12,2026-11-10,0.00
8487,80,credit_card,USD,2025-09-01,,0.00
8488,2,credit_card,EUR,2025-07-13,,0.00
8489,2307,savings,GBP,2025-09-06,,0.00
8490,1481,current,USD,2025-09-20,,2000.00
8491,2,savings,EUR,2024-11-20,,0.00
8492,2,loan,GBP,2025-03-11,,0.00
8493,57,savings,GBP,2024-04-19,,0.00
8494,42,credit_card,USD,2025-02-22,,0.00
8495,179,credit_card,GBP,2024-04-09,,0.00
8496,69,savings,GBP,2024-10-24,,0.00
8497,1586,savings,GBP,2025-11-04,,0.00
8498,2,savings,USD,2025-05-31,,0.00
8499,1,current,GBP,2025-05-30,,0.00
8500,1,savings,GBP,2024-08-14,2025-03-21,0.00
8501,2114,current,GBP,2024-04-24,,1000.00
8502,1,credit_card,USD,2025-10-26,,0.00
8503,1813,credit_card,GBP,2024-10-14,,0.00
8504,66,credit_card,USD,2025-12-01,,0.00
8505,122,credit_card,GBP,2025-12-05,,0.00
8506,10,current,GBP,2024-06-25,,500.00
8507,495,current,GBP,2024-04-25,,250.00
8508,5,current,GBP,2024-05-01,2025-06-22,2000.00
8509,1172,current,GBP,2024-07-07,2024-12-25,250.00
8510,64,savings,EUR,2024-05-19,,0.00
8511,65,current,GBP,2024-01-19,,250.00
8512,844,current,GBP,2024-12-26,,0.00
8513,6,current,GBP,2024-09-03,,1000.00
8514,3030,current,GBP,2024-09-12,,2000.00
8515,45,savings,USD,2024-05-30,,0.00
8516,2840,credit_card,GBP,2025-07-03,,0.00
8517,2,current,GBP,2025-10-24,2027-02-13,500.00
8518,1,current,GBP,2025-06-29,,250.00
8519,167,current,GBP,2024-11-04,,0.00
8520,2,credit_card,GBP,2025-12-04,,0.00
8521,6,savings,GBP,2025-08-13,,0.00
8522,659,current,GBP,2024-05-22,,2000.00
8523,230,credit_card,GBP,2025-12-20,,0.00
8524,6299,current,GBP,2024-06-09,,0.00
8525,300,credit_card,GBP,2024-01-22,,0.00
8526,58,current,USD,2024-11-18,,250.00
8527,49,current,GBP,2025-08-04,,500.00
8528,2,current,EUR,2024-01-03,2024-09-22,1000.00
8529,1,credit_card,GBP,2025-11-12,,0.00
8530,443,savings,GBP,2025-02-08,,0.00
8531,306,current,GBP,2025-01-22,,2000.00
8532,8,savings,EUR,2025-11-01,,0.00
8533,69,credit_card,GBP,2024-09-29,,0.00
8534,198,savings,GBP,2025-11-17,2026-08-03,0.00
8535,7953,savings,GBP,2024-01-27,,0.00
8536,1,credit_card,GBP,2024-01-03,,0.00
8537,11,current,GBP,2025-01-03,,250.00
8538,2032,current,GBP,2024-08-12,,500.00
8539,4404,credit_card,GBP,2025-09-01,,0.00
8540,8,savings,GBP,2024-10-06,,0.00
8541,2,current,USD,2024-12-26,,0.00
8542,2015,loan,GBP,2024-09-16,,0.00
8543,1,current,USD,2024-08-03,,500.00
8544,2288,current,USD,2025-03-22,,0.00
8545,280,current,GBP,2024-08-30,,2000.00
8546,10,credit_card,GBP,2024-10-10,,0.00
8547,5,current,GBP,2024-04-06,,250.00
8548,18,current,USD,2024-06-11,,500.00
8549,7830,current,EUR,2025-09-06,,1000.00
8550,48,current,GBP,2025-12-12,,0.00
8551,31,loan,EUR,2024-06-25,,0.00
8552,297,current,USD,2024-03-28,,2000.00
8553,989,savings,GBP,2024-03-07,,0.00
8554,1376,current,GBP,2025-12-17,,2000.00
8555,996,current,GBP,2024-03-10,,1000.00
8556,96,current,GBP,2024-12-20,,2000.00
8557,1,current,EUR,2024-02-11,2024-09-07,0.00
8558,39,credit_card,EUR,2025-06-08,,0.00
8559,1426,loan,USD,2024-08-23,,0.00
8560,5079,savings,EUR,2025-09-12,,0.00
8561,27,savings,GBP,2024-02-13,,0.00
8562,12,current,USD,2025-05-06,,500.00
8563,5,savings,EUR,2025-02-24,,0.00
8564,19,savings,EUR,2024-10-03,,0.00
8565,1889,current,EUR,2025-01-25,,2000.00
8566,1,credit_card,USD,2024-06-07,,0.00
8567,8,savings,GBP,2025-05-03,,0.00
8568,23,current,GBP,2024-01-22,,0.00
8569,79,savings,USD,2024-11-11,,0.00
8570,3,savings,GBP,2025-09-09,,0.00
8571,11,current,GBP,2025-04-01,,500.00
8572,35,current,USD,2024-08-04,,250.00
8573,2303,savings,GBP,2024-08-25,,0.00
8574,173,current,GBP,2025-04-15,,1000.00
8575,1,loan,GBP,2024-11-17,,0.00
8576,1,credit_card,GBP,2025-04-13,,0.00
8577,1,credit_card,USD,2025-03-15,,0.00
8578,1311,current,USD,2024-01-29,2024-08-09,250.00
8579,6,savings,GBP,2024-06-22,,0.00
8580,358,current,USD,2024-12-06,,500.00
8581,1,current,GBP,2025-09-01,,250.00
8582,14,current,GBP,2024-10-21,,1000.00
8583,32,savings,USD,2024-05-30,,0.00
8584,10,savings,GBP,2024-08-13,,0.00
8585,93,savings,EUR,2024-02-14,,0.00
8586,5,credit_card,USD,2025-12-02,,0.00
8587,227,current,USD,2025-07-27,,2000.00
8588,4,current,GBP,2025-04-24,,2000.00
8589,1688,credit_card,EUR,2024-04-15,2025-01-10,0.00
8590,4649,loan,GBP,2024-11-09,,0.00
8591,290,current,USD,2025-06-18,2026-09-01,2000.00
8592,1278,savings,USD,2025-10-19,,0.00
8593,60,savings,GBP,2024-12-14,,0.00
8594,14,current,GBP,2025-07-05,,500.00
8595,7,savings,EUR,2024-04-17,,0.00
8596,178,savings,GBP,2024-03-24,,0.00
8597,1,current,GBP,2024-10-23,,1000.00
8598,37,current,USD,2025-05-14,,500.00
8599,49,current,GBP,2024-01-06,,250.00
8600,122,savings,GBP,2024-05-12,,0.00
8601,447,credit_card,USD,2024-09-23,,0.00
8602,8,savings,GBP,2025-04-28,,0.00
8603,2,savings,USD,2024-12-21,,0.00
8604,34,current,EUR,2025-10-29,,0.00
8605,1,savings,GBP,2024-12-03,,0.00
8606,8,loan,EUR,2024-12-17,,0.00
8607,2,current,EUR,2025-10-20,,1000.00
8608,1111,loan,GBP,2025-12-07,,0.00
8609,2224,credit_card,GBP,2025-05-25,,0.00
8610,30,current,GBP,2024-08-21,2025-08-26,250.00
8611,5,current,USD,2024-01-13,,0.00
8612,1,current,EUR,2025-07-04,,0.00
8613,3,loan,GBP,2025-03-16,,0.00
8614,17,current,GBP,2024-03-28,,2000.00
8615,201,loan,GBP,2024-09-08,,0.00
8616,7,current,GBP,2024-05-06,,0.00
8617,209,savings,EUR,2024-07-21,,0.00
8618,6,current,GBP,2025-03-11,,0.00
8619,5,savings,GBP,2024-01-31,,0.00
8620,46,current,GBP,2024-02-01,,1000.00
8621,121,savings,USD,2025-09-12,2025-11-10,0.00
8622,5946,current,USD,2024-06-04,,0.00
8623,3,current,GBP,2024-09-27,,250.00
8624,691,current,USD,2025-11-06,,2000.00
8625,4,savings,GBP,2024-04-29,,0.00
8626,33,current,GBP,2024-01-28,,0.00
8627,1,savings,GBP,2025-08-01,,0.00
8628,1,current,GBP,2025-05-28,,0.00
8629,487,current,GBP,2025-04-10,2026-06-27,2000.00
8630,18,current,GBP,2025-09-21,,0.00
8631,143,loan,GBP,2024-11-04,,0.00
8632,2434,current,GBP,2025-12-31,2026-08-16,1000.00
8633,2817,savings,GBP,2024-11-30,,0.00
8634,1910,current,EUR,2025-04-29,,500.00
8635,1,current,GBP,2024-06-03,,1000.00
8636,5,current,GBP,2024-05-29,,500.00
8637,29,loan,USD,2024-07-08,,0.00
8638,65,current,GBP,2024-06-23,,1000.00
8639,3,current,GBP,2025-12-28,,2000.00
8640,8179,current,USD,2025-11-30,,250.00
8641,7702,current,EUR,2025-05-14,,250.00
8642,1,credit_card,EUR,2024-12-06,2025-07-18,0.00
8643,61,loan,GBP,2024-07-23,,0.00
8644,1,current,GBP,2024-01-21,,1000.00
8645,505,savings,GBP,2024-11-30,,0.00
8646,124,current,USD,2024-12-22,,250.00
8647,4,current,GBP,2025-04-13,,1000.00
8648,1,loan,GBP,2024-06-01,,0.00
8649,12,current,GBP,2025-10-27,,2000.00
8650,736,savings,GBP,2024-11-04,,0.00
8651,7,credit_card,EUR,2024-06-12,,0.00
8652,1,current,GBP,2024-02-21,,250.00
8653,5,current,GBP,2025-06-14,,250.00
8654,22,savings,GBP,2025-11-25,,0.00
8655,3,current,EUR,2025-05-18,,2000.00
8656,27,current,GBP,2025-12-31,,1000.00
8657,7705,savings,EUR,2024-12-19,,0.00
8658,138,savings,GBP,2025-09-05,,0.00
8659,8481,current,GBP,2024-09-26,,500.00
8660,18,current,GBP,2024-05-03,,500.00
8661,81,current,GBP,2024-11-09,,500.00
8662,7,credit_card,GBP,2025-09-09,,0.00
8663,1,savings,USD,2025-07-02,,0.00
8664,42,savings,GBP,2025-06-05,,0.00
8665,8615,current,GBP,2025-09-22,,500.00
8666,6,loan,GBP,2024-08-31,,0.00
8667,208,current,GBP,2024-05-28,,2000.00
8668,58,loan,GBP,2025-08-15,,0.00
8669,103,loan,USD,2024-03-29,2025-03-20,0.00
8670,1714,current,GBP,2025-05-12,,0.00
8671,9,credit_card,GBP,2025-01-09,,0.00
8672,870,savings,USD,2024-06-24,,0.00
8673,5,current,EUR,2024-12-02,,250.00
8674,184,current,GBP,2025-09-11,,2000.00
8675,2,loan,USD,2025-11-14,2026-07-04,0.00
8676,120,savings,USD,2024-08-21,,0.00
8677,1,loan,GBP,2024-10-27,,0.00
8678,13,current,GBP,2025-04-30,,250.00
8679,386,current,GBP,2025-06-19,2026-03-24,1000.00
8680,526,savings,GBP,2025-07-05,,0.00
8681,7167,current,GBP,2025-05-26,,0.00
8682,10,savings,EUR,2025-11-15,,0.00
8683,5,credit_card,USD,2025-08-23,,0.00
8684,223,current,GBP,2025-09-06,,1000.00
8685,1,savings,USD,2025-07-07,,0.00
8686,15,current,GBP,2024-10-17,,0.00
8687,341,credit_card,GBP,2024-12-24,,0.00
8688,11,credit_card,GBP,2025-04-16,,0.00
8689,8368,current,USD,2025-03-11,,2000.00
8690,935,current,GBP,2024-02-17,,2000.00
8691,3,current,GBP,2024-08-02,,0.00
8692,19,current,GBP,2025-04-19,,0.00
8693,5,credit_card,GBP,2024-01-24,,0.00
8694,4815,current,USD,2024-02-27,,500.00
8695,70,current,GBP,2025-08-25,,500.00
8696,1,savings,GBP,2024-09-27,,0.00
8697,577,savings,GBP,2024-05-29,,0.00
8698,3,current,GBP,2024-10-25,,0.00
8699,2,savings,GBP,2024-12-20,,0.00
8700,3,current,USD,2025-04-11,,250.00
8701,5342,savings,EUR,2024-06-11,,0.00
8702,1,savings,GBP,2024-05-20,,0.00
8703,59,savings,GBP,2024-09-11,,0.00
8704,390,credit_card,GBP,2025-12-26,,0.00
8705,4,current,GBP,2024-11-09,2025-11-06,0.00
8706,1,current,GBP,2024-09-02,,1000.00
8707,35,current,GBP,2025-05-13,,0.00
8708,1,credit_card,GBP,2024-10-08,,0.00
8709,7994,current,EUR,2025-04-12,,1000.00
8710,2,current,GBP,2024-04-17,,2000.00
8711,9,credit_card,GBP,2024-07-12,,0.00
8712,3903,savings,GBP,2025-03-10,,0.00
8713,7,savings,GBP,2024-11-05,,0.00
8714,381,loan,GBP,2024-01-05,,0.00
8715,1,current,EUR,2025-06-02,,2000.00
8716,343,credit_card,GBP,2025-12-10,,0.00
8717,1,credit_card,USD,2025-08-12,,0.00
8718,278,savings,GBP,2025-09-08,,0.00
8719,17,savings,USD,2025-12-13,,0.00
8720,1,current,USD,2025-12-03,,250.00
8721,83,current,USD,2024-10-15,,500.00
8722,2425,savings,GBP,2025-05-24,,0.00
8723,3,savings,USD,2025-12-13,,0.00
8724,1361,current,GBP,2024-11-01,,500.00
8725,9,current,GBP,2024-09-04,,500.00
8726,2,savings,USD,2025-12-23,,0.00
8727,1,credit_card,GBP,2024-12-24,,0.00
8728,37,current,GBP,2024-12-25,,250.00
8729,1,loan,USD,2025-12-09,,0.00
8730,1748,credit_card,GBP,2024-12-19,,0.00
8731,296,savings,GBP,2024-01-20,,0.00
8732,4286,credit_card,GBP,2025-07-21,,0.00
8733,114,current,GBP,2025-09-09,,0.00
8734,82,current,GBP,2025-12-29,,250.00
8735,1,loan,EUR,2025-11-18,,0.00
8736,65,savings,GBP,2024-05-01,,0.00
8737,3,current,GBP,2024-10-26,,500.00
8738,5,current,USD,2025-10-30,,500.00
8739,5,current,EUR,2025-04-23,,0.00
8740,1141,current,GBP,2025-03-30,,0.00
8741,60,savings,USD,2025-03-16,,0.00
8742,1009,savings,GBP,2024-12-23,,0.00
8743,2091,savings,GBP,2025-06-29,,0.00
8744,119,current,USD,2025-09-26,,0.00
8745,117,savings,GBP,2024-08-03,,0.00
8746,5544,current,GBP,2024-11-21,,2000.00
8747,3,loan,GBP,2024-06-09,,0.00
8748,13,current,GBP,2025-08-02,,1000.00
8749,2,current,USD,2024-09-11,,250.00
8750,3,current,GBP,2025-03-12,,1000.00
8751,39,current,GBP,2024-07-11,,1000.00
8752,1595,current,USD,2024-12-25,,2000.00
8753,4,loan,EUR,2025-07-14,,0.00
8754,1703,current,EUR,2025-04-18,,0.00
8755,5,credit_card,GBP,2025-04-16,,0.00
8756,26,savings,GBP,2025-01-28,,0.00
8757,7,current,USD,2024-01-29,,1000.00
8758,8638,current,GBP,2025-03-18,,1000.00
8759,8,savings,USD,2024-04-06,,0.00
8760,156,current,USD,2025-12-13,,1000.00
8761,2,savings,GBP,2025-10-18,,0.00
8762,1,credit_card,USD,2024-07-06,,0.00
8763,4,savings,GBP,2025-04-05,2025-07-10,0.00
8764,791,current,GBP,2025-06-12,,2000.00
8765,2,savings,GBP,2025-08-15,,0.00
8766,28,savings,GBP,2025-06-27,2025-12-08,0.00
8767,1,current,USD,2024-03-15,,250.00
8768,1,savings,USD,2024-02-25,,0.00
8769,17,credit_card,EUR,2025-11-13,,0.00
8770,16,loan,GBP,2025-08-02,,0.00
8771,1,current,GBP,2025-05-05,,2000.00
8772,30,current,USD,2024-11-17,,500.00
8773,95,current,GBP,2024-09-16,,1000.00
8774,138,credit_card,GBP,2024-12-20,,0.00
8775,337,credit_card,GBP,2024-09-16,,0.00
8776,4,savings,USD,2024-10-20,,0.00
8777,41,current,GBP,2024-06-15,,250.00
8778,26,current,GBP,2025-04-19,2026-05-01,2000.00
8779,22,savings,USD,2025-07-20,,0.00
8780,3023,current,USD,2025-12-19,,0.00
8781,457,current,USD,2025-12-30,,250.00
8782,236,savings,USD,2024-09-28,,0.00
8783,5125,current,USD,2024-03-08,,0.00
8784,165,current,USD,2024-11-03,,250.00
8785,2660,credit_card,USD,2024-02-09,2024-08-01,0.00
8786,1,current,GBP,2025-03-20,,500.00
8787,1,savings,GBP,2025-04-12,,0.00
8788,1,savings,USD,2025-12-21,,0.00
8789,915,current,EUR,2025-08-10,,2000.00
8790,2,savings,USD,2024-08-05,,0.00
8791,5,savings,GBP,2024-01-20,,0.00
8792,3,current,EUR,2025-04-02,,250.00
8793,3,current,GBP,2025-04-05,,1000.00
8794,4988,current,GBP,2025-03-31,,0.00
8795,894,current,GBP,2024-12-25,,500.00
8796,1513,savings,GBP,2025-06-30,,0.00
8797,2270,savings,GBP,2025-10-13,2026-05-03,0.00
8798,2,credit_card,GBP,2025-09-12,,0.00
8799,27,loan,EUR,2024-01-14,,0.00
8800,3861,current,USD,2025-01-13,,250.00
8801,13,savings,GBP,2024-08-11,,0.00
8802,12,current,USD,2024-06-09,,250.00
8803,20,current,USD,2025-07-09,,250.00
8804,1,current,EUR,2025-04-25,,0.00
8805,57,loan,GBP,2025-12-05,,0.00
8806,72,savings,GBP,2024-08-30,2024-10-10,0.00
8807,1134,savings,EUR,2024-10-11,,0.00
8808,2,loan,USD,2024-05-31,,0.00
8809,97,savings,GBP,2025-06-24,,0.00
8810,1162,current,EUR,2025-04-27,,250.00
8811,214,current,GBP,2024-10-30,,1000.00
8812,58,credit_card,EUR,2024-12-03,,0.00
8813,530,current,GBP,2024-11-18,,500.00
8814,1,current,GBP,2025-06-22,,250.00
8815,1,savings,GBP,2024-02-29,,0.00
8816,2,savings,GBP,2024-07-06,,0.00
8817,1,savings,USD,2025-08-28,,0.00
8818,4,current,EUR,2025-02-04,2025-08-09,1000.00
8819,7,savings,USD,2025-12-19,,0.00
8820,4,current,USD,2024-08-15,,500.00
8821,11,current,GBP,2024-08-08,,250.00
8822,30,loan,GBP,2024-09-16,,0.00
8823,309,savings,GBP,2025-06-25,,0.00
8824,5,current,EUR,2024-05-07,,1000.00
8825,324,credit_card,GBP,2024-01-04,,0.00
8826,7,credit_card,GBP,2024-05-15,,0.00
8827,3,current,GBP,2024-04-02,,500.00
8828,1794,current,GBP,2024-01-14,,0.00
8829,227,loan,GBP,2024-08-27,,0.00
8830,18,current,GBP,2024-11-12,,250.00
8831,61,current,GBP,2024-03-19,,1000.00
8832,41,current,USD,2025-08-21,2026-06-01,250.00
8833,2,current,USD,2025-12-24,2027-04-28,1000.00
8834,21,savings,GBP,2024-04-03,,0.00
8835,51,savings,GBP,2024-03-03,,0.00
8836,4042,current,USD,2024-01-04,,0.00
8837,455,current,GBP,2024-10-26,,500.00
8838,19,credit_card,GBP,2024-07-21,,0.00
8839,1609,savings,GBP,2024-05-11,,0.00
8840,1,current,USD,2024-01-27,,2000.00
8841,596,savings,EUR,2025-03-09,,0.00
8842,2,current,GBP,2025-01-09,,2000.00
8843,18,savings,GBP,2025-01-22,,0.00
8844,201,current,USD,2025-07-16,2025-12-14,1000.00
8845,882,savings,GBP,2025-09-17,,0.00
8846,33,current,EUR,2025-11-14,,0.00
8847,3794,current,USD,2024-10-12,,500.00
8848,5,credit_card,GBP,2025-03-20,,0.00
8849,750,current,GBP,2025-03-02,,500.00
8850,466,current,GBP,2024-03-25,,0.00
8851,201,current,GBP,2025-02-05,2026-02-23,250.00
8852,45,current,GBP,2025-11-27,,500.00
8853,6,savings,GBP,2025-12-02,2026-01-07,0.00
8854,2,savings,GBP,2025-04-22,,0.00
8855,120,current,USD,2024-10-21,2025-04-11,1000.00
8856,1,savings,EUR,2025-05-08,,0.00
8857,63,savings,GBP,2024-06-07,,0.00
8858,25,current,GBP,2024-09-28,,1000.00
8859,2541,credit_card,GBP,2024-10-02,,0.00
8860,203,savings,GBP,2025-12-11,,0.00
8861,1,current,GBP,2024-09-15,,1000.00
8862,11,current,EUR,2025-01-31,,2000.00
8863,6490,current,USD,2025-02-09,,250.00
8864,85,savings,USD,2024-05-28,,0.00
8865,1622,savings,GBP,2025-09-24,,0.00
8866,2,credit_card,EUR,2025-05-07,,0.00
8867,1,current,USD,2025-07-28,,1000.00
8868,16,credit_card,USD,2025-11-09,,0.00
8869,2,current,GBP,2024-11-19,2025-07-26,0.00
8870,344,current,GBP,2025-11-21,,1000.00
8871,56,current,USD,2025-06-02,,0.00
8872,567,savings,GBP,2025-10-28,,0.00
8873,2,loan,GBP,2024-07-29,,0.00
8874,13,current,GBP,2025-03-30,,1000.00
8875,2,current,GBP,2025-04-26,,500.00
8876,2,current,GBP,2025-05-02,,2000.00
8877,16,current,EUR,2025-01-26,,250.00
8878,29,savings,GBP,2024-08-05,,0.00
8879,3,current,EUR,2024-08-20,2025-05-28,0.00
8880,18,current,GBP,2025-05-05,,250.00
8881,2613,current,EUR,2025-12-29,,250.00
8882,1,savings,GBP,2025-08-07,2026-05-25,0.00
8883,1,current,GBP,2025-01-04,,1000.00
8884,15,credit_card,GBP,2024-06-29,,0.00
8885,24,credit_card,GBP,2024-02-24,,0.00
8886,499,credit_card,GBP,2024-02-27,,0.00
8887,77,current,GBP,2024-03-14,,0.00
8888,4,savings,GBP,2025-04-05,,0.00
8889,195,credit_card,GBP,2025-08-13,,0.00
8890,57,savings,GBP,2025-04-14,,0.00
8891,132,credit_card,GBP,2025-12-13,2026-02-28,0.00
8892,2526,credit_card,USD,2025-03-11,,0.00
8893,4,credit_card,GBP,2025-08-11,,0.00
8894,6,savings,GBP,2024-03-13,,0.00
8895,4536,current,USD,2024-02-08,2024-05-04,2000.00
8896,1,current,USD,2025-03-06,,250.00
8897,3,current,GBP,2024-08-18,2025-04-30,1000.00
8898,1,savings,USD,2025-03-09,,0.00
8899,62,current,USD,2024-05-30,,1000.00
8900,85,current,GBP,2024-12-28,2025-09-14,2000.00
8901,5,credit_card,USD,2025-12-25,,0.00
8902,2,savings,GBP,2025-09-27,,0.00
8903,691,current,GBP,2024-09-21,,2000.00
8904,1,current,GBP,2024-02-26,,500.00
8905,60,current,GBP,2025-06-08,2026-09-01,0.00
8906,102,credit_card,GBP,2024-04-29,,0.00
8907,72,savings,GBP,2024-05-06,,0.00
8908,184,savings,GBP,2024-06-03,,0.00
8909,1,credit_card,GBP,2024-07-06,,0.00
8910,19,current,GBP,2024-02-20,,2000.00
8911,60,current,GBP,2025-01-28,,500.00
8912,1,credit_card,GBP,2025-10-09,,0.00
8913,18,current,GBP,2024-12-18,,250.00
8914,244,current,USD,2025-09-05,,500.00
8915,2,loan,GBP,2024-01-21,,0.00
8916,2,current,GBP,2024-11-30,,1000.00
8917,6518,credit_card,GBP,2024-02-01,,0.00
8918,6500,current,GBP,2024-08-27,,250.00
8919,137,savings,GBP,2024-11-27,,0.00
8920,25,credit_card,GBP,2024-10-24,,0.00
8921,348,current,GBP,2024-11-01,,2000.00
8922,165,savings,USD,2025-07-08,,0.00
8923,8,savings,USD,2024-07-14,,0.00
8924,32,savings,GBP,2025-05-05,,0.00
8925,1,credit_card,GBP,2024-04-09,,0.00
8926,176,savings,USD,2024-04-10,,0.00
8927,2,credit_card,GBP,2025-02-04,,0.00
8928,3603,credit_card,USD,2024-08-19,,0.00
8929,3,savings,GBP,2025-12-06,,0.00
8930,71,savings,GBP,2025-02-19,,0.00
8931,206,credit_card,EUR,2025-12-01,,0.00
8932,709,savings,EUR,2025-08-28,,0.00
8933,5,current,GBP,2024-12-19,,250.00
8934,9,loan,GBP,2024-11-27,,0.00
8935,2935,current,EUR,2024-06-20,,2000.00
8936,1,savings,GBP,2025-01-14,,0.00
8937,1,savings,GBP,2025-05-13,,0.00
8938,15,savings,GBP,2024-11-27,,0.00
8939,677,savings,GBP,2024-08-11,,0.00
8940,38,current,GBP,2025-07-12,,250.00
8941,8,savings,GBP,2025-12-01,,0.00
8942,14,savings,GBP,2024-11-22,,0.00
8943,2,savings,GBP,2024-02-02,,0.00
8944,1,savings,EUR,2025-08-09,,0.00
8945,1,credit_card,EUR,2025-01-31,,0.00
8946,1,current,GBP,2025-12-11,,1000.00
8947,3874,credit_card,GBP,2024-11-06,,0.00
8948,4,credit_card,GBP,2025-03-02,,0.00
8949,6864,savings,GBP,2024-07-27,,0.00
8950,49,savings,EUR,2024-12-23,,0.00
8951,21,current,GBP,2025-05-19,,1000.00
8952,5,current,GBP,2025-11-25,,1000.00
8953,729,savings,GBP,2024-10-25,,0.00
8954,76,current,USD,2025-01-23,,500.00
8955,1,savings,GBP,2025-11-08,,0.00
8956,97,current,USD,2024-11-13,,1000.00
8957,24,savings,GBP,2024-01-27,,0.00
8958,1,current,GBP,2025-10-04,,1000.00
8959,2,savings,GBP,2024-09-04,,0.00
8960,365,credit_card,GBP,2024-06-12,,0.00
8961,10,current,GBP,2024-09-18,2024-12-23,2000.00
8962,475,current,GBP,2025-09-08,,1000.00
8963,8897,savings,GBP,2024-02-22,,0.00
8964,1210,savings,EUR,2025-05-29,,0.00
8965,2,credit_card,GBP,2025-10-05,,0.00
8966,11,loan,USD,2025-10-22,,0.00
8967,210,credit_card,GBP,2025-08-13,,0.00
8968,114,loan,EUR,2024-05-02,,0.00
8969,5,current,GBP,2025-04-03,2026-03-05,2000.00
8970,3010,current,GBP,2025-10-12,,250.00
8971,4,current,GBP,2025-12-02,,2000.00
8972,60,current,USD,2024-09-12,,0.00
8973,342,savings,USD,2025-11-01,,0.00
8974,23,savings,GBP,2024-08-12,,0.00
8975,2837,loan,GBP,2024-07-06,,0.00
8976,36,credit_card,GBP,2025-11-11,,0.00
8977,11,credit_card,EUR,2025-03-12,,0.00
8978,4262,credit_card,GBP,2025-06-09,,0.00
8979,4,savings,GBP,2024-03-08,2024-05-05,0.00
8980,11,savings,GBP,2024-03-12,2024-09-26,0.00
8981,5681,current,GBP,2024-10-23,,1000.00
8982,50,current,USD,2024-03-24,,500.00
8983,238,loan,EUR,2024-01-26,,0.00
8984,1,current,GBP,2024-05-08,,1000.00
8985,1475,loan,GBP,2025-06-29,,0.00
8986,1867,loan,GBP,2024-01-26,,0.00
8987,4,savings,GBP,2024-10-05,,0.00
8988,1769,credit_card,USD,2024-10-29,,0.00
8989,3,credit_card,GBP,2025-09-06,2026-03-03,0.00
8990,411,savings,GBP,2025-11-04,,0.00
8991,1615,current,USD,2024-03-17,,250.00
8992,196,savings,USD,2024-12-31,,0.00
8993,1916,current,GBP,2024-10-03,2025-07-09,1000.00
8994,2,current,GBP,2024-03-01,,250.00
8995,547,savings,GBP,2024-02-01,2024-04-10,0.00
8996,1,current,GBP,2024-12-16,,500.00
8997,38,credit_card,USD,2025-05-23,,0.00
8998,13,current,GBP,2024-07-09,,2000.00
8999,942,credit_card,GBP,2024-10-10,,0.00
9000,7003,loan,EUR,2025-10-30,,0.00
9001,5,credit_card,USD,2024-01-20,,0.00
9002,26,current,GBP,2024-05-20,,1000.00
9003,1,current,EUR,2025-08-24,,1000.00
9004,199,current,GBP,2025-09-18,,500.00
9005,4,current,GBP,2024-02-19,,0.00
9006,1,credit_card,USD,2024-06-23,2025-01-17,0.00
9007,7366,current,EUR,2024-06-01,,250.00
9008,100,credit_card,USD,2024-01-19,,0.00
9009,30,savings,GBP,2024-03-10,,0.00
9010,1,savings,GBP,2024-05-20,,0.00
9011,1,current,GBP,2025-11-03,,0.00
9012,9,current,EUR,2024-07-05,,0.00
9013,77,savings,GBP,2025-04-06,,0.00
9014,41,current,EUR,2024-12-08,,2000.00
9015,28,current,GBP,2024-09-19,,500.00
9016,6613,current,GBP,2025-03-17,,2000.00
9017,1,savings,EUR,2025-11-12,,0.00
9018,4,savings,EUR,2025-11-18,,0.00
9019,1,savings,EUR,2025-09-12,,0.00
9020,50,savings,USD,2025-06-02,,0.00
9021,1,current,USD,2025-01-16,,2000.00
9022,2,savings,USD,2025-12-07,,0.00
9023,4,current,GBP,2024-07-13,,250.00
9024,43,savings,GBP,2024-09-02,,0.00
9025,6,current,EUR,2025-07-07,2026-09-23,250.00
9026,138,savings,GBP,2024-12-14,,0.00
9027,11,savings,USD,2024-12-06,,0.00
9028,2,current,GBP,2024-05-03,,2000.00
9029,1453,current,GBP,2024-03-19,,500.00
9030,1,savings,GBP,2024-03-18,,0.00
9031,65,savings,GBP,2025-12-29,,0.00
9032,2057,savings,GBP,2025-10-14,,0.00
9033,199,current,GBP,2024-06-10,,500.00
9034,13,current,USD,2025-07-11,,500.00
9035,26,savings,GBP,2024-01-12,,0.00
9036,563,current,EUR,2024-02-26,,250.00
9037,7,current,GBP,2025-05-10,2026-03-03,2000.00
9038,215,current,GBP,2025-11-13,,250.00
9039,2,credit_card,GBP,2025-11-18,,0.00
9040,2,loan,GBP,2025-08-01,,0.00
9041,7,credit_card,USD,2024-11-21,,0.00
9042,997,current,EUR,2024-04-10,,500.00
9043,1,savings,GBP,2024-11-05,,0.00
9044,1,current,GBP,2025-08-14,,1000.00
9045,1580,current,EUR,2025-01-05,,500.00
9046,3,credit_card,GBP,2025-04-24,,0.00
9047,1,current,GBP,2025-05-25,,2000.00
9048,1453,current,GBP,2025-09-24,,250.00
9049,20,current,GBP,2025-10-29,,1000.00
9050,242,current,EUR,2025-06-18,,2000.00
9051,3469,current,USD,2025-03-05,,500.00
9052,2,savings,GBP,2024-07-21,,0.00
9053,125,loan,EUR,2025-01-13,,0.00
9054,1153,current,GBP,2024-03-18,,250.00
9055,57,loan,GBP,2025-09-10,,0.00
9056,1481,current,USD,2025-02-20,,250.00
9057,1,current,EUR,2024-03-10,,0.00
9058,7376,credit_card,EUR,2025-04-17,,0.00
9059,301,current,GBP,2025-07-28,,1000.00
9060,68,savings,GBP,2024-05-19,,0.00
9061,4069,current,GBP,2025-11-28,2027-02-01,0.00
9062,1,current,EUR,2025-08-06,,500.00
9063,120,loan,GBP,2025-11-29,,0.00
9064,3500,current,EUR,2024-07-17,,1000.00
9065,6,current,USD,2024-02-25,,0.00
9066,950,savings,EUR,2025-02-10,,0.00
9067,101,savings,GBP,2025-04-28,,0.00
9068,954,current,USD,2024-02-27,,0.00
9069,1,current,GBP,2024-08-05,,500.00
9070,19,current,GBP,2024-03-20,,2000.00
9071,5,current,USD,2024-07-11,2025-08-05,250.00
9072,1,current,EUR,2025-09-08,,250.00
9073,2990,savings,GBP,2025-10-18,,0.00
9074,3,current,GBP,2025-05-20,,0.00
9075,3,credit_card,USD,2024-10-26,,0.00
9076,2054,savings,GBP,2025-08-14,,0.00
9077,950,savings,USD,2025-08-16,,0.00
9078,1,current,GBP,2024-10-28,,2000.00
9079,1,savings,USD,2025-04-03,,0.00
9080,1172,savings,GBP,2025-09-19,,0.00
9081,1,current,GBP,2024-07-26,,250.00
9082,1484,current,GBP,2025-03-12,2026-01-31,1000.00
9083,31,credit_card,GBP,2024-06-16,2024-07-16,0.00
9084,61,current,GBP,2024-01-07,,2000.00
9085,50,current,GBP,2024-01-18,,250.00
9086,4466,current,EUR,2024-12-01,,250.00
9087,5,current,GBP,2025-09-21,,250.00
9088,4,credit_card,GBP,2024-08-08,,0.00
9089,1,savings,GBP,2025-11-30,,0.00
9090,22,current,GBP,2025-09-12,,250.00
9091,1,savings,GBP,2024-04-06,,0.00
9092,1699,savings,USD,2024-07-30,,0.00
9093,16,loan,GBP,2024-12-23,,0.00
9094,40,savings,GBP,2025-11-25,,0.00
9095,70,current,USD,2024-05-24,,0.00
9096,2,savings,GBP,2025-02-07,,0.00
9097,1,current,GBP,2025-12-16,,2000.00
9098,411,current,GBP,2025-07-12,,1000.00
9099,1014,savings,GBP,2024-11-01,,0.00
9100,25,savings,USD,2024-10-27,,0.00
9101,1,current,GBP,2024-11-29,,2000.00
9102,303,savings,GBP,2024-04-24,,0.00
9103,574,credit_card,GBP,2025-01-02,,0.00
9104,986,current,GBP,2025-03-25,2026-01-23,500.00
9105,17,savings,GBP,2024-02-28,,0.00
9106,110,savings,GBP,2025-08-13,,0.00
9107,16,current,GBP,2025-05-02,,1000.00
9108,615,credit_card,GBP,2025-02-18,,0.00
9109,1,credit_card,EUR,2025-01-10,,0.00
9110,254,credit_card,USD,2025-03-06,,0.00
9111,3096,credit_card,GBP,2024-04-09,,0.00
9112,4625,savings,USD,2024-03-03,,0.00
9113,1976,current,GBP,2025-10-15,,250.00
9114,242,savings,GBP,2024-01-25,,0.00
9115,10,current,GBP,2024-11-07,,2000.00
9116,302,savings,GBP,2024-12-12,,0.00
9117,2272,savings,USD,2024-03-31,,0.00
9118,5,savings,GBP,2024-07-25,,0.00
9119,8,current,GBP,2024-12-01,,1000.00
9120,15,current,GBP,2025-01-14,2025-08-10,500.00
9121,5,current,EUR,2024-11-20,,0.00
9122,2,savings,USD,2025-01-08,,0.00
9123,3,current,GBP,2024-05-31,,0.00
9124,18,loan,GBP,2024-03-20,,0.00
9125,5,current,GBP,2025-02-04,,0.00
9126,1,savings,GBP,2024-09-15,,0.00
9127,1,current,GBP,2024-09-29,,2000.00
9128,1,loan,GBP,2025-12-03,,0.00
9129,21,loan,EUR,2025-01-11,,0.00
9130,611,savings,GBP,2024-12-22,2025-02-19,0.00
9131,4622,current,GBP,2024-03-31,2025-02-06,250.00
9132,1,credit_card,GBP,2024-06-03,2025-04-22,0.00
9133,21,savings,GBP,2024-01-25,,0.00
9134,15,current,EUR,2025-02-10,,250.00
9135,27,savings,USD,2024-08-01,,0.00
9136,1586,credit_card,USD,2024-12-14,,0.00
9137,2,savings,GBP,2024-01-21,,0.00
9138,1979,current,EUR,2024-01-05,,2000.00
9139,1,current,GBP,2024-06-29,,2000.00
9140,7803,current,GBP,2025-12-23,,2000.00
9141,84,current,USD,2025-02-06,,1000.00
9142,2,credit_card,GBP,2025-12-21,,0.00
9143,5947,current,GBP,2025-12-18,,500.00
9144,29,current,EUR,2025-05-07,,500.00
9145,60,current,EUR,2024-10-26,,500.00
9146,216,current,GBP,2025-12-27,,0.00
9147,4,savings,GBP,2025-01-12,,0.00
9148,5336,savings,GBP,2024-03-08,,0.00
9149,1218,current,GBP,2025-11-01,,500.00
9150,1,current,GBP,2024-04-18,2025-05-14,0.00
9151,2054,current,USD,2025-01-20,,2000.00
9152,684,savings,USD,2025-07-15,,0.00
9153,3,credit_card,GBP,2024-07-29,,0.00
9154,392,savings,USD,2024-01-16,,0.00
9155,7729,current,GBP,2024-09-09,,0.00
9156,1538,savings,GBP,2025-03-05,,0.00
9157,5,savings,GBP,2025-08-13,,0.00
9158,7,credit_card,GBP,2024-03-07,,0.00
9159,3193,credit_card,GBP,2025-12-23,,0.00
9160,15,current,USD,2024-06-12,,1000.00
9161,30,savings,USD,2024-09-05,,0.00
9162,14,savings,USD,2025-09-30,,0.00
9163,17,savings,USD,2024-05-13,,0.00
9164,2,current,GBP,2025-12-15,,250.00
9165,876,current,USD,2024-04-09,,0.00
9166,33,current,USD,2025-09-03,,0.00
9167,50,savings,EUR,2025-02-08,,0.00
9168,956,savings,EUR,2025-09-23,,0.00
9169,6,current,GBP,2025-10-21,,1000.00
9170,387,current,USD,2025-09-10,,2000.00
9171,441,savings,GBP,2024-01-29,,0.00
9172,2012,current,EUR,2025-03-06,,500.00
9173,2,current,USD,2025-12-30,,1000.00
9174,1,current,USD,2025-06-22,,2000.00
9175,19,current,GBP,2025-07-16,,1000.00
9176,41,savings,GBP,2024-10-28,,0.00
9177,198,loan,USD,2024-01-30,,0.00
9178,1,current,USD,2024-07-15,,500.00
9179,2,credit_card,GBP,2024-12-08,,0.00
9180,10,savings,GBP,2025-03-07,,0.00
9181,813,credit_card,GBP,2024-01-08,,0.00
9182,1,current,GBP,2024-06-30,,2000.00
9183,49,current,USD,2025-01-23,,500.00
9184,5,savings,USD,2025-11-30,,0.00
9185,28,current,GBP,2024-07-13,,1000.00
9186,19,savings,GBP,2025-08-09,,0.00
9187,187,current,GBP,2024-09-08,,0.00
9188,6,current,GBP,2024-05-28,2024-09-20,2000.00
9189,2,savings,GBP,2024-11-12,,0.00
9190,1,loan,USD,2025-12-13,,0.00
9191,4287,current,USD,2024-06-08,,0.00
9192,3051,current,GBP,2024-07-01,,2000.00
9193,15,credit_card,EUR,2025-03-07,,0.00
9194,276,current,USD,2025-07-01,,500.00
9195,69,savings,EUR,2025-07-20,,0.00
9196,4,current,GBP,2024-04-11,,250.00
9197,248,current,USD,2025-01-31,,1000.00
9198,6,savings,GBP,2024-02-29,,0.00
9199,138,savings,GBP,2024-12-12,2025-07-29,0.00
9200,14,current,EUR,2024-11-01,,500.00
9201,392,savings,GBP,2024-10-25,,0.00
9202,30,current,USD,2024-12-28,,2000.00
9203,2,savings,GBP,2024-10-08,,0.00
9204,71,credit_card,GBP,2024-02-03,,0.00
9205,1470,savings,USD,2024-05-27,,0.00
9206,1,current,GBP,2025-05-31,,250.00
9207,1232,savings,GBP,2024-03-03,,0.00
9208,34,credit_card,GBP,2025-09-19,,0.00
9209,73,credit_card,EUR,2024-11-29,,0.00
9210,3908,savings,GBP,2024-12-04,,0.00
9211,1,current,GBP,2024-03-29,,1000.00
9212,12,savings,GBP,2025-03-15,,0.00
9213,73,current,GBP,2025-03-22,,1000.00
9214,364,current,GBP,2024-10-24,,0.00
9215,2076,current,USD,2024-12-18,,250.00
9216,1,current,GBP,2024-02-13,,2000.00
9217,1,current,GBP,2025-07-07,,0.00
9218,232,loan,EUR,2025-05-03,,0.00
9219,3,savings,GBP,2025-12-24,,0.00
9220,18,current,USD,2025-04-26,,2000.00
9221,4577,loan,USD,2024-11-30,2025-06-22,0.00
9222,16,current,USD,2025-01-31,,500.00
9223,1,current,GBP,2025-01-13,,2000.00
9224,4755,credit_card,EUR,2024-06-06,,0.00
9225,1,current,USD,2025-12-16,,2000.00
9226,32,savings,GBP,2024-05-29,,0.00
9227,117,current,USD,2025-08-28,,0.00
9228,18,savings,USD,2024-05-23,,0.00
9229,1826,credit_card,GBP,2024-06-28,,0.00
9230,139,current,GBP,2024-05-31,,500.00
9231,518,credit_card,USD,2025-11-16,,0.00
9232,3,current,GBP,2024-12-02,,500.00
9233,3814,credit_card,USD,2024-09-02,,0.00
9234,1,savings,USD,2024-09-09,,0.00
9235,17,current,GBP,2025-12-30,,2000.00
9236,1,current,USD,2024-03-29,,0.00
9237,2,current,GBP,2024-08-10,,500.00
9238,16,loan,USD,2024-03-29,,0.00
9239,16,savings,USD,2025-09-13,,0.00
9240,48,current,GBP,2025-03-10,,0.00
9241,3607,credit_card,GBP,2024-03-01,,0.00
9242,1,credit_card,GBP,2025-08-06,,0.00
9243,132,savings,GBP,2025-12-01,,0.00
9244,7,credit_card,GBP,2025-06-21,,0.00
9245,421,savings,GBP,2024-05-28,,0.00
9246,2,loan,EUR,2024-07-26,,0.00
9247,208,current,GBP,2024-04-28,,0.00
9248,6,loan,USD,2025-01-26,,0.00
9249,42,savings,GBP,2025-06-14,,0.00
9250,1596,current,GBP,2025-07-20,,500.00
9251,31,current,GBP,2025-11-09,,0.00
9252,23,credit_card,GBP,2025-02-28,,0.00
9253,113,current,EUR,2025-01-12,,250.00
9254,2,credit_card,GBP,2024-01-02,,0.00
9255,584,current,GBP,2025-06-27,,0.00
9256,47,current,EUR,2025-01-08,,0.00
9257,1,current,GBP,2024-06-12,,2000.00
9258,45,current,GBP,2025-06-12,,2000.00
9259,5793,current,GBP,2024-03-12,,1000.00
9260,1,loan,EUR,2024-05-24,,0.00
9261,7,credit_card,EUR,2024-04-21,,0.00
9262,2918,savings,USD,2025-05-30,,0.00
9263,59,loan,GBP,2025-10-25,,0.00
9264,465,current,GBP,2024-10-10,,0.00
9265,4,current,EUR,2025-10-30,2027-03-03,0.00
9266,802,current,GBP,2024-10-08,,500.00
9267,20,current,GBP,2024-03-11,,0.00
9268,18,current,GBP,2024-07-02,,0.00
9269,2086,current,EUR,2024-04-19,,0.00
9270,238,savings,GBP,2025-12-09,,0.00
9271,115,current,GBP,2024-08-27,,500.00
9272,13,current,EUR,2025-01-23,,250.00
9273,22,loan,GBP,2025-12-13,,0.00
9274,1,current,USD,2025-11-22,,500.00
9275,31,credit_card,GBP,2024-07-04,,0.00
9276,2158,credit_card,GBP,2024-10-11,,0.00
9277,1,savings,EUR,2025-03-24,,0.00
9278,44,savings,GBP,2024-09-22,,0.00
9279,19,current,GBP,2025-09-25,,2000.00
9280,1,current,USD,2024-02-01,,2000.00
9281,101,current,GBP,2024-11-29,,2000.00
9282,53,current,GBP,2024-02-09,,250.00
9283,57,credit_card,GBP,2024-02-05,,0.00
9284,6,current,USD,2024-06-20,,500.00
9285,152,current,EUR,2025-04-30,,500.00
9286,2985,savings,GBP,2025-07-08,,0.00
9287,208,current,EUR,2025-02-17,,500.00
9288,76,current,EUR,2025-06-03,,250.00
9289,6301,savings,GBP,2025-01-07,2026-03-18,0.00
9290,49,current,GBP,2025-01-29,2026-02-25,2000.00
9291,30,savings,GBP,2025-09-07,,0.00
9292,2350,credit_card,GBP,2024-12-10,,0.00
9293,2,current,GBP,2024-08-05,,1000.00
9294,13,credit_card,GBP,2024-02-08,,0.00
9295,119,savings,GBP,2025-04-18,,0.00
9296,357,current,EUR,2025-06-08,,1000.00
9297,2,savings,GBP,2025-10-15,,0.00
9298,260,current,USD,2025-07-15,,500.00
9299,10,loan,GBP,2025-09-02,,0.00
9300,175,savings,GBP,2024-05-26,,0.00
9301,5,current,GBP,2024-02-21,,1000.00
9302,1,current,GBP,2025-02-15,,250.00
9303,121,savings,GBP,2025-10-20,,0.00
9304,88,current,USD,2025-07-10,,2000.00
9305,8,loan,USD,2025-10-06,,0.00
9306,2,credit_card,EUR,2024-12-26,,0.00
9307,2,current,GBP,2024-06-08,,2000.00
9308,44,current,EUR,2024-11-16,,1000.00
9309,99,current,EUR,2025-04-22,,250.00
9310,2,loan,GBP,2025-12-09,,0.00
9311,2713,loan,GBP,2025-06-22,,0.00
9312,463,credit_card,GBP,2024-08-20,,0.00
9313,905,current,GBP,2024-02-04,2024-06-09,1000.00
9314,3,loan,EUR,2025-10-24,,0.00
9315,4633,savings,GBP,2024-12-28,,0.00
9316,576,credit_card,USD,2025-07-09,,0.00
9317,2,credit_card,USD,2025-04-26,,0.00
9318,1123,credit_card,USD,2025-01-27,,0.00
9319,795,current,GBP,2025-02-22,,1000.00
9320,9,current,GBP,2024-12-15,,500.00
9321,5387,savings,GBP,2025-01-11,,0.00
9322,497,savings,GBP,2025-11-09,,0.00
9323,5,current,GBP,2024-09-26,,0.00
9324,1560,credit_card,EUR,2025-11-27,,0.00
9325,187,current,GBP,2025-02-05,,500.00
9326,1,savings,GBP,2024-06-26,,0.00
9327,3401,credit_card,GBP,2024-03-20,,0.00
9328,2,credit_card,GBP,2024-07-12,,0.00
9329,2287,savings,GBP,2025-01-26,,0.00
9330,297,current,GBP,2025-02-10,,500.00
9331,2,credit_card,USD,2024-11-01,,0.00
9332,39,savings,EUR,2024-11-16,,0.00
9333,3,loan,GBP,2025-11-16,,0.00
9334,111,current,GBP,2024-12-29,,250.00
9335,19,current,GBP,2024-09-19,,500.00
9336,319,loan,GBP,2024-03-14,,0.00
9337,401,current,GBP,2024-11-09,,0.00
9338,4,loan,GBP,2024-07-15,,0.00
9339,59,current,USD,2024-04-11,,250.00
9340,1137,savings,USD,2025-01-10,,0.00
9341,75,current,GBP,2024-08-12,,2000.00
9342,10,current,USD,2024-05-24,,1000.00
9343,8,savings,GBP,2024-08-03,,0.00
9344,101,savings,GBP,2024-10-04,,0.00
9345,2,credit_card,GBP,2024-10-22,,0.00
9346,3070,current,GBP,2025-09-22,,500.00
9347,9,loan,GBP,2024-09-05,,0.00
9348,1,current,GBP,2024-03-01,,2000.00
9349,9,current,GBP,2025-06-20,,0.00
9350,68,credit_card,USD,2025-11-16,,0.00
9351,71,current,GBP,2025-01-16,,2000.00
9352,23,credit_card,GBP,2024-08-23,,0.00
9353,6,savings,GBP,2025-03-12,,0.00
9354,5126,current,GBP,2024-04-26,,500.00
9355,2,current,GBP,2024-12-07,,250.00
9356,3,current,GBP,2025-11-15,,500.00
9357,84,savings,GBP,2025-09-05,,0.00
9358,26,credit_card,GBP,2024-12-06,,0.00
9359,2,current,GBP,2024-12-07,,0.00
9360,14,current,GBP,2024-01-12,,250.00
9361,27,current,GBP,2025-01-28,,1000.00
9362,3601,savings,USD,2024-03-06,2024-09-20,0.00
9363,1,savings,GBP,2025-05-17,,0.00
9364,2,savings,GBP,2025-06-14,,0.00
9365,957,savings,USD,2024-09-20,,0.00
9366,32,savings,GBP,2024-04-03,,0.00
9367,123,current,GBP,2024-05-07,,250.00
9368,404,savings,GBP,2025-03-06,,0.00
9369,1,credit_card,GBP,2024-06-25,2024-10-06,0.00
9370,93,current,USD,2025-07-07,,250.00
9371,6,savings,GBP,2025-07-14,,0.00
9372,1,credit_card,EUR,2025-03-10,,0.00
9373,36,savings,GBP,2024-08-08,,0.00
9374,3,current,GBP,2025-03-16,,2000.00
9375,4,savings,USD,2024-11-10,,0.00
9376,2266,current,USD,2025-03-19,,0.00
9377,3,current,GBP,2025-01-04,,500.00
9378,83,savings,USD,2025-07-26,,0.00
9379,46,current,GBP,2025-03-10,2026-07-17,500.00
9380,23,current,GBP,2024-03-09,,250.00
9381,7,savings,USD,2024-09-06,,0.00
9382,627,current,GBP,2025-08-07,,0.00
9383,27,current,GBP,2024-01-23,,500.00
9384,8,savings,GBP,2025-11-04,,0.00
9385,4,current,USD,2024-01-15,,1000.00
9386,1,savings,GBP,2025-09-05,,0.00
9387,1936,savings,GBP,2024-08-12,2025-07-21,0.00
9388,706,credit_card,GBP,2025-05-21,,0.00
9389,12,credit_card,GBP,2025-12-30,2026-05-30,0.00
9390,1,savings,GBP,2024-03-17,,0.00
9391,36,current,USD,2025-06-05,,500.00
9392,8516,savings,GBP,2025-02-18,,0.00
9393,1,savings,GBP,2024-01-06,2024-10-04,0.00
9394,20,current,GBP,2024-12-03,,1000.00
9395,6,credit_card,USD,2025-07-27,,0.00
9396,66,savings,GBP,2025-10-27,,0.00
9397,53,current,EUR,2025-11-14,,500.00
9398,52,credit_card,GBP,2025-10-19,,0.00
9399,4,current,GBP,2025-03-19,,0.00
9400,3,current,USD,2024-09-17,,0.00
9401,384,savings,USD,2024-07-20,2025-09-24,0.00
9402,2,savings,USD,2025-03-17,,0.00
9403,38,credit_card,EUR,2024-12-14,2026-03-27,0.00
9404,7,current,GBP,2025-11-14,,500.00
9405,1256,current,USD,2025-05-05,,1000.00
9406,769,savings,GBP,2024-08-24,,0.00
9407,1,credit_card,EUR,2024-12-25,2025-07-04,0.00
9408,5,current,GBP,2025-05-17,,2000.00
9409,87,current,GBP,2024-11-01,,2000.00
9410,516,current,USD,2025-12-22,,2000.00
9411,3,savings,GBP,2024-02-16,,0.00
9412,3,current,GBP,2025-10-04,,0.00
9413,490,current,GBP,2025-11-07,,0.00
9414,201,credit_card,GBP,2024-07-14,,0.00
9415,5,savings,GBP,2024-04-04,,0.00
9416,71,credit_card,USD,2024-12-13,,0.00
9417,70,current,EUR,2024-03-01,,1000.00
9418,357,loan,GBP,2024-05-13,,0.00
9419,5413,current,USD,2025-12-20,,1000.00
9420,578,savings,EUR,2024-10-20,,0.00
9421,16,current,GBP,2025-12-29,,2000.00
9422,99,savings,USD,2025-07-17,,0.00
9423,4,credit_card,GBP,2025-04-04,,0.00
9424,1425,current,USD,2025-09-21,,2000.00
9425,2,savings,GBP,2024-02-16,,0.00
9426,6030,current,USD,2025-10-20,,2000.00
9427,281,current,USD,2025-12-10,,0.00
9428,607,loan,EUR,2025-12-04,,0.00
9429,12,current,GBP,2024-12-02,,0.00
9430,347,current,GBP,2025-09-23,,2000.00
9431,1,current,GBP,2025-04-06,,500.00
9432,22,current,GBP,2024-02-17,,250.00
9433,196,current,USD,2025-11-03,,2000.00
9434,1,credit_card,GBP,2025-02-16,,0.00
9435,6834,credit_card,GBP,2025-05-08,,0.00
9436,5084,savings,GBP,2025-07-21,,0.00
9437,135,current,GBP,2024-05-01,,2000.00
9438,1,current,USD,2024-03-04,,250.00
9439,2,credit_card,USD,2025-07-14,,0.00
9440,4,savings,GBP,2024-12-29,,0.00
9441,30,current,USD,2025-02-05,,1000.00
9442,117,current,GBP,2025-01-14,,250.00
9443,50,savings,GBP,2025-01-10,,0.00
9444,5414,current,EUR,2024-05-05,,250.00
9445,1,current,GBP,2025-02-21,,1000.00
9446,8259,savings,GBP,2024-06-16,2025-05-10,0.00
9447,32,current,USD,2024-07-29,,500.00
9448,2728,current,GBP,2025-07-03,,2000.00
9449,2,loan,GBP,2024-12-06,2025-07-14,0.00
9450,3,loan,GBP,2024-12-26,,0.00
9451,1,current,GBP,2025-04-15,,0.00
9452,274,credit_card,GBP,2025-05-18,,0.00
9453,4,current,USD,2025-08-18,,1000.00
9454,13,savings,GBP,2024-02-13,,0.00
9455,30,savings,USD,2024-07-21,,0.00
9456,4,savings,USD,2024-01-29,,0.00
9457,72,current,USD,2025-05-26,,250.00
9458,1,savings,EUR,2024-10-18,,0.00
9459,252,current,GBP,2025-08-11,,250.00
9460,483,savings,EUR,2024-08-08,,0.00
9461,3851,current,GBP,2025-09-25,,2000.00
9462,491,credit_card,GBP,2025-11-14,,0.00
9463,5,current,GBP,2024-10-11,,0.00
9464,37,loan,GBP,2024-03-12,2024-11-01,0.00
9465,525,current,USD,2024-04-29,,1000.00
9466,11,savings,EUR,2024-12-04,,0.00
9467,1,current,GBP,2025-12-09,,2000.00
9468,4,current,GBP,2025-05-04,,500.00
9469,15,savings,GBP,2025-12-28,,0.00
9470,30,current,GBP,2024-12-14,,0.00
9471,24,current,GBP,2025-03-26,,1000.00
9472,1,current,GBP,2025-12-14,,250.00
9473,163,current,EUR,2025-06-01,2026-05-17,250.00
9474,1332,savings,EUR,2024-08-25,2025-09-19,0.00
9475,168,current,GBP,2024-04-21,,500.00
9476,77,savings,USD,2024-10-30,,0.00
9477,307,savings,GBP,2024-07-27,,0.00
9478,1,current,GBP,2024-01-13,,2000.00
9479,1420,current,EUR,2024-08-06,,2000.00
9480,7,current,GBP,2025-11-11,,1000.00
9481,1189,credit_card,GBP,2025-06-28,,0.00
9482,20,current,GBP,2025-09-23,,250.00
9483,50,current,EUR,2024-05-19,,1000.00
9484,4,savings,EUR,2024-09-15,,0.00
9485,510,savings,USD,2024-10-05,,0.00
9486,3,current,GBP,2024-12-26,,500.00
9487,1,current,GBP,2024-06-09,,1000.00
9488,487,current,USD,2024-11-21,,1000.00
9489,4,current,EUR,2025-07-27,,2000.00
9490,3,current,GBP,2024-02-01,,250.00
9491,766,current,USD,2024-04-06,,0.00
9492,1,savings,USD,2024-03-31,,0.00
9493,25,current,USD,2025-05-22,,1000.00
9494,1,savings,GBP,2025-11-06,,0.00
9495,14,savings,USD,2024-09-03,,0.00
9496,9,savings,USD,2025-12-27,,0.00
9497,14,current,GBP,2024-07-14,,1000.00
9498,151,current,GBP,2025-03-27,2025-11-19,250.00
9499,94,credit_card,GBP,2024-03-24,,0.00
9500,284,loan,GBP,2025-12-03,,0.00
9501,1,savings,GBP,2024-10-13,,0.00
9502,17,loan,GBP,2025-06-24,,0.00
9503,5,current,GBP,2024-02-13,,0.00
9504,3,savings,GBP,2024-12-08,,0.00
9505,21,current,GBP,2024-11-19,,0.00
9506,25,credit_card,GBP,2025-07-23,,0.00
9507,1,current,GBP,2025-08-30,,2000.00
9508,6,current,EUR,2025-03-31,,0.00
9509,2,savings,GBP,2024-03-10,,0.00
9510,547,savings,GBP,2025-09-11,,0.00
9511,238,credit_card,USD,2024-05-28,,0.00
9512,258,current,GBP,2024-03-02,,2000.00
9513,8,loan,GBP,2025-02-04,,0.00
9514,1,current,GBP,2025-08-29,,2000.00
9515,55,current,USD,2025-03-08,,1000.00
9516,968,current,USD,2025-12-21,,250.00
9517,3,current,GBP,2024-03-02,,500.00
9518,1,current,GBP,2025-09-23,,250.00
9519,58,credit_card,GBP,2025-12-20,,0.00
9520,58,current,USD,2025-05-23,,500.00
9521,79,current,GBP,2025-05-12,,250.00
9522,346,savings,GBP,2025-12-17,,0.00
9523,151,current,GBP,2025-06-05,,250.00
9524,295,credit_card,EUR,2024-09-22,,0.00
9525,1,savings,GBP,2024-10-15,,0.00
9526,486,savings,GBP,2025-10-24,2026-08-20,0.00
9527,18,current,GBP,2024-03-10,,2000.00
9528,12,current,GBP,2024-07-20,,500.00
9529,120,current,GBP,2024-01-17,,2000.00
9530,5434,current,USD,2025-06-02,,0.00
9531,1,current,GBP,2025-12-15,,1000.00
9532,340,credit_card,USD,2024-07-16,,0.00
9533,4,savings,GBP,2025-12-02,,0.00
9534,6,savings,USD,2024-01-14,,0.00
9535,3,credit_card,GBP,2025-12-28,,0.00
9536,484,credit_card,GBP,2024-09-15,2025-06-07,0.00
9537,309,savings,GBP,2025-11-25,,0.00
9538,1,current,EUR,2024-04-16,,0.00
9539,5,savings,GBP,2024-05-29,,0.00
9540,297,savings,GBP,2024-08-15,2025-05-06,0.00
9541,2,current,GBP,2024-07-24,,500.00
9542,7,credit_card,GBP,2024-03-20,2025-02-01,0.00
9543,1113,credit_card,USD,2024-03-16,,0.00
9544,8,current,GBP,2024-04-02,,500.00
9545,18,savings,USD,2024-10-11,,0.00
9546,7,current,USD,2025-03-28,,0.00
9547,2,loan,GBP,2024-09-16,,0.00
9548,1,savings,GBP,2024-02-07,,0.00
9549,4440,savings,GBP,2024-01-25,,0.00
9550,3395,current,EUR,2025-12-09,,250.00
9551,11,current,GBP,2025-12-27,,0.00
9552,597,current,GBP,2024-12-02,,500.00
9553,530,savings,USD,2024-01-20,2024-07-30,0.00
9554,5,current,GBP,2024-03-23,,500.00
9555,223,loan,GBP,2025-07-25,,0.00
9556,107,current,EUR,2024-12-01,,1000.00
9557,5099,loan,GBP,2024-01-19,,0.00
9558,1,credit_card,EUR,2025-04-05,,0.00
9559,4857,current,USD,2025-06-13,,0.00
9560,409,current,GBP,2024-09-28,,2000.00
9561,1307,current,EUR,2024-01-06,,0.00
9562,3,current,GBP,2024-10-10,2026-01-23,500.00
9563,62,current,GBP,2024-02-27,,1000.00
9564,1,current,EUR,2024-10-24,2024-12-26,2000.00
9565,1,savings,GBP,2024-07-31,,0.00
9566,398,current,EUR,2025-06-12,,2000.00
9567,1,savings,GBP,2025-03-18,,0.00
9568,8,savings,GBP,2025-09-29,,0.00
9569,34,savings,GBP,2024-05-30,,0.00
9570,1,current,GBP,2025-06-15,,0.00
9571,1,current,GBP,2025-02-02,,0.00
9572,31,current,USD,2025-04-11,,1000.00
9573,4,savings,GBP,2025-06-24,,0.00
9574,472,current,EUR,2024-03-19,2024-08-18,500.00
9575,68,current,GBP,2024-08-01,,0.00
9576,89,current,GBP,2024-05-31,,2000.00
9577,1523,savings,GBP,2024-12-10,,0.00
9578,3,savings,EUR,2025-12-26,,0.00
9579,86,credit_card,GBP,2025-06-29,,0.00
9580,632,credit_card,GBP,2024-07-10,,0.00
9581,1490,savings,GBP,2025-06-01,,0.00
9582,291,credit_card,GBP,2025-08-06,,0.00
9583,1,credit_card,GBP,2024-04-04,,0.00
9584,8,current,GBP,2024-12-24,,2000.00
9585,3559,savings,USD,2025-04-30,,0.00
9586,293,savings,GBP,2025-07-08,,0.00
9587,57,savings,GBP,2025-06-07,,0.00
9588,8511,current,GBP,2024-09-09,,500.00
9589,1,savings,USD,2025-07-27,,0.00
9590,7,current,USD,2025-11-25,2027-03-06,250.00
9591,2,current,GBP,2024-05-11,,2000.00
9592,1141,current,GBP,2025-03-17,,2000.00
9593,5,current,GBP,2024-06-24,,0.00
9594,1,current,GBP,2024-04-13,,0.00
9595,2,current,USD,2024-08-13,,0.00
9596,509,current,GBP,2024-06-05,,2000.00
9597,1,current,GBP,2025-02-20,,500.00
9598,18,current,GBP,2025-06-06,,2000.00
9599,940,current,GBP,2024-10-03,,500.00
9600,1,loan,USD,2024-12-25,2025-05-10,0.00
9601,4,savings,GBP,2025-01-01,,0.00
9602,15,current,GBP,2024-11-14,,0.00
9603,1,current,GBP,2024-02-13,,1000.00
9604,1,savings,GBP,2024-09-11,,0.00
9605,249,current,USD,2025-01-28,,0.00
9606,1,savings,USD,2024-01-05,,0.00
9607,93,current,EUR,2025-01-22,,2000.00
9608,15,current,EUR,2024-12-24,,1000.00
9609,3629,current,GBP,2024-03-03,,2000.00
9610,784,current,GBP,2025-09-22,,250.00
9611,751,current,GBP,2025-11-28,,2000.00
9612,1,current,USD,2025-09-26,,2000.00
9613,2,current,USD,2024-03-22,,1000.00
9614,7,credit_card,GBP,2024-04-13,,0.00
9615,1,credit_card,EUR,2025-04-30,,0.00
9616,69,savings,GBP,2024-03-30,,0.00
9617,1,current,USD,2024-01-19,,2000.00
9618,2,current,GBP,2024-01-30,,0.00
9619,44,current,GBP,2025-02-10,,500.00
9620,109,loan,GBP,2025-12-23,,0.00
9621,1,current,GBP,2024-04-12,,250.00
9622,36,current,USD,2024-05-02,,500.00
9623,1,savings,GBP,2025-05-31,,0.00
9624,526,current,GBP,2024-04-11,,1000.00
9625,6013,savings,USD,2025-01-27,,0.00
9626,116,current,GBP,2025-01-20,,250.00
9627,342,current,EUR,2024-09-18,,2000.00
9628,49,current,GBP,2024-01-30,,0.00
9629,6,current,GBP,2025-07-07,,250.00
9630,4050,current,USD,2024-05-21,,2000.00
9631,1,current,USD,2025-06-02,,250.00
9632,60,current,GBP,2025-03-06,,250.00
9633,5187,current,GBP,2025-01-03,,1000.00
9634,95,current,GBP,2024-08-23,,0.00
9635,243,current,USD,2024-09-10,,500.00
9636,13,current,GBP,2025-05-03,2026-07-04,0.00
9637,2174,savings,GBP,2024-06-21,,0.00
9638,169,current,GBP,2024-01-31,,0.00
9639,21,current,GBP,2024-02-03,,2000.00
9640,3,savings,GBP,2024-07-15,,0.00
9641,1005,current,USD,2025-05-10,,500.00
9642,853,savings,GBP,2024-03-03,,0.00
9643,40,savings,GBP,2025-11-07,,0.00
9644,63,current,GBP,2024-01-17,,2000.00
9645,39,current,USD,2025-11-08,,1000.00
9646,117,current,EUR,2025-11-06,,0.00
9647,4,current,GBP,2024-04-17,,2000.00
9648,4997,current,USD,2024-04-13,,2000.00
9649,122,current,GBP,2025-06-26,,2000.00
9650,2,credit_card,GBP,2025-04-21,,0.00
9651,6,current,GBP,2025-12-04,2026-10-03,500.00
9652,4801,savings,EUR,2025-07-18,,0.00
9653,3,loan,GBP,2024-04-25,,0.00
9654,2496,savings,GBP,2025-03-06,,0.00
9655,1,savings,GBP,2024-02-23,,0.00
9656,1,current,EUR,2025-09-14,,500.00
9657,6,credit_card,GBP,2025-03-04,2025-10-24,0.00
9658,1,credit_card,GBP,2024-06-29,,0.00
9659,2,savings,GBP,2024-08-27,,0.00
9660,82,current,EUR,2024-11-18,,250.00
9661,12,current,GBP,2025-03-06,,250.00
9662,3,credit_card,GBP,2025-10-09,,0.00
9663,73,current,GBP,2025-08-28,,0.00
9664,3002,current,GBP,2025-08-24,,250.00
9665,23,savings,GBP,2025-05-03,,0.00
9666,704,current,GBP,2025-06-16,,2000.00
9667,1,savings,USD,2024-05-17,,0.00
9668,1613,savings,EUR,2025-07-24,,0.00
9669,1,savings,USD,2025-06-29,,0.00
9670,228,loan,GBP,2024-02-08,,0.00
9671,2,current,GBP,2024-02-20,,2000.00
9672,2,savings,EUR,2025-02-08,,0.00
9673,19,savings,EUR,2024-07-12,,0.00
9674,1266,savings,EUR,2025-01-12,,0.00
9675,223,savings,EUR,2024-06-05,,0.00
9676,105,savings,USD,2024-10-28,,0.00
9677,20,current,GBP,2024-11-11,,2000.00
9678,8070,savings,USD,2025-08-21,,0.00
9679,5,credit_card,GBP,2024-09-22,,0.00
9680,54,current,GBP,2025-02-17,,500.00
9681,1,credit_card,GBP,2025-06-02,,0.00
9682,705,credit_card,GBP,2025-12-08,,0.00
9683,22,current,GBP,2025-08-01,,250.00
9684,1,current,USD,2024-06-08,,1000.00
9685,1,current,GBP,2024-01-05,,250.00
9686,1,credit_card,EUR,2025-08-11,,0.00
9687,4,current,GBP,2024-12-07,,500.00
9688,5144,current,GBP,2024-12-13,2025-05-28,250.00
9689,35,current,GBP,2024-06-05,,500.00
9690,24,current,GBP,2024-11-15,2025-07-02,250.00
9691,284,credit_card,GBP,2025-11-03,,0.00
9692,2,current,USD,2024-05-07,,2000.00
9693,1370,loan,USD,2024-03-21,,0.00
9694,35,savings,USD,2025-04-09,,0.00
9695,7,savings,USD,2024-09-12,,0.00
9696,15,current,GBP,2024-07-17,,1000.00
9697,242,current,GBP,2025-01-21,,500.00
9698,3,current,EUR,2025-07-19,,2000.00
9699,3,current,GBP,2024-03-12,,250.00
9700,68,savings,EUR,2024-08-06,,0.00
9701,36,savings,GBP,2025-04-21,,0.00
9702,21,current,GBP,2025-12-10,,500.00
9703,1,savings,GBP,2025-07-28,,0.00
9704,774,credit_card,GBP,2024-02-28,,0.00
9705,56,savings,GBP,2025-07-15,,0.00
9706,457,savings,GBP,2024-10-06,,0.00
9707,3,current,GBP,2025-06-20,,500.00
9708,1278,current,USD,2024-07-22,,500.00
9709,1208,savings,EUR,2024-01-14,,0.00
9710,3,current,GBP,2024-05-14,,0.00
9711,11,current,GBP,2025-05-02,,500.00
9712,7283,current,GBP,2025-01-24,,0.00
9713,1117,current,EUR,2024-10-27,,2000.00
9714,773,savings,GBP,2025-02-08,2025-11-07,0.00
9715,2,savings,GBP,2024-07-08,,0.00
9716,8648,current,EUR,2024-03-15,,1000.00
9717,7,credit_card,GBP,2024-12-19,,0.00
9718,79,current,USD,2024-05-27,,500.00
9719,85,current,GBP,2025-09-21,,1000.00
9720,2,savings,GBP,2025-11-02,,0.00
9721,10,current,EUR,2025-11-13,,2000.00
9722,6011,current,GBP,2025-06-23,,500.00
9723,1,current,GBP,2024-04-21,,500.00
9724,7416,current,GBP,2024-10-30,2025-09-14,500.00
9725,3,current,GBP,2024-12-01,,250.00
9726,157,current,GBP,2025-02-15,,250.00
9727,45,credit_card,GBP,2024-05-27,,0.00
9728,4,current,USD,2025-03-09,,0.00
9729,170,current,EUR,2024-06-09,,250.00
9730,59,current,EUR,2025-03-07,,2000.00
9731,2,current,GBP,2024-09-03,,250.00
9732,7,savings,GBP,2024-02-22,,0.00
9733,1,current,USD,2025-04-06,,500.00
9734,22,current,USD,2024-04-27,,0.00
9735,10,credit_card,GBP,2025-05-08,,0.00
9736,3,credit_card,GBP,2024-12-03,,0.00
9737,354,savings,USD,2025-05-18,,0.00
9738,2,current,GBP,2025-06-13,,2000.00
9739,1,savings,USD,2025-12-11,,0.00
9740,5,current,USD,2024-04-19,,2000.00
9741,36,current,GBP,2024-01-21,,250.00
9742,2236,current,GBP,2024-05-05,,250.00
9743,8,savings,GBP,2024-06-23,,0.00
9744,40,savings,EUR,2024-03-26,,0.00
9745,44,current,GBP,2025-08-03,,1000.00
9746,1,current,EUR,2025-09-03,,2000.00
9747,3,current,GBP,2025-02-11,,250.00
9748,1890,savings,GBP,2025-12-19,,0.00
9749,194,current,EUR,2024-09-08,,250.00
9750,62,savings,GBP,2024-07-22,,0.00
9751,1504,loan,GBP,2025-11-29,,0.00
9752,4,current,GBP,2025-09-21,,0.00
9753,20,current,USD,2025-02-23,,1000.00
9754,1,current,GBP,2025-02-08,,1000.00
9755,6662,current,GBP,2025-08-03,,1000.00
9756,1275,savings,USD,2025-10-22,,0.00
9757,4,loan,GBP,2024-11-24,,0.00
9758,481,current,USD,2024-11-11,,500.00
9759,799,current,GBP,2024-03-05,,0.00
9760,12,current,GBP,2024-11-10,,250.00
9761,96,credit_card,USD,2025-12-24,,0.00
9762,268,current,GBP,2025-08-26,,0.00
9763,21,current,GBP,2024-07-09,,0.00
9764,10,loan,GBP,2024-03-10,,0.00
9765,414,current,GBP,2025-05-20,,500.00
9766,3053,savings,EUR,2024-11-05,2025-12-20,0.00
9767,3,savings,USD,2024-05-26,,0.00
9768,4,current,GBP,2024-11-29,,500.00
9769,4265,current,USD,2025-05-19,,0.00
9770,824,savings,USD,2024-10-01,,0.00
9771,38,savings,GBP,2024-03-09,,0.00
9772,2,credit_card,GBP,2025-06-21,,0.00
9773,35,savings,GBP,2024-04-16,2025-08-05,0.00
9774,1,current,EUR,2025-10-10,,1000.00
9775,5305,credit_card,GBP,2024-06-06,,0.00
9776,5,current,USD,2024-12-07,,500.00
9777,15,credit_card,USD,2024-09-02,,0.00
9778,34,current,GBP,2024-08-31,,500.00
9779,14,loan,GBP,2025-08-17,,0.00
9780,34,loan,GBP,2025-03-24,,0.00
9781,155,savings,GBP,2024-04-14,2024-08-04,0.00
9782,4,credit_card,USD,2024-12-17,,0.00
9783,871,current,GBP,2024-08-07,,1000.00
9784,1374,credit_card,GBP,2024-10-31,,0.00
9785,3,savings,GBP,2024-04-13,,0.00
9786,37,current,GBP,2024-12-07,,500.00
9787,208,current,GBP,2024-03-23,,0.00
9788,7,current,GBP,2024-04-21,,250.00
9789,4680,savings,EUR,2025-06-20,,0.00
9790,3,savings,USD,2024-08-24,,0.00
9791,61,loan,GBP,2024-12-06,,0.00
9792,5469,savings,GBP,2025-10-14,,0.00
9793,109,savings,EUR,2024-01-28,,0.00
9794,13,savings,GBP,2024-01-20,,0.00
9795,564,credit_card,USD,2025-01-16,,0.00
9796,3,current,GBP,2025-01-18,,1000.00
9797,38,current,USD,2025-07-06,,250.00
9798,104,credit_card,GBP,2025-04-12,,0.00
9799,4516,savings,GBP,2024-01-09,,0.00
9800,213,current,GBP,2025-04-01,,2000.00
9801,1,savings,GBP,2024-06-02,,0.00
9802,35,savings,GBP,2024-07-26,,0.00
9803,2,current,GBP,2025-06-28,,1000.00
9804,2,current,GBP,2025-11-19,,2000.00
9805,546,loan,USD,2025-06-30,,0.00
9806,85,current,GBP,2025-05-25,,250.00
9807,141,savings,USD,2024-07-04,,0.00
9808,4,savings,USD,2025-12-06,,0.00
9809,2,current,GBP,2025-02-13,,250.00
9810,778,current,EUR,2024-10-26,,500.00
9811,41,savings,USD,2024-10-09,,0.00
9812,10,savings,GBP,2024-11-08,,0.00
9813,95,loan,GBP,2024-11-05,,0.00
9814,9,current,GBP,2025-03-27,2025-09-03,250.00
9815,9,current,GBP,2024-08-23,,2000.00
9816,68,current,GBP,2024-03-31,,1000.00
9817,38,current,GBP,2024-08-31,,500.00
9818,2,current,GBP,2025-02-21,,1000.00
9819,91,savings,GBP,2024-09-18,,0.00
9820,4180,current,GBP,2024-06-26,,1000.00
9821,1,savings,USD,2024-03-25,,0.00
9822,31,savings,EUR,2024-12-30,,0.00
9823,1987,current,GBP,2025-10-04,,500.00
9824,589,loan,GBP,2024-03-31,2025-07-30,0.00
9825,10,credit_card,GBP,2025-02-10,,0.00
9826,1191,savings,USD,2025-09-06,2026-09-26,0.00
9827,25,current,GBP,2025-08-05,,500.00
9828,6337,current,GBP,2025-09-24,,0.00
9829,7,current,GBP,2024-04-02,,1000.00
9830,1,current,GBP,2025-06-30,,2000.00
9831,30,current,EUR,2025-08-14,2026-11-28,2000.00
9832,4224,current,GBP,2024-11-16,,250.00
9833,255,current,USD,2025-08-16,,500.00
9834,9,current,GBP,2024-04-22,,500.00
9835,17,current,GBP,2024-12-13,,0.00
9836,1396,credit_card,GBP,2024-04-11,,0.00
9837,42,current,USD,2024-02-04,2024-05-31,250.00
9838,2557,current,GBP,2025-04-05,,0.00
9839,2303,current,USD,2024-02-06,,500.00
9840,234,current,GBP,2024-09-20,,0.00
9841,2,current,GBP,2025-05-30,2025-11-09,2000.00
9842,7716,current,GBP,2024-12-16,,0.00
9843,2,credit_card,GBP,2025-03-25,,0.00
9844,15,current,GBP,2025-07-24,,1000.00
9845,2,current,USD,2025-11-13,,0.00
9846,19,credit_card,EUR,2025-04-13,,0.00
9847,7756,current,GBP,2025-10-17,,500.00
9848,137,current,GBP,2025-04-03,,250.00
9849,1321,savings,GBP,2025-11-12,,0.00
9850,490,current,GBP,2024-01-27,,500.00
9851,2316,savings,GBP,2024-08-18,,0.00
9852,419,savings,USD,2024-07-17,,0.00
9853,4,current,USD,2024-10-23,,250.00
9854,11,loan,USD,2025-02-24,,0.00
9855,90,credit_card,GBP,2025-01-02,,0.00
9856,3,current,GBP,2025-06-21,2026-10-22,250.00
9857,5080,loan,GBP,2025-04-16,,0.00
9858,5780,savings,GBP,2025-06-16,,0.00
9859,27,current,GBP,2024-12-01,,0.00
9860,3,current,USD,2025-01-27,,250.00
9861,1510,current,EUR,2024-12-05,,250.00
9862,3,current,GBP,2025-08-29,2025-11-10,250.00
9863,1,current,GBP,2024-05-05,,2000.00
9864,12,current,GBP,2025-03-20,,0.00
9865,3,current,USD,2024-02-17,,2000.00
9866,2452,credit_card,EUR,2024-06-30,,0.00
9867,9,loan,EUR,2024-10-13,,0.00
9868,3,savings,GBP,2024-11-13,,0.00
9869,633,savings,GBP,2025-12-29,,0.00
9870,19,savings,GBP,2024-01-19,,0.00
9871,745,current,GBP,2025-09-20,,1000.00
9872,39,savings,GBP,2024-11-15,,0.00
9873,1,credit_card,EUR,2024-09-10,,0.00
9874,395,loan,GBP,2024-03-14,,0.00
9875,1,current,GBP,2024-01-30,,0.00
9876,17,savings,GBP,2024-07-22,,0.00
9877,23,current,GBP,2025-03-22,2025-08-13,1000.00
9878,735,savings,GBP,2024-09-16,,0.00
9879,1595,savings,USD,2024-03-28,,0.00
9880,114,current,EUR,2025-11-09,,0.00
9881,996,current,EUR,2024-05-19,,1000.00
9882,700,savings,EUR,2025-03-28,,0.00
9883,472,current,EUR,2024-09-11,,2000.00
9884,606,savings,GBP,2024-09-15,,0.00
9885,763,loan,GBP,2024-04-27,,0.00
9886,14,savings,EUR,2024-02-12,,0.00
9887,11,current,GBP,2024-08-22,,2000.00
9888,1,savings,GBP,2024-07-02,,0.00
9889,1,current,USD,2024-04-16,,500.00
9890,10,savings,GBP,2025-02-23,,0.00
9891,2,current,GBP,2024-04-22,,1000.00
9892,13,savings,GBP,2025-08-15,,0.00
9893,3,current,USD,2025-03-27,2025-07-02,1000.00
9894,34,savings,USD,2024-08-25,,0.00
9895,1,current,GBP,2024-10-15,,2000.00
9896,5,savings,USD,2024-08-24,,0.00
9897,20,loan,EUR,2025-04-27,,0.00
9898,55,savings,GBP,2025-08-30,,0.00
9899,52,credit_card,GBP,2025-06-02,,0.00
9900,995,current,EUR,2025-10-11,,2000.00
9901,5,savings,GBP,2024-01-02,,0.00
9902,5,savings,GBP,2025-03-18,,0.00
9903,63,savings,EUR,2024-10-24,,0.00
9904,204,current,GBP,2024-10-04,,500.00
9905,6,credit_card,USD,2024-05-08,,0.00
9906,243,current,GBP,2025-11-04,,1000.00
9907,3,savings,EUR,2024-09-21,,0.00
9908,5,savings,EUR,2025-07-04,,0.00
9909,3857,loan,GBP,2024-05-15,,0.00
9910,1,current,EUR,2025-06-23,,0.00
9911,106,current,GBP,2025-12-11,,250.00
9912,7,current,GBP,2025-01-22,,0.00
9913,549,current,GBP,2024-03-13,,1000.00
9914,35,savings,GBP,2025-11-09,,0.00
9915,1,current,EUR,2025-10-18,,500.00
9916,1,current,GBP,2024-07-04,,500.00
9917,1,current,USD,2024-06-25,,2000.00
9918,6,savings,USD,2025-03-05,,0.00
9919,11,current,GBP,2024-11-17,,250.00
9920,5728,savings,GBP,2024-01-09,,0.00
9921,8,current,USD,2025-09-05,,1000.00
9922,141,credit_card,USD,2025-07-27,,0.00
9923,219,credit_card,GBP,2024-04-27,,0.00
9924,393,savings,GBP,2024-12-14,,0.00
9925,1,current,GBP,2025-12-13,,0.00
9926,166,savings,USD,2025-12-08,,0.00
9927,77,current,USD,2024-05-24,,1000.00
9928,3,savings,GBP,2024-08-02,,0.00
9929,2031,current,GBP,2024-10-28,,0.00
9930,274,credit_card,USD,2024-08-09,,0.00
9931,12,savings,GBP,2024-08-08,,0.00
9932,177,loan,GBP,2024-02-09,,0.00
9933,11,savings,GBP,2025-03-01,,0.00
9934,2,savings,EUR,2024-11-16,,0.00
9935,5964,current,EUR,2025-07-09,,2000.00
9936,1,savings,GBP,2024-05-02,,0.00
9937,6846,savings,EUR,2025-09-10,,0.00
9938,2,savings,GBP,2025-12-28,,0.00
9939,2,current,USD,2025-08-08,,1000.00
9940,12,current,USD,2025-06-06,2026-05-06,500.00
9941,4,current,GBP,2024-01-01,,250.00
9942,36,current,USD,2024-09-23,,500.00
9943,3788,savings,GBP,2024-02-01,,0.00
9944,5,current,USD,2024-04-14,2024-09-14,0.00
9945,1568,current,GBP,2025-10-16,,1000.00
9946,2,savings,GBP,2024-03-11,,0.00
9947,27,credit_card,GBP,2024-01-25,,0.00
9948,2,credit_card,EUR,2024-01-26,,0.00
9949,117,current,GBP,2025-04-17,,1000.00
9950,1,savings,GBP,2025-08-17,,0.00
9951,11,current,EUR,2024-10-23,,1000.00
9952,8457,credit_card,USD,2025-03-15,,0.00
9953,1414,credit_card,GBP,2024-12-26,,0.00
9954,6,current,EUR,2024-07-16,,500.00
9955,7,current,GBP,2024-12-06,,2000.00
9956,57,current,GBP,2024-03-28,,500.00
9957,1942,savings,USD,2025-08-11,,0.00
9958,195,current,GBP,2024-08-23,,2000.00
9959,24,current,GBP,2025-01-14,,0.00
9960,71,savings,GBP,2025-08-22,,0.00
9961,1,current,GBP,2025-04-26,,500.00
9962,101,loan,USD,2025-05-10,2026-08-31,0.00
9963,50,current,USD,2025-12-20,,250.00
9964,2897,savings,USD,2025-08-09,,0.00
9965,1357,current,GBP,2024-12-15,,250.00
9966,276,current,USD,2025-09-16,2027-01-12,500.00
9967,2,credit_card,EUR,2024-01-01,,0.00
9968,96,loan,USD,2024-01-01,,0.00
9969,3747,current,EUR,2025-07-22,,1000.00
9970,3,savings,GBP,2024-05-21,,0.00
9971,6,savings,USD,2025-04-27,,0.00
9972,6,current,GBP,2024-05-12,,2000.00
9973,1422,current,USD,2024-04-07,,2000.00
9974,4,current,GBP,2025-05-08,,2000.00
9975,4,current,GBP,2025-10-05,,0.00
9976,5,loan,GBP,2024-08-09,,0.00
9977,2,savings,GBP,2024-06-29,,0.00
9978,8,savings,GBP,2025-01-29,,0.00
9979,60,current,USD,2024-08-02,,2000.00
9980,1,savings,GBP,2025-01-01,,0.00
9981,4202,savings,GBP,2024-12-10,,0.00
9982,1,savings,GBP,2024-07-24,,0.00
9983,25,current,EUR,2024-06-23,2025-10-12,0.00
9984,1258,loan,USD,2024-06-03,,0.00
9985,8,current,GBP,2025-06-21,,1000.00
9986,14,current,EUR,2025-12-06,,250.00
9987,4,current,USD,2024-03-25,,500.00
9988,4,current,USD,2025-05-06,,250.00
9989,764,current,GBP,2025-11-14,,2000.00
9990,3,savings,GBP,2024-03-17,,0.00
9991,1,credit_card,GBP,2025-12-17,,0.00
9992,682,credit_card,USD,2024-04-13,,0.00
9993,15,savings,GBP,2025-02-07,,0.00
9994,963,savings,GBP,2025-05-24,,0.00
9995,24,credit_card,EUR,2025-04-03,,0.00
9996,1,current,GBP,2025-01-24,,0.00
9997,21,current,GBP,2024-11-21,,1000.00
9998,37,savings,GBP,2024-12-24,,0.00
9999,33,current,GBP,2024-12-23,,2000.00
10000,3213,current,GBP,2025-08-20,,500.00
10001,57,savings,GBP,2024-05-02,,0.00
10002,8895,credit_card,EUR,2025-08-07,,0.00
10003,138,credit_card,GBP,2024-12-26,,0.00
10004,4,savings,GBP,2025-04-04,2025-07-31,0.00
10005,5144,current,GBP,2024-07-13,,250.00
10006,2,current,USD,2025-11-19,,500.00
10007,193,current,GBP,2024-02-23,,2000.00
10008,3612,current,GBP,2024-09-10,,500.00
10009,2,savings,USD,2024-08-14,,0.00
10010,5,current,GBP,2025-04-06,,0.00
10011,4,savings,GBP,2024-04-24,,0.00
10012,2016,current,EUR,2024-11-04,,500.00
10013,1561,current,USD,2025-05-11,,1000.00
10014,572,current,GBP,2024-04-28,,0.00
10015,11,savings,EUR,2025-09-02,,0.00
10016,71,current,GBP,2025-09-02,,2000.00
10017,1,savings,GBP,2024-07-19,,0.00
10018,4,current,GBP,2025-07-27,,250.00
10019,11,savings,USD,2025-03-20,,0.00
10020,3691,credit_card,USD,2025-03-05,,0.00
10021,3750,current,GBP,2025-06-11,,0.00
10022,863,savings,USD,2025-11-02,,0.00
10023,7,savings,GBP,2024-06-16,2025-04-10,0.00
10024,2,savings,EUR,2024-02-10,,0.00
10025,1,current,GBP,2025-05-12,,0.00
10026,1,loan,GBP,2024-06-19,,0.00
10027,16,savings,GBP,2024-02-16,,0.00
10028,1,current,GBP,2025-09-09,,500.00
10029,24,loan,USD,2024-04-22,,0.00
10030,2,savings,GBP,2025-04-08,,0.00
10031,7,credit_card,USD,2024-10-18,,0.00
10032,8,current,GBP,2025-05-24,,2000.00
10033,3,savings,USD,2025-03-12,2026-01-13,0.00
10034,693,current,USD,2025-06-13,,500.00
10035,5555,savings,GBP,2025-12-26,,0.00
10036,1,credit_card,GBP,2024-10-12,,0.00
10037,26,savings,GBP,2025-11-12,,0.00
10038,2,current,GBP,2024-03-25,,2000.00
10039,6,savings,GBP,2024-11-04,,0.00
10040,1576,savings,GBP,2025-03-21,,0.00
10041,39,current,GBP,2025-04-20,,2000.00
10042,2,current,GBP,2024-01-13,,250.00
10043,32,current,GBP,2024-05-28,,500.00
10044,2,current,USD,2024-08-10,,250.00
10045,33,current,GBP,2024-11-27,,500.00
10046,1356,current,USD,2024-02-04,,2000.00
10047,7696,credit_card,GBP,2024-12-31,,0.00
10048,2,current,GBP,2025-12-17,,0.00
10049,1808,credit_card,USD,2025-12-10,,0.00
10050,668,credit_card,USD,2024-10-03,,0.00
10051,2360,savings,GBP,2025-11-08,,0.00
10052,9,savings,GBP,2024-10-12,,0.00
10053,1907,savings,GBP,2024-03-05,,0.00
10054,15,current,GBP,2025-12-04,,500.00
10055,1,current,GBP,2024-09-01,2024-10-13,0.00
10056,21,loan,GBP,2025-08-22,,0.00
10057,1,current,EUR,2024-08-30,,1000.00
10058,651,credit_card,EUR,2025-02-22,,0.00
10059,10,current,GBP,2024-12-04,,500.00
10060,33,current,USD,2024-03-27,2025-02-08,0.00
10061,822,current,GBP,2024-10-28,2026-01-25,1000.00
10062,1178,current,USD,2024-02-15,,1000.00
10063,1,savings,USD,2025-10-25,,0.00
10064,155,savings,USD,2025-07-27,,0.00
10065,4323,savings,GBP,2025-05-12,,0.00
10066,1,current,GBP,2024-03-24,,250.00
10067,3,current,GBP,2024-10-21,,500.00
10068,4,savings,GBP,2024-12-29,,0.00
10069,3,current,GBP,2025-03-11,,250.00
10070,51,savings,USD,2025-12-29,2026-07-16,0.00
10071,10,current,GBP,2024-08-10,,0.00
10072,46,credit_card,GBP,2025-01-26,,0.00
10073,80,credit_card,USD,2025-03-15,,0.00
10074,2,current,GBP,2025-07-21,,1000.00
10075,151,savings,GBP,2025-12-23,,0.00
10076,110,current,USD,2025-02-09,,2000.00
10077,9,credit_card,GBP,2025-11-03,,0.00
10078,9,current,GBP,2025-11-30,,0.00
10079,1,current,EUR,2024-02-20,,500.00
10080,2,current,EUR,2025-01-30,,0.00
10081,24,savings,GBP,2025-11-18,,0.00
10082,1058,current,USD,2024-08-03,,0.00
10083,1247,loan,USD,2024-10-24,,0.00
10084,510,current,GBP,2025-06-01,,250.00
10085,2417,savings,GBP,2025-01-19,,0.00
10086,1,current,USD,2024-10-13,2026-01-16,1000.00
10087,575,savings,EUR,2025-05-06,,0.00
10088,4,savings,GBP,2025-11-02,,0.00
10089,27,credit_card,GBP,2025-06-21,2026-10-25,0.00
10090,1,loan,USD,2025-10-09,,0.00
10091,4,current,GBP,2024-11-08,,2000.00
10092,5122,current,GBP,2025-05-16,,500.00
10093,436,credit_card,USD,2024-11-19,,0.00
10094,3,current,GBP,2024-09-14,,250.00
10095,75,credit_card,GBP,2025-10-09,,0.00
10096,225,current,GBP,2024-09-17,,500.00
10097,1,savings,GBP,2025-02-19,,0.00
10098,3323,savings,USD,2024-01-29,,0.00
10099,107,current,GBP,2025-12-25,,0.00
10100,1615,current,GBP,2024-03-09,,500.00
10101,1792,current,GBP,2025-05-24,,500.00
10102,19,current,USD,2025-05-27,,250.00
10103,1,savings,GBP,2024-05-25,,0.00
10104,2159,current,USD,2025-08-06,,0.00
10105,3,current,GBP,2024-11-09,,2000.00
10106,123,current,EUR,2025-10-05,,500.00
10107,1,savings,GBP,2024-07-21,,0.00
10108,6579,current,GBP,2024-08-04,,1000.00
10109,74,current,GBP,2024-08-03,,500.00
10110,10,credit_card,GBP,2025-11-21,,0.00
10111,44,current,USD,2024-09-17,,1000.00
10112,9,current,EUR,2024-12-07,,250.00
10113,3,current,GBP,2024-03-22,,2000.00
10114,2,current,USD,2024-01-03,,2000.00
10115,3,loan,GBP,2024-01-25,,0.00
10116,1959,savings,GBP,2025-03-21,2026-01-27,0.00
10117,481,current,USD,2025-06-28,,500.00
10118,25,current,GBP,2024-02-23,,0.00
10119,17,current,GBP,2025-02-03,2025-10-08,1000.00
10120,53,current,GBP,2024-01-30,,250.00
10121,5531,current,GBP,2025-07-12,,2000.00
10122,1248,credit_card,GBP,2024-12-09,,0.00
10123,18,savings,GBP,2024-07-09,,0.00
10124,45,current,EUR,2025-02-18,,0.00
10125,2,savings,EUR,2024-04-03,,0.00
10126,98,savings,GBP,2024-08-09,,0.00
10127,3,current,EUR,2024-01-09,,250.00
10128,29,current,GBP,2025-04-14,,500.00
10129,1078,loan,USD,2024-01-09,,0.00
10130,8,current,GBP,2025-05-19,,250.00
10131,307,current,GBP,2024-08-21,,500.00
10132,3,current,EUR,2024-03-21,,2000.00
10133,1,savings,USD,2025-07-29,,0.00
10134,1,loan,USD,2024-06-04,,0.00
10135,2883,current,GBP,2025-12-21,,0.00
10136,1,savings,GBP,2025-06-20,,0.00
10137,241,current,GBP,2025-09-29,,0.00
10138,133,current,USD,2025-09-05,,250.00
10139,273,savings,GBP,2025-02-13,,0.00
10140,13,savings,USD,2024-02-10,,0.00
10141,2,savings,GBP,2024-10-06,,0.00
10142,6,current,GBP,2024-10-06,,250.00
10143,4519,current,GBP,2024-08-05,,0.00
10144,47,savings,GBP,2024-01-26,,0.00
10145,25,current,GBP,2025-05-24,,0.00
10146,618,savings,GBP,2025-07-07,,0.00
10147,88,savings,GBP,2025-07-15,,0.00
10148,241,savings,GBP,2025-10-06,,0.00
10149,1,current,USD,2024-02-28,,500.00
10150,43,current,GBP,2025-12-22,,500.00
10151,170,savings,GBP,2025-04-04,,0.00
10152,2,savings,USD,2024-05-04,,0.00
10153,16,credit_card,GBP,2024-02-03,,0.00
10154,3,loan,EUR,2024-12-14,,0.00
10155,2,loan,GBP,2025-07-16,,0.00
10156,6,current,GBP,2024-12-28,,500.00
10157,16,current,GBP,2025-02-17,,250.00
10158,8,savings,GBP,2024-11-23,,0.00
10159,1,current,EUR,2024-01-02,,500.00
10160,38,current,GBP,2025-03-04,,500.00
10161,5,credit_card,GBP,2025-12-30,,0.00
10162,1,savings,USD,2025-11-29,,0.00
10163,403,savings,EUR,2025-12-03,,0.00
10164,1322,current,GBP,2025-07-27,,1000.00
10165,1,current,USD,2024-06-06,,1000.00
10166,970,current,EUR,2024-10-11,,0.00
10167,99,current,GBP,2025-01-30,,250.00
10168,1474,credit_card,EUR,2025-03-18,,0.00
10169,3359,current,EUR,2025-10-16,,500.00
10170,2,savings,USD,2024-11-18,,0.00
10171,1,current,GBP,2025-10-18,,500.00
10172,1069,current,GBP,2025-05-06,,500.00
10173,1,current,GBP,2025-02-27,,2000.00
10174,11,current,GBP,2024-06-30,,500.00
10175,1097,current,GBP,2025-04-10,,1000.00
10176,55,current,GBP,2025-03-10,,2000.00
10177,221,credit_card,USD,2025-11-18,,0.00
10178,24,current,EUR,2024-02-02,,0.00
10179,7,credit_card,USD,2024-10-16,,0.00
10180,1290,current,GBP,2024-07-12,,0.00
10181,3,savings,GBP,2024-04-08,,0.00
10182,1863,current,GBP,2025-02-06,,1000.00
10183,174,credit_card,GBP,2024-03-19,,0.00
10184,7451,current,EUR,2025-10-16,,0.00
10185,2,current,USD,2025-02-16,,500.00
10186,131,savings,GBP,2025-11-27,,0.00
10187,20,current,USD,2024-02-22,,1000.00
10188,2831,current,GBP,2024-01-22,,500.00
10189,14,savings,EUR,2025-01-10,2025-09-26,0.00
10190,17,current,USD,2024-04-19,,0.00
10191,4,credit_card,GBP,2024-10-23,2025-05-10,0.00
10192,4,savings,EUR,2025-01-22,,0.00
10193,69,current,GBP,2024-06-30,,1000.00
10194,328,savings,USD,2025-06-22,,0.00
10195,8911,current,GBP,2024-03-13,,2000.00
10196,30,current,GBP,2025-12-09,,1000.00
10197,6299,loan,GBP,2025-11-03,,0.00
10198,1,current,EUR,2024-12-23,,500.00
10199,260,current,GBP,2024-09-11,,250.00
10200,19,current,GBP,2025-12-02,,0.00
10201,156,savings,GBP,2024-01-22,,0.00
10202,11,current,GBP,2024-07-17,2024-12-27,2000.00
10203,2,savings,EUR,2025-05-08,,0.00
10204,2062,savings,USD,2025-06-25,2026-02-01,0.00
10205,5,current,USD,2024-12-15,,2000.00
10206,2231,current,USD,2025-05-11,,500.00
10207,286,savings,USD,2024-09-22,,0.00
10208,7052,current,GBP,2024-01-08,,0.00
10209,26,current,EUR,2025-08-24,,250.00
10210,4585,current,USD,2024-03-28,,2000.00
10211,7,savings,EUR,2024-05-16,,0.00
10212,1318,current,GBP,2024-08-01,2025-07-06,500.00
10213,11,current,GBP,2025-12-31,,1000.00
10214,1385,current,USD,2025-09-14,,500.00
10215,19,current,GBP,2024-07-22,2025-04-23,500.00
10216,21,savings,GBP,2024-11-09,,0.00
10217,2234,current,EUR,2024-07-29,,1000.00
10218,792,savings,GBP,2024-04-16,,0.00
10219,30,current,GBP,2024-05-04,,500.00
10220,1236,savings,USD,2024-07-23,,0.00
10221,102,savings,GBP,2024-06-12,,0.00
10222,1,savings,GBP,2024-11-23,,0.00
10223,53,credit_card,GBP,2024-03-11,,0.00
10224,5,current,GBP,2025-09-07,,2000.00
10225,499,loan,EUR,2024-08-08,,0.00
10226,48,current,GBP,2025-01-20,,500.00
10227,1,current,GBP,2025-11-03,,1000.00
10228,125,current,GBP,2025-12-19,,0.00
10229,3487,savings,GBP,2025-05-29,,0.00
10230,1,savings,USD,2025-01-24,,0.00
10231,11,loan,USD,2025-05-09,,0.00
10232,212,savings,EUR,2025-02-08,,0.00
10233,322,current,GBP,2024-04-25,,250.00
10234,3298,savings,GBP,2024-04-04,,0.00
10235,5,credit_card,EUR,2025-06-26,,0.00
10236,1178,current,GBP,2025-01-17,2025-08-19,1000.00
10237,98,current,USD,2024-03-23,,1000.00
10238,1,savings,EUR,2024-09-14,,0.00
10239,355,current,GBP,2024-05-28,,1000.00
10240,13,savings,GBP,2024-12-22,2025-03-31,0.00
10241,312,savings,GBP,2025-07-05,,0.00
10242,23,current,GBP,2024-08-10,,2000.00
10243,497,current,GBP,2024-01-03,,500.00
10244,172,savings,EUR,2025-12-05,2026-07-22,0.00
10245,2,loan,GBP,2024-12-16,,0.00
10246,6,current,GBP,2025-06-02,,500.00
10247,3,savings,GBP,2024-06-04,,0.00
10248,14,savings,GBP,2025-07-05,2026-07-09,0.00
10249,3,savings,USD,2024-06-01,,0.00
10250,3,savings,GBP,2025-03-18,,0.00
10251,163,savings,USD,2024-03-19,,0.00
10252,67,current,USD,2024-12-22,,500.00
10253,68,savings,EUR,2025-11-25,2026-07-23,0.00
10254,14,loan,GBP,2024-01-26,,0.00
10255,1,credit_card,USD,2025-04-22,,0.00
10256,1111,savings,GBP,2025-10-03,,0.00
10257,1105,credit_card,EUR,2025-04-24,,0.00
10258,17,current,GBP,2025-03-19,,0.00
10259,5,credit_card,GBP,2024-06-02,,0.00
10260,5,current,GBP,2024-05-15,,250.00
10261,193,savings,GBP,2024-10-31,,0.00
10262,6,savings,GBP,2024-08-19,,0.00
10263,1,current,EUR,2025-11-10,,2000.00
10264,5,current,EUR,2024-04-13,,0.00
10265,540,credit_card,USD,2024-01-03,,0.00
10266,3,current,GBP,2025-04-01,,250.00
10267,74,current,GBP,2024-04-12,,2000.00
10268,35,current,GBP,2025-05-01,,0.00
10269,25,credit_card,GBP,2025-11-27,2026-09-21,0.00
10270,1,savings,GBP,2025-07-05,,0.00
10271,444,savings,GBP,2025-08-10,,0.00
10272,62,savings,GBP,2024-10-16,,0.00
10273,3,current,GBP,2025-04-02,,1000.00
10274,3,credit_card,EUR,2025-07-21,,0.00
10275,3,current,GBP,2024-08-25,,0.00
10276,942,current,GBP,2024-06-29,,250.00
10277,89,savings,USD,2025-02-25,,0.00
10278,127,savings,EUR,2024-08-28,,0.00
10279,22,current,USD,2025-04-23,,1000.00
10280,2,credit_card,USD,2024-06-16,,0.00
10281,20,current,USD,2024-05-07,,500.00
10282,3725,loan,GBP,2025-12-10,,0.00
10283,47,current,EUR,2025-06-12,,1000.00
10284,74,current,GBP,2025-03-12,,1000.00
10285,4011,savings,EUR,2024-06-07,,0.00
10286,179,loan,USD,2025-03-12,,0.00
10287,10,current,GBP,2024-08-12,,500.00
10288,3,current,USD,2025-03-09,,500.00
10289,9,savings,GBP,2024-02-03,,0.00
10290,490,current,USD,2024-11-11,2025-05-20,250.00
10291,3,savings,GBP,2025-08-19,,0.00
10292,325,savings,GBP,2025-11-25,,0.00
10293,3,current,GBP,2025-10-02,,250.00
10294,4,current,USD,2025-11-30,,0.00
10295,243,current,GBP,2024-10-05,,0.00
10296,385,current,GBP,2024-12-20,,500.00
10297,36,loan,USD,2024-08-15,,0.00
10298,44,current,EUR,2024-04-06,,0.00
10299,183,loan,GBP,2025-06-06,,0.00
10300,90,savings,GBP,2025-12-29,,0.00
10301,1646,current,GBP,2025-07-08,,250.00
10302,6091,savings,USD,2025-12-19,,0.00
10303,1203,credit_card,GBP,2024-05-01,,0.00
10304,20,current,GBP,2024-02-22,,500.00
10305,1,credit_card,USD,2024-05-27,,0.00
10306,35,credit_card,GBP,2025-04-25,,0.00
10307,5,credit_card,GBP,2024-06-14,,0.00
10308,183,loan,USD,2025-06-13,,0.00
10309,109,savings,GBP,2025-02-17,,0.00
10310,2,current,GBP,2025-07-19,,250.00
10311,2,savings,GBP,2024-11-11,,0.00
10312,228,current,GBP,2024-05-18,,250.00
10313,232,credit_card,GBP,2025-06-14,,0.00
10314,7,current,EUR,2024-01-09,,500.00
10315,1355,current,GBP,2025-02-21,,2000.00
10316,455,loan,GBP,2025-05-04,,0.00
10317,115,current,EUR,2024-08-25,2025-04-18,2000.00
10318,42,current,GBP,2025-01-04,,250.00
10319,2,loan,EUR,2025-09-02,2026-10-26,0.00
10320,710,savings,GBP,2024-06-19,,0.00
10321,42,savings,EUR,2025-02-11,,0.00
10322,1,current,USD,2025-09-07,,250.00
10323,7,current,GBP,2025-02-04,,2000.00
10324,2,current,GBP,2025-07-25,,0.00
10325,106,current,GBP,2025-06-16,2026-03-14,0.00
10326,2,current,EUR,2024-08-16,,1000.00
10327,5,savings,GBP,2025-09-05,,0.00
10328,1,savings,USD,2025-01-16,,0.00
10329,151,current,GBP,2024-02-13,,250.00
10330,5094,savings,USD,2024-03-17,,0.00
10331,1356,current,GBP,2024-12-29,,250.00
10332,435,loan,EUR,2024-05-02,,0.00
10333,253,current,GBP,2025-02-02,,250.00
10334,12,current,USD,2025-11-26,,2000.00
10335,7220,credit_card,GBP,2024-07-01,,0.00
10336,9,current,EUR,2024-07-22,,0.00
10337,45,savings,EUR,2025-04-08,,0.00
10338,149,savings,GBP,2025-02-28,,0.00
10339,99,current,GBP,2024-07-01,,0.00
10340,1,credit_card,GBP,2024-02-12,,0.00
10341,1,credit_card,USD,2024-07-18,,0.00
10342,5,current,GBP,2025-08-07,,2000.00
10343,5922,current,USD,2025-12-21,,500.00
10344,2,savings,GBP,2025-02-05,,0.00
10345,1,savings,GBP,2024-03-17,,0.00
10346,8346,credit_card,USD,2024-02-17,2024-06-24,0.00
10347,1,savings,GBP,2025-02-15,,0.00
10348,7,credit_card,USD,2024-01-01,,0.00
10349,2226,current,GBP,2025-03-11,,250.00
10350,1,current,GBP,2024-02-24,,250.00
10351,4884,credit_card,USD,2025-10-01,,0.00
10352,44,credit_card,GBP,2025-03-01,,0.00
10353,7,current,GBP,2025-12-07,,500.00
10354,356,savings,GBP,2024-06-17,,0.00
10355,2,savings,USD,2025-12-05,,0.00
10356,14,credit_card,GBP,2025-11-12,,0.00
10357,6,current,GBP,2025-03-30,,0.00
10358,317,current,GBP,2025-08-09,,0.00
10359,1,current,GBP,2024-12-18,,0.00
10360,7855,current,GBP,2024-02-14,,2000.00
10361,9,savings,GBP,2025-12-19,,0.00
10362,6,loan,USD,2024-12-15,,0.00
10363,8,current,GBP,2025-04-23,,1000.00
10364,1,savings,GBP,2025-10-16,,0.00
10365,25,credit_card,GBP,2025-04-01,,0.00
10366,2,savings,USD,2025-10-06,,0.00
10367,58,current,EUR,2025-08-16,,2000.00
10368,1,savings,GBP,2024-05-05,2025-04-06,0.00
10369,713,savings,GBP,2025-11-30,,0.00
10370,18,current,GBP,2025-01-02,,2000.00
10371,420,current,EUR,2024-06-06,,2000.00
10372,29,current,USD,2025-07-22,,2000.00
10373,97,credit_card,USD,2025-08-10,,0.00
10374,211,savings,USD,2025-07-24,,0.00
10375,4,savings,GBP,2024-05-16,,0.00
10376,3,current,GBP,2024-04-09,,2000.00
10377,456,current,GBP,2024-09-19,,0.00
10378,10,savings,GBP,2025-01-18,,0.00
10379,172,savings,EUR,2025-02-07,,0.00
10380,3,loan,GBP,2024-04-30,,0.00
10381,912,savings,GBP,2025-12-04,,0.00
10382,10,current,GBP,2025-02-22,,250.00
10383,394,current,USD,2024-01-11,,500.00
10384,15,savings,USD,2024-02-12,,0.00
10385,2,current,GBP,2025-09-05,,2000.00
10386,20,savings,USD,2025-11-25,,0.00
10387,67,credit_card,USD,2024-02-04,,0.00
10388,1852,current,GBP,2024-12-27,,0.00
10389,3,current,GBP,2024-01-26,,500.00
10390,102,current,GBP,2024-12-04,,1000.00
10391,2182,loan,GBP,2024-06-17,,0.00
10392,6663,loan,GBP,2025-02-27,,0.00
10393,3,credit_card,USD,2024-11-30,,0.00
10394,1,credit_card,EUR,2025-12-11,,0.00
10395,3019,current,EUR,2025-03-03,,1000.00
10396,24,current,GBP,2025-10-02,,250.00
10397,3413,savings,USD,2024-05-30,,0.00
10398,26,current,EUR,2024-04-30,,250.00
10399,328,savings,GBP,2024-10-17,,0.00
10400,74,loan,EUR,2024-02-08,,0.00
10401,2,savings,EUR,2025-08-17,,0.00
10402,103,loan,GBP,2024-07-04,,0.00
10403,2127,savings,GBP,2025-08-24,,0.00
10404,19,savings,EUR,2025-01-27,,0.00
10405,3,credit_card,USD,2025-12-22,,0.00
10406,19,current,GBP,2025-10-23,,0.00
10407,8,savings,EUR,2024-08-01,,0.00
10408,1,current,EUR,2025-05-28,,2000.00
10409,10,current,USD,2024-11-14,2025-11-05,250.00
10410,39,current,GBP,2024-05-14,,250.00
10411,64,current,USD,2025-02-16,,250.00
10412,25,current,GBP,2025-03-07,,0.00
10413,3,current,GBP,2024-08-18,,0.00
10414,4386,current,GBP,2025-02-14,,1000.00
10415,43,current,GBP,2024-12-28,,0.00
10416,167,current,GBP,2024-04-26,,500.00
10417,85,current,GBP,2024-01-09,2025-02-12,2000.00
10418,1812,current,GBP,2024-01-16,,0.00
10419,716,current,USD,2025-02-01,,2000.00
10420,36,savings,USD,2024-12-08,,0.00
10421,12,current,USD,2025-01-18,,500.00
10422,508,savings,USD,2025-04-28,,0.00
10423,520,current,USD,2024-06-03,,250.00
10424,90,current,GBP,2025-07-15,,2000.00
10425,4,savings,GBP,2024-06-20,,0.00
10426,83,current,USD,2024-04-19,2024-08-28,0.00
10427,1,savings,GBP,2024-07-02,,0.00
10428,49,current,EUR,2024-09-08,,250.00
10429,2,current,GBP,2025-11-22,,2000.00
10430,1,current,GBP,2024-06-08,,250.00
10431,194,savings,GBP,2024-12-09,,0.00
10432,2,savings,USD,2024-07-13,,0.00
10433,1,current,GBP,2024-08-21,,250.00
10434,39,current,GBP,2025-09-01,,1000.00
10435,2,current,GBP,2025-01-13,,500.00
10436,3,current,EUR,2024-12-13,,2000.00
10437,2,savings,USD,2024-11-28,,0.00
10438,6138,savings,USD,2025-08-27,,0.00
10439,1566,savings,GBP,2025-01-11,,0.00
10440,1,savings,USD,2025-01-22,2025-06-09,0.00
10441,1259,current,USD,2024-11-30,2025-02-16,0.00
10442,1,savings,GBP,2024-06-13,2025-09-28,0.00
10443,93,current,GBP,2024-11-20,,1000.00
10444,2,current,GBP,2024-04-24,,1000.00
10445,2,loan,GBP,2024-10-08,,0.00
10446,11,current,GBP,2025-03-25,,500.00
10447,6573,savings,EUR,2024-05-07,,0.00
10448,1,current,GBP,2025-12-02,,2000.00
10449,224,credit_card,GBP,2024-02-05,,0.00
10450,2273,savings,GBP,2024-01-05,,0.00
10451,2,current,GBP,2024-11-11,,1000.00
10452,45,current,EUR,2025-12-13,,0.00
10453,1,current,GBP,2025-05-14,,0.00
10454,82,savings,USD,2025-07-24,,0.00
10455,47,credit_card,GBP,2024-04-02,,0.00
10456,509,current,GBP,2025-07-19,,500.00
10457,6,current,USD,2024-11-29,,250.00
10458,726,credit_card,GBP,2024-04-06,,0.00
10459,1724,savings,GBP,2025-08-28,,0.00
10460,1,current,USD,2024-08-10,,250.00
10461,8,current,GBP,2025-12-20,,250.00
10462,96,current,EUR,2024-01-21,,0.00
10463,122,current,USD,2025-03-24,,1000.00
10464,24,current,GBP,2025-02-04,,0.00
10465,1,savings,GBP,2025-06-06,,0.00
10466,1,current,GBP,2025-02-04,,250.00
10467,243,current,EUR,2024-08-09,,250.00
10468,4322,current,EUR,2025-11-11,,500.00
10469,3,savings,USD,2025-01-06,2025-03-29,0.00
10470,192,current,EUR,2024-06-05,,0.00
10471,1,loan,USD,2025-02-24,,0.00
10472,3817,savings,USD,2025-08-31,,0.00
10473,2,credit_card,USD,2024-03-04,,0.00
10474,3,current,GBP,2025-11-30,,500.00
10475,40,current,GBP,2024-08-30,,250.00
10476,22,savings,GBP,2025-03-27,,0.00
10477,5871,savings,USD,2024-05-23,,0.00
10478,8,current,GBP,2025-07-15,,500.00
10479,442,current,GBP,2025-01-09,2025-10-10,250.00
10480,1748,savings,USD,2025-08-06,,0.00
10481,405,loan,GBP,2024-12-14,,0.00
10482,9,current,GBP,2024-02-10,,0.00
10483,162,loan,USD,2025-11-03,,0.00
10484,5,credit_card,GBP,2025-11-25,,0.00
10485,1,current,GBP,2025-02-17,2025-12-02,1000.00
10486,164,savings,GBP,2024-11-19,,0.00
10487,6,current,GBP,2025-02-16,,2000.00
10488,5,credit_card,EUR,2024-06-14,,0.00
10489,1,savings,GBP,2024-09-13,,0.00
10490,2167,loan,GBP,2025-02-14,,0.00
10491,5597,savings,EUR,2025-03-28,2025-12-11,0.00
10492,3,current,GBP,2024-12-22,,250.00
10493,949,credit_card,GBP,2024-11-29,,0.00
10494,17,current,USD,2025-10-27,,0.00
10495,1,credit_card,GBP,2025-06-06,,0.00
10496,1,credit_card,GBP,2024-05-06,,0.00
10497,7,savings,GBP,2024-05-10,,0.00
10498,721,current,USD,2025-02-09,,250.00
10499,7604,current,USD,2025-10-05,,250.00
10500,6,savings,GBP,2024-10-07,2025-01-06,0.00
10501,2,current,EUR,2025-05-15,2026-06-05,250.00
10502,12,credit_card,USD,2024-04-04,2025-08-15,0.00
10503,685,current,USD,2024-11-11,,1000.00
10504,1236,savings,USD,2024-11-03,,0.00
10505,20,savings,EUR,2025-08-01,,0.00
10506,3194,savings,USD,2025-07-31,,0.00
10507,2,savings,GBP,2024-02-10,,0.00
10508,12,savings,EUR,2025-07-05,,0.00
10509,3751,current,EUR,2025-05-31,,2000.00
10510,11,savings,EUR,2024-05-12,,0.00
10511,927,current,EUR,2025-03-19,,2000.00
10512,117,current,EUR,2024-11-27,,250.00
10513,3,current,GBP,2024-09-18,,0.00
10514,6708,loan,GBP,2024-11-10,,0.00
10515,1,credit_card,GBP,2025-09-09,,0.00
10516,16,current,EUR,2024-05-04,,500.00
10517,7,current,GBP,2024-12-26,,0.00
10518,8,credit_card,EUR,2025-12-16,,0.00
10519,587,savings,GBP,2024-02-09,,0.00
10520,1,current,USD,2024-06-10,,500.00
10521,9,savings,EUR,2024-05-10,,0.00
10522,444,current,GBP,2024-07-22,,2000.00
10523,14,loan,GBP,2024-07-12,,0.00
10524,1,current,USD,2024-06-11,,2000.00
10525,4079,current,USD,2024-09-01,,2000.00
10526,46,current,GBP,2024-07-17,,2000.00
10527,14,current,GBP,2024-06-20,,1000.00
10528,7,current,GBP,2024-04-24,,1000.00
10529,8,savings,USD,2025-03-16,,0.00
10530,14,current,GBP,2024-02-06,,250.00
10531,2,credit_card,USD,2024-08-06,,0.00
10532,80,current,USD,2024-05-21,,2000.00
10533,4,credit_card,GBP,2024-09-14,2025-09-01,0.00
10534,9,savings,GBP,2024-07-28,,0.00
10535,9,loan,GBP,2024-05-20,,0.00
10536,502,credit_card,GBP,2025-06-06,,0.00
10537,2,savings,GBP,2024-05-29,2024-09-01,0.00
10538,557,loan,GBP,2025-06-17,,0.00
10539,18,credit_card,GBP,2024-10-07,,0.00
10540,150,current,GBP,2025-09-14,,2000.00
10541,224,current,GBP,2025-05-25,,250.00
10542,690,savings,GBP,2025-06-23,,0.00
10543,70,current,USD,2025-07-14,,1000.00
10544,3,current,GBP,2024-01-11,,2000.00
10545,39,loan,GBP,2025-12-23,,0.00
10546,1,current,GBP,2025-07-17,,250.00
10547,10,credit_card,EUR,2025-04-18,,0.00
10548,13,savings,GBP,2024-02-08,,0.00
10549,1585,loan,EUR,2025-09-01,,0.00
10550,51,credit_card,GBP,2025-07-26,2025-10-29,0.00
10551,970,loan,GBP,2025-11-24,,0.00
10552,407,current,GBP,2025-08-05,,500.00
10553,1,current,GBP,2025-07-24,,2000.00
10554,2,credit_card,GBP,2025-11-06,,0.00
10555,4,credit_card,GBP,2025-10-30,,0.00
10556,1466,current,GBP,2025-07-27,,1000.00
10557,4,savings,EUR,2025-01-23,,0.00
10558,30,current,GBP,2025-04-11,,500.00
10559,7693,savings,GBP,2025-01-16,,0.00
10560,3,savings,GBP,2025-08-19,,0.00
10561,1119,current,EUR,2024-06-22,,2000.00
10562,22,current,EUR,2024-02-18,,500.00
10563,54,credit_card,GBP,2025-03-21,,0.00
10564,87,savings,GBP,2025-11-02,,0.00
10565,7923,current,GBP,2025-08-07,,1000.00
10566,119,current,USD,2024-12-18,2025-08-15,2000.00
10567,6,credit_card,EUR,2025-11-04,,0.00
10568,2,savings,GBP,2024-11-21,,0.00
10569,1,savings,EUR,2025-08-30,,0.00
10570,35,loan,GBP,2024-10-21,,0.00
10571,88,current,GBP,2024-10-26,,500.00
10572,56,credit_card,GBP,2025-01-26,,0.00
10573,3,credit_card,USD,2024-12-19,,0.00
10574,1,savings,GBP,2024-11-02,,0.00
10575,70,savings,GBP,2024-09-29,,0.00
10576,1,loan,GBP,2024-01-02,,0.00
10577,3,current,USD,2024-04-13,,0.00
10578,1,savings,EUR,2024-07-26,,0.00
10579,1773,current,USD,2025-04-27,,0.00
10580,1848,current,GBP,2024-03-06,,500.00
10581,52,savings,EUR,2025-12-31,,0.00
10582,2571,credit_card,GBP,2024-07-02,,0.00
10583,17,current,GBP,2025-11-04,,2000.00
10584,3,savings,GBP,2025-04-04,2025-07-02,0.00
10585,3,current,GBP,2024-02-27,,2000.00
10586,5506,savings,GBP,2025-09-16,,0.00
10587,10,current,GBP,2024-05-26,,2000.00
10588,12,savings,EUR,2024-11-15,,0.00
10589,13,savings,GBP,2024-02-19,2024-12-08,0.00
10590,1,loan,GBP,2024-03-05,,0.00
10591,18,savings,GBP,2025-05-21,2025-07-15,0.00
10592,3,savings,EUR,2025-07-19,,0.00
10593,29,savings,EUR,2024-12-23,,0.00
10594,67,savings,EUR,2024-11-26,,0.00
10595,6,current,USD,2024-10-10,,250.00
10596,653,current,GBP,2024-11-10,,2000.00
10597,11,savings,GBP,2025-09-25,,0.00
10598,20,savings,EUR,2025-10-24,,0.00
10599,806,savings,USD,2025-03-18,,0.00
10600,33,current,USD,2024-02-12,,250.00
10601,3204,savings,GBP,2024-06-07,,0.00
10602,5232,current,GBP,2025-11-07,,500.00
10603,2,savings,GBP,2025-06-25,,0.00
10604,159,credit_card,GBP,2024-08-11,,0.00
10605,256,current,USD,2025-06-02,,0.00
10606,181,credit_card,GBP,2024-11-12,,0.00
10607,8732,savings,GBP,2025-09-01,,0.00
10608,3584,current,USD,2025-04-19,,1000.00
10609,2,current,USD,2025-12-08,,2000.00
10610,1,savings,EUR,2025-12-10,,0.00
10611,8,current,GBP,2024-06-12,,0.00
10612,1130,current,EUR,2024-12-04,,1000.00
10613,1,current,GBP,2025-12-08,2026-01-19,500.00
10614,2,loan,GBP,2024-10-24,,0.00
10615,4,current,EUR,2025-05-22,,250.00
10616,3,current,GBP,2025-12-11,,500.00
10617,13,current,GBP,2025-04-12,,0.00
10618,37,current,GBP,2024-09-28,,500.00
10619,1,current,USD,2024-11-27,2025-09-23,0.00
10620,38,savings,GBP,2025-11-11,,0.00
10621,21,current,GBP,2025-12-12,,500.00
10622,56,savings,GBP,2024-04-16,,0.00
10623,3980,current,USD,2025-06-11,,1000.00
10624,1,credit_card,GBP,2024-02-11,,0.00
10625,8,loan,GBP,2024-05-01,,0.00
10626,4,savings,GBP,2025-12-01,,0.00
10627,1,savings,GBP,2025-05-30,,0.00
10628,3,current,EUR,2024-06-22,,1000.00
10629,250,current,GBP,2025-08-14,,1000.00
10630,3,current,USD,2024-12-07,,1000.00
10631,63,loan,EUR,2025-08-21,,0.00
10632,7527,current,EUR,2024-10-27,,500.00
10633,1287,current,GBP,2025-08-28,,250.00
10634,1249,loan,GBP,2025-04-23,,0.00
10635,4751,savings,GBP,2024-05-01,,0.00
10636,5,current,GBP,2025-01-17,,1000.00
10637,15,current,GBP,2024-03-09,,0.00
10638,4,current,GBP,2025-12-12,,2000.00
10639,1194,current,GBP,2025-02-20,,250.00
10640,1,loan,GBP,2024-08-10,2025-01-08,0.00
10641,4989,loan,EUR,2024-11-18,,0.00
10642,19,savings,GBP,2024-10-26,,0.00
10643,6843,savings,GBP,2024-10-17,,0.00
10644,3,current,USD,2025-09-23,,250.00
10645,4,savings,GBP,2024-10-17,,0.00
10646,7,savings,GBP,2024-04-28,,0.00
10647,3,loan,USD,2024-01-03,,0.00
10648,1416,savings,GBP,2024-04-18,,0.00
10649,1,savings,EUR,2024-10-25,,0.00
10650,1571,current,GBP,2025-09-27,,500.00
10651,2,savings,USD,2024-01-14,,0.00
10652,90,current,GBP,2024-06-02,,1000.00
10653,1,current,GBP,2024-10-17,,0.00
10654,83,current,GBP,2025-11-06,,0.00
10655,215,credit_card,GBP,2025-10-18,,0.00
10656,751,savings,USD,2025-12-10,,0.00
10657,508,savings,GBP,2024-12-20,,0.00
10658,95,savings,USD,2025-05-25,,0.00
10659,2339,savings,USD,2024-05-20,,0.00
10660,182,savings,EUR,2024-01-07,,0.00
10661,3800,current,USD,2025-10-21,,1000.00
10662,5,savings,GBP,2024-12-26,2026-02-10,0.00
10663,254,credit_card,EUR,2024-01-26,,0.00
10664,1,savings,USD,2024-06-11,2025-04-17,0.00
10665,2406,current,GBP,2024-06-13,,500.00
10666,2,current,EUR,2024-07-01,,1000.00
10667,13,credit_card,GBP,2025-12-26,,0.00
10668,2639,savings,GBP,2024-04-19,2025-02-23,0.00
10669,1,current,GBP,2024-04-11,,1000.00
10670,109,credit_card,GBP,2024-04-26,2025-01-21,0.00
10671,322,savings,USD,2025-11-03,,0.00
10672,75,savings,EUR,2025-01-01,,0.00
10673,2,savings,GBP,2025-12-01,,0.00
10674,5,loan,EUR,2025-04-24,2026-04-17,0.00
10675,54,current,GBP,2025-02-21,,2000.00
10676,4577,current,USD,2025-09-09,,1000.00
10677,6,current,GBP,2025-11-21,,500.00
10678,5,credit_card,GBP,2025-12-29,,0.00
10679,15,credit_card,GBP,2024-02-13,,0.00
10680,2140,savings,USD,2024-01-14,,0.00
10681,758,loan,GBP,2025-10-30,,0.00
10682,22,loan,GBP,2024-05-03,,0.00
10683,4,current,GBP,2025-01-25,,250.00
10684,4972,current,GBP,2025-04-04,,250.00
10685,12,savings,GBP,2025-06-21,,0.00
10686,378,loan,GBP,2024-05-28,,0.00
10687,1,loan,EUR,2024-10-26,,0.00
10688,1531,current,GBP,2025-12-01,,0.00
10689,2075,savings,USD,2025-04-21,,0.00
10690,497,current,GBP,2024-05-06,,500.00
10691,100,credit_card,GBP,2025-05-17,,0.00
10692,228,current,GBP,2025-03-18,,1000.00
10693,158,current,GBP,2025-04-18,,500.00
10694,40,savings,USD,2025-04-30,,0.00
10695,7117,savings,EUR,2024-08-26,,0.00
10696,8,current,USD,2025-12-17,,2000.00
10697,1,savings,GBP,2025-07-30,,0.00
10698,2545,current,GBP,2025-09-23,,500.00
10699,2,savings,USD,2025-05-18,,0.00
10700,54,current,GBP,2024-08-07,,2000.00
10701,1,current,GBP,2024-05-29,2025-02-03,500.00
10702,8,loan,GBP,2025-12-06,,0.00
10703,85,credit_card,GBP,2024-10-27,,0.00
10704,3,credit_card,USD,2025-08-12,,0.00
10705,1,savings,GBP,2025-03-29,,0.00
10706,709,current,GBP,2024-01-11,,250.00
10707,134,loan,EUR,2024-05-13,,0.00
10708,323,current,GBP,2024-10-14,,2000.00
10709,2777,current,GBP,2024-03-23,,500.00
10710,6,current,USD,2024-04-20,,250.00
10711,1,current,GBP,2024-03-05,,250.00
10712,3,current,USD,2024-10-18,,250.00
10713,2,current,USD,2025-12-25,,0.00
10714,45,current,GBP,2024-08-15,,2000.00
10715,6,savings,GBP,2025-07-03,,0.00
10716,5809,savings,GBP,2024-10-05,,0.00
10717,3,savings,GBP,2024-12-05,,0.00
10718,31,savings,USD,2025-04-16,,0.00
10719,1,savings,EUR,2024-09-01,,0.00
10720,1828,loan,EUR,2024-02-13,,0.00
10721,733,current,GBP,2025-05-17,,250.00
10722,34,savings,GBP,2024-10-12,,0.00
10723,34,savings,GBP,2025-01-10,,0.00
10724,2,credit_card,GBP,2024-11-20,,0.00
10725,6174,current,USD,2024-02-20,,0.00
10726,84,credit_card,EUR,2025-12-27,,0.00
10727,3949,current,USD,2025-12-18,,1000.00
10728,828,current,GBP,2025-08-27,,1000.00
10729,10,credit_card,GBP,2024-11-27,,0.00
10730,9,savings,GBP,2025-02-04,2026-03-01,0.00
10731,85,credit_card,GBP,2024-12-04,,0.00
10732,53,current,USD,2024-09-29,,1000.00
10733,35,loan,GBP,2025-03-29,,0.00
10734,2,current,USD,2025-01-22,,1000.00
10735,1,savings,GBP,2025-04-20,,0.00
10736,2,current,GBP,2025-05-12,2026-06-20,2000.00
10737,2,savings,EUR,2025-06-18,2025-09-27,0.00
10738,154,current,GBP,2024-03-31,,2000.00
10739,1,savings,GBP,2025-11-18,,0.00
10740,16,current,GBP,2024-07-08,,1000.00
10741,582,current,EUR,2025-04-04,,500.00
10742,9,savings,GBP,2025-05-06,,0.00
10743,4332,current,GBP,2025-11-07,,2000.00
10744,905,savings,GBP,2025-05-17,2025-08-13,0.00
10745,25,current,GBP,2024-12-03,,0.00
10746,1,credit_card,EUR,2024-05-01,,0.00
10747,69,current,USD,2025-11-04,,2000.00
10748,4,current,USD,2025-08-09,,2000.00
10749,6,savings,EUR,2025-06-11,,0.00
10750,5,savings,GBP,2024-01-14,2025-04-07,0.00
10751,1433,current,USD,2024-07-22,,250.00
10752,17,current,GBP,2025-08-11,,1000.00
10753,1,savings,EUR,2024-12-28,,0.00
10754,184,credit_card,EUR,2025-04-20,,0.00
10755,23,savings,GBP,2025-06-25,,0.00
10756,7523,current,GBP,2025-09-17,,250.00
10757,2,savings,GBP,2025-05-18,,0.00
10758,3,loan,GBP,2025-01-29,,0.00
10759,3,current,USD,2025-11-23,,2000.00
10760,3,current,GBP,2024-03-07,,1000.00
10761,1,loan,GBP,2025-02-07,2025-11-03,0.00
10762,6214,current,USD,2025-11-08,,1000.00
10763,4,loan,GBP,2024-03-02,,0.00
10764,2969,savings,USD,2024-07-17,,0.00
10765,13,savings,EUR,2025-11-14,,0.00
10766,146,current,GBP,2025-04-22,,1000.00
10767,7,current,USD,2024-01-03,,500.00
10768,6161,current,GBP,2024-05-02,2025-07-18,1000.00
10769,1,current,EUR,2024-07-24,,500.00
10770,5,current,GBP,2024-10-27,,2000.00
10771,1,loan,USD,2025-11-03,,0.00
10772,102,current,GBP,2025-01-15,,250.00
10773,1,current,GBP,2025-01-05,,0.00
10774,4,savings,USD,2025-07-12,,0.00
10775,109,savings,USD,2025-08-29,,0.00
10776,6,current,GBP,2025-12-23,,0.00
10777,1,current,GBP,2025-02-15,,250.00
10778,6,current,GBP,2024-07-31,,500.00
10779,2,savings,GBP,2025-02-02,,0.00
10780,378,current,GBP,2024-04-17,,250.00
10781,2096,current,GBP,2024-07-19,,0.00
10782,63,current,EUR,2024-02-22,,0.00
10783,290,savings,GBP,2024-12-12,,0.00
10784,332,current,GBP,2025-04-13,,250.00
10785,90,savings,GBP,2024-02-09,2025-04-12,0.00
10786,35,savings,USD,2024-01-06,,0.00
10787,105,current,GBP,2024-02-14,,1000.00
10788,27,savings,GBP,2025-04-27,,0.00
10789,10,loan,GBP,2024-07-21,,0.00
10790,5,current,EUR,2024-10-05,,2000.00
10791,13,savings,GBP,2025-11-17,,0.00
10792,2,current,USD,2024-03-13,,1000.00
10793,1,current,GBP,2025-05-02,2026-05-06,250.00
10794,19,current,GBP,2025-03-14,,1000.00
10795,24,savings,USD,2025-12-27,,0.00
10796,1,current,GBP,2024-05-22,,250.00
10797,6,current,GBP,2024-09-18,,500.00
10798,1,credit_card,GBP,2024-02-27,,0.00
10799,1,savings,GBP,2024-11-06,,0.00
10800,6009,current,GBP,2025-04-15,,250.00
10801,124,current,USD,2024-06-16,,0.00
10802,9,current,GBP,2024-08-20,,0.00
10803,7,current,GBP,2024-11-19,,1000.00
10804,54,current,EUR,2024-07-15,,500.00
10805,639,current,EUR,2025-12-14,,1000.00
10806,998,loan,GBP,2024-09-21,,0.00
10807,132,savings,USD,2024-09-15,,0.00
10808,1497,savings,GBP,2024-02-12,,0.00
10809,10,savings,USD,2024-05-03,,0.00
10810,722,current,EUR,2025-04-11,,1000.00
10811,110,current,USD,2025-09-03,,0.00
10812,51,current,GBP,2024-12-30,,250.00
10813,657,savings,GBP,2024-11-02,,0.00
10814,678,current,GBP,2025-02-10,,250.00
10815,2221,savings,USD,2024-06-11,,0.00
10816,566,savings,GBP,2024-10-04,,0.00
10817,736,credit_card,USD,2024-11-10,,0.00
10818,4881,savings,GBP,2025-02-13,,0.00
10819,7,savings,USD,2024-05-18,,0.00
10820,4844,current,GBP,2024-09-18,,2000.00
10821,538,current,USD,2025-05-27,,1000.00
10822,122,savings,GBP,2025-09-14,,0.00
10823,33,savings,USD,2024-12-16,,0.00
10824,2050,current,GBP,2025-10-03,,0.00
10825,26,current,EUR,2025-09-25,,1000.00
10826,1,savings,GBP,2024-12-08,,0.00
10827,43,savings,GBP,2024-03-29,2025-02-27,0.00
10828,12,current,USD,2024-05-27,,250.00
10829,524,savings,USD,2024-11-18,2025-02-10,0.00
10830,996,current,GBP,2024-02-08,,500.00
10831,5662,current,GBP,2025-06-13,,1000.00
10832,1,credit_card,GBP,2024-12-05,,0.00
10833,1,current,GBP,2024-12-08,,250.00
10834,230,current,GBP,2024-10-10,,500.00
10835,2,credit_card,GBP,2024-08-19,,0.00
10836,10,current,USD,2025-06-20,,250.00
10837,4,current,USD,2025-12-06,,500.00
10838,18,savings,GBP,2024-10-06,,0.00
10839,369,current,GBP,2024-12-24,,500.00
10840,2718,loan,GBP,2025-11-04,,0.00
10841,5,savings,USD,2025-06-22,,0.00
10842,3,current,GBP,2025-11-15,,2000.00
10843,532,current,GBP,2025-12-04,2027-01-27,250.00
10844,1,current,EUR,2025-11-03,,500.00
10845,565,current,USD,2025-12-07,,1000.00
10846,9,current,USD,2025-12-22,,1000.00
10847,14,current,GBP,2025-03-21,,500.00
10848,706,current,GBP,2025-01-04,,1000.00
10849,658,credit_card,GBP,2024-05-16,2025-05-02,0.00
10850,1,credit_card,GBP,2025-08-22,,0.00
10851,8,current,USD,2024-08-13,,250.00
10852,9,savings,GBP,2024-06-25,,0.00
10853,1738,current,USD,2024-07-13,,250.00
10854,3,savings,GBP,2024-12-13,,0.00
10855,2,savings,USD,2024-06-07,,0.00
10856,13,current,USD,2024-11-18,,2000.00
10857,1,credit_card,GBP,2025-01-23,,0.00
10858,28,savings,GBP,2025-12-18,,0.00
10859,3,current,GBP,2025-02-20,,500.00
10860,305,current,USD,2024-01-10,,250.00
10861,1,savings,EUR,2024-11-03,,0.00
10862,706,current,USD,2024-03-15,,0.00
10863,2,current,USD,2025-12-07,,500.00
10864,1,current,GBP,2025-06-06,,1000.00
10865,1919,current,USD,2025-05-24,,250.00
10866,2,savings,GBP,2024-08-21,,0.00
10867,6,current,GBP,2024-08-03,,1000.00
10868,2,current,GBP,2024-03-13,,0.00
10869,10,current,GBP,2025-08-06,,0.00
10870,678,savings,EUR,2025-10-25,,0.00
10871,8,current,USD,2024-09-19,,0.00
10872,69,savings,GBP,2024-10-22,,0.00
10873,8,savings,GBP,2025-11-29,,0.00
10874,127,current,EUR,2024-11-18,,250.00
10875,2728,current,USD,2024-08-20,,250.00
10876,8046,current,GBP,2024-01-04,,250.00
10877,14,savings,USD,2025-10-24,,0.00
10878,769,loan,EUR,2025-05-15,2026-01-25,0.00
10879,1912,savings,GBP,2024-01-01,,0.00
10880,2,current,GBP,2024-06-14,,0.00
10881,1415,current,USD,2024-09-16,,500.00
10882,62,savings,GBP,2024-10-08,,0.00
10883,2,current,USD,2024-07-26,,0.00
10884,4,current,GBP,2024-05-25,,0.00
10885,35,current,GBP,2025-04-11,,500.00
10886,7,credit_card,EUR,2024-02-13,,0.00
10887,143,savings,GBP,2025-11-02,,0.00
10888,3,credit_card,GBP,2024-01-24,,0.00
10889,24,savings,GBP,2024-06-23,,0.00
10890,8,credit_card,GBP,2024-08-17,,0.00
10891,1,credit_card,GBP,2025-08-05,,0.00
10892,737,current,GBP,2024-08-12,,500.00
10893,2,current,GBP,2025-03-19,,0.00
10894,105,savings,GBP,2024-08-04,,0.00
10895,1,savings,GBP,2025-10-14,,0.00
10896,10,savings,USD,2025-05-01,,0.00
10897,7,current,USD,2024-02-23,,2000.00
10898,123,current,GBP,2024-12-07,,1000.00
10899,3,current,USD,2024-10-12,,2000.00
10900,5,current,USD,2025-01-16,,250.00
10901,735,current,GBP,2024-12-19,,0.00
10902,3,savings,USD,2024-08-03,,0.00
10903,2,savings,EUR,2024-07-03,,0.00
10904,44,savings,GBP,2024-07-11,,0.00
10905,4,current,GBP,2025-05-30,,500.00
10906,43,current,GBP,2025-11-09,,2000.00
10907,101,credit_card,EUR,2024-10-03,2025-08-03,0.00
10908,380,loan,GBP,2025-03-08,,0.00
10909,37,savings,GBP,2025-11-21,2027-01-01,0.00
10910,18,savings,GBP,2025-05-11,,0.00
10911,106,savings,GBP,2024-07-27,,0.00
10912,9,current,EUR,2025-10-04,,250.00
10913,114,savings,USD,2024-11-17,,0.00
10914,2,savings,EUR,2024-04-01,,0.00
10915,116,current,USD,2025-01-30,,0.00
10916,8,credit_card,EUR,2025-03-27,,0.00
10917,36,savings,GBP,2024-03-31,,0.00
10918,11,savings,GBP,2025-11-05,,0.00
10919,33,current,GBP,2024-05-18,,500.00
10920,1,current,GBP,2025-02-17,,1000.00
10921,24,credit_card,EUR,2025-10-06,,0.00
10922,4528,savings,USD,2025-10-25,,0.00
10923,1,current,USD,2024-08-28,,500.00
10924,108,current,GBP,2025-09-19,,500.00
10925,1465,credit_card,GBP,2025-11-17,,0.00
10926,1197,current,GBP,2025-09-14,,1000.00
10927,145,current,GBP,2024-08-31,,250.00
10928,26,savings,GBP,2024-04-07,,0.00
10929,2,savings,EUR,2025-11-10,,0.00
10930,1,credit_card,USD,2025-06-08,,0.00
10931,378,savings,GBP,2024-09-25,,0.00
10932,127,current,GBP,2025-02-10,,250.00
10933,500,savings,EUR,2025-02-13,2025-03-31,0.00
10934,974,current,USD,2024-11-18,,2000.00
10935,6,credit_card,GBP,2024-04-18,,0.00
10936,2,current,EUR,2024-03-20,,2000.00
10937,82,current,USD,2024-10-16,,0.00
10938,6960,current,EUR,2024-04-02,2025-06-09,1000.00
10939,1,current,GBP,2025-01-04,2025-03-29,1000.00
10940,2,current,GBP,2025-08-16,,500.00
10941,108,current,GBP,2024-03-22,,500.00
10942,2,loan,EUR,2025-01-22,,0.00
10943,1,savings,GBP,2025-10-09,,0.00
10944,2,current,USD,2024-02-09,,1000.00
10945,53,savings,GBP,2025-04-30,,0.00
10946,1090,current,USD,2024-10-20,2025-08-08,0.00
10947,53,credit_card,GBP,2024-10-10,,0.00
10948,119,current,EUR,2024-01-01,,1000.00
10949,73,current,USD,2025-02-07,,1000.00
10950,1,savings,GBP,2025-11-18,,0.00
10951,3,savings,GBP,2025-12-23,2026-10-21,0.00
10952,1,credit_card,GBP,2024-03-13,,0.00
10953,17,savings,GBP,2024-08-07,2025-07-04,0.00
10954,74,savings,GBP,2025-01-08,,0.00
10955,1,current,GBP,2024-11-18,,2000.00
10956,4,savings,GBP,2025-01-07,,0.00
10957,14,current,EUR,2024-05-13,,500.00
10958,7,savings,USD,2024-04-27,,0.00
10959,36,savings,GBP,2024-08-05,,0.00
10960,10,savings,GBP,2025-06-11,,0.00
10961,7618,current,GBP,2024-12-20,,2000.00
10962,64,current,GBP,2024-05-03,,250.00
10963,432,savings,GBP,2025-04-03,2026-05-14,0.00
10964,164,savings,EUR,2025-09-29,,0.00
10965,37,current,GBP,2025-10-08,,500.00
10966,241,savings,USD,2024-01-04,,0.00
10967,19,savings,USD,2024-09-19,,0.00
10968,1,current,EUR,2024-07-17,,2000.00
10969,6,current,GBP,2025-10-10,,250.00
10970,4827,loan,USD,2025-06-27,,0.00
10971,2174,current,EUR,2024-12-20,,0.00
10972,24,savings,GBP,2024-06-12,,0.00
10973,18,savings,GBP,2025-12-16,,0.00
10974,1136,current,USD,2024-02-10,,500.00
10975,420,current,GBP,2024-12-19,,0.00
10976,1,savings,GBP,2025-02-15,,0.00
10977,1,savings,GBP,2025-03-19,,0.00
10978,89,current,EUR,2024-09-23,2025-08-01,500.00
10979,2,current,USD,2025-09-20,,1000.00
10980,13,current,USD,2025-04-22,2025-09-10,2000.00
10981,2,current,GBP,2025-06-07,,0.00
10982,3497,current,GBP,2024-09-21,,0.00
10983,1,current,GBP,2025-04-20,,250.00
10984,8,current,USD,2024-10-19,2025-03-05,250.00
10985,35,savings,USD,2025-08-03,,0.00
10986,1232,loan,GBP,2024-03-08,,0.00
10987,3,current,GBP,2025-10-06,,0.00
10988,7,loan,GBP,2024-01-13,,0.00
10989,1,current,GBP,2024-02-13,,2000.00
10990,32,savings,GBP,2025-11-28,2026-11-28,0.00
10991,67,credit_card,GBP,2025-05-25,,0.00
10992,12,savings,GBP,2024-12-03,,0.00
10993,239,savings,GBP,2025-07-10,,0.00
10994,17,current,GBP,2024-03-25,,1000.00
10995,48,savings,GBP,2025-02-21,,0.00
10996,1,savings,GBP,2024-03-06,,0.00
10997,221,current,USD,2024-06-28,,0.00
10998,667,current,GBP,2024-01-06,,0.00
10999,264,savings,USD,2024-06-09,,0.00
11000,2433,savings,USD,2025-03-21,,0.00
11001,567,current,EUR,2024-04-13,2024-06-30,2000.00
11002,840,current,GBP,2025-11-01,,1000.00
11003,1,credit_card,GBP,2024-05-13,,0.00
11004,324,current,GBP,2025-02-09,2025-07-15,1000.00
11005,11,current,GBP,2024-02-21,,500.00
11006,1,savings,EUR,2025-01-31,,0.00
11007,4,credit_card,GBP,2024-12-10,,0.00
11008,329,loan,GBP,2025-09-10,2027-01-13,0.00
11009,405,loan,EUR,2025-12-11,,0.00
11010,6,current,GBP,2024-07-01,,2000.00
11011,3,current,USD,2025-01-15,,2000.00
11012,3150,current,USD,2025-11-09,,1000.00
11013,37,current,USD,2024-12-01,,250.00
11014,15,current,GBP,2025-08-03,,2000.00
11015,1553,savings,USD,2025-12-01,,0.00
11016,354,current,EUR,2024-03-28,,500.00
11017,44,current,GBP,2025-07-05,,500.00
11018,36,current,USD,2024-11-17,,1000.00
11019,9,current,GBP,2024-01-08,,1000.00
11020,5,loan,USD,2024-03-17,,0.00
11021,10,savings,GBP,2025-03-18,,0.00
11022,117,current,GBP,2024-12-17,,500.00
11023,575,current,GBP,2025-08-21,,500.00
11024,881,credit_card,GBP,2025-06-12,,0.00
11025,478,savings,EUR,2024-04-24,,0.00
11026,229,current,GBP,2024-11-05,,1000.00
11027,238,savings,GBP,2025-11-14,,0.00
11028,1902,loan,GBP,2025-10-05,,0.00
11029,9,credit_card,USD,2024-10-18,,0.00
11030,486,credit_card,GBP,2024-07-30,,0.00
11031,108,current,GBP,2025-04-30,,1000.00
11032,8255,current,USD,2024-07-10,,500.00
11033,183,current,USD,2025-01-16,,500.00
11034,2,current,EUR,2024-08-18,,0.00
11035,150,current,GBP,2024-04-30,,2000.00
11036,865,savings,USD,2024-03-29,2024-10-19,0.00
11037,1,savings,USD,2024-08-22,2025-05-15,0.00
11038,1,current,GBP,2025-05-10,2026-04-03,500.00
11039,1784,current,EUR,2025-11-01,,500.00
11040,3,savings,USD,2025-11-28,,0.00
11041,2180,savings,GBP,2024-03-18,,0.00
11042,16,credit_card,USD,2025-10-09,,0.00
11043,4737,credit_card,GBP,2024-07-16,,0.00
11044,4,savings,GBP,2024-12-01,,0.00
11045,354,loan,GBP,2024-05-02,,0.00
11046,880,current,GBP,2025-03-10,,500.00
11047,7825,current,EUR,2025-12-04,,1000.00
11048,4,current,GBP,2025-03-25,,250.00
11049,3692,savings,GBP,2025-01-07,2025-10-20,0.00
11050,7,current,EUR,2025-11-01,,2000.00
11051,22,loan,GBP,2024-09-11,,0.00
11052,2420,credit_card,USD,2024-11-25,,0.00
11053,1,current,GBP,2024-09-08,,250.00
11054,154,current,GBP,2024-09-19,,1000.00
11055,3754,credit_card,USD,2024-05-20,,0.00
11056,1,credit_card,GBP,2025-01-02,,0.00
11057,4,credit_card,GBP,2025-12-21,,0.00
11058,96,current,GBP,2025-08-19,,2000.00
11059,24,current,GBP,2024-05-13,,1000.00
11060,959,current,GBP,2024-07-18,,1000.00
11061,431,current,GBP,2025-02-23,,2000.00
11062,34,current,GBP,2024-07-22,,2000.00
11063,1,current,GBP,2025-11-11,,250.00
11064,9,current,GBP,2024-08-23,,1000.00
11065,77,credit_card,GBP,2024-01-27,,0.00
11066,11,savings,GBP,2025-04-26,,0.00
11067,26,current,GBP,2025-04-10,,0.00
11068,113,current,USD,2024-12-14,,250.00
11069,82,savings,USD,2024-03-08,,0.00
11070,2872,credit_card,GBP,2025-01-11,,0.00
11071,70,savings,GBP,2024-10-09,2025-07-16,0.00
11072,146,savings,GBP,2024-04-22,,0.00
11073,3,current,EUR,2025-08-12,,0.00
11074,7,current,USD,2024-10-17,,1000.00
11075,6505,credit_card,EUR,2024-04-27,,0.00
11076,217,loan,GBP,2025-12-17,,0.00
11077,13,current,EUR,2024-12-04,,1000.00
11078,988,savings,GBP,2025-04-19,,0.00
11079,7,credit_card,GBP,2025-04-12,,0.00
11080,256,current,GBP,2025-07-13,,0.00
11081,12,current,EUR,2024-04-25,,0.00
11082,4,current,GBP,2025-02-06,,2000.00
11083,5,current,USD,2024-02-11,,500.00
11084,1,savings,GBP,2025-04-25,,0.00
11085,3282,savings,EUR,2025-02-27,,0.00
11086,807,loan,GBP,2025-08-25,,0.00
11087,62,credit_card,GBP,2025-09-29,,0.00
11088,4769,current,GBP,2024-05-15,,500.00
11089,1527,loan,GBP,2024-05-15,,0.00
11090,33,current,GBP,2025-08-21,,0.00
11091,106,current,GBP,2025-07-07,,0.00
11092,29,current,GBP,2024-08-09,2025-05-01,250.00
11093,1,savings,GBP,2024-10-01,,0.00
11094,7,current,EUR,2024-04-05,,500.00
11095,8,savings,EUR,2025-04-29,,0.00
11096,6,savings,GBP,2025-05-03,,0.00
11097,41,credit_card,USD,2024-07-14,,0.00
11098,665,savings,GBP,2025-05-20,,0.00
11099,9,current,GBP,2024-08-08,2025-12-18,0.00
11100,216,savings,GBP,2024-05-30,,0.00
11101,191,loan,GBP,2024-06-12,2025-03-03,0.00
11102,2660,current,GBP,2025-10-20,,2000.00
11103,1,savings,GBP,2025-07-24,,0.00
11104,34,savings,GBP,2024-02-02,,0.00
11105,60,credit_card,EUR,2024-09-11,,0.00
11106,4350,savings,USD,2024-05-19,2025-04-02,0.00
11107,218,current,GBP,2024-11-22,,500.00
11108,104,savings,GBP,2025-10-22,,0.00
11109,5,current,GBP,2025-04-20,,250.00
11110,20,current,GBP,2024-08-13,,250.00
11111,220,credit_card,GBP,2025-05-05,,0.00
11112,685,savings,USD,2024-10-19,,0.00
11113,17,savings,GBP,2024-08-08,2024-12-27,0.00
11114,87,current,EUR,2024-12-20,,500.00
11115,1443,savings,GBP,2024-04-12,,0.00
11116,4,credit_card,GBP,2025-05-17,,0.00
11117,1929,loan,EUR,2025-09-18,,0.00
11118,1,savings,GBP,2024-10-18,2025-03-26,0.00
11119,5,savings,EUR,2024-04-14,,0.00
11120,1,credit_card,GBP,2024-11-18,,0.00
11121,2,current,GBP,2025-10-10,,500.00
11122,1,current,USD,2025-08-02,,250.00
11123,2,credit_card,GBP,2024-11-08,,0.00
11124,259,credit_card,GBP,2024-12-24,,0.00
11125,20,current,GBP,2025-10-17,,2000.00
11126,276,current,EUR,2024-09-05,,1000.00
11127,127,current,GBP,2025-03-18,2026-04-11,500.00
11128,351,current,GBP,2024-09-03,,1000.00
11129,2,current,GBP,2025-12-13,,500.00
11130,1,credit_card,GBP,2025-09-17,,0.00
11131,36,current,GBP,2025-08-16,,1000.00
11132,73,current,GBP,2025-02-24,,1000.00
11133,2395,current,EUR,2024-05-22,,1000.00
11134,8,savings,EUR,2024-07-12,,0.00
11135,25,credit_card,GBP,2025-05-22,,0.00
11136,19,current,USD,2025-04-24,,0.00
11137,17,savings,EUR,2024-09-25,,0.00
11138,423,credit_card,GBP,2025-09-09,,0.00
11139,152,current,GBP,2024-09-19,,0.00
11140,1208,current,GBP,2024-02-29,,2000.00
11141,241,current,GBP,2025-08-29,,1000.00
11142,289,current,GBP,2024-05-30,,1000.00
11143,79,current,GBP,2024-09-24,,0.00
11144,1,current,USD,2024-05-07,,250.00
11145,287,current,GBP,2025-04-25,,0.00
11146,3,savings,GBP,2025-12-13,,0.00
11147,1,savings,GBP,2025-04-26,,0.00
11148,5,credit_card,USD,2025-01-17,,0.00
11149,53,current,GBP,2024-10-06,,1000.00
11150,4,credit_card,USD,2024-08-03,,0.00
11151,1,current,USD,2025-04-26,,250.00
11152,420,current,GBP,2024-01-12,,1000.00
11153,4,savings,GBP,2025-03-21,,0.00
11154,5,current,GBP,2025-07-13,,500.00
11155,171,current,GBP,2024-03-19,,1000.00
11156,7641,current,USD,2025-12-15,,500.00
11157,1,savings,GBP,2024-11-09,,0.00
11158,5,current,GBP,2024-01-27,,500.00
11159,6,current,GBP,2025-05-29,,0.00
11160,91,current,GBP,2024-06-22,,2000.00
11161,3,current,EUR,2024-09-03,,250.00
11162,146,current,GBP,2024-01-16,,2000.00
11163,4,credit_card,GBP,2024-08-23,,0.00
11164,567,savings,GBP,2025-03-23,,0.00
11165,45,credit_card,USD,2025-12-17,2027-04-08,0.00
11166,7539,current,USD,2025-01-31,,250.00
11167,1,current,GBP,2024-12-30,,250.00
11168,315,savings,GBP,2025-01-08,,0.00
11169,1,current,EUR,2025-02-01,,500.00
11170,8,current,GBP,2024-05-03,,1000.00
11171,453,current,USD,2024-02-18,,500.00
11172,7661,current,GBP,2024-12-31,,2000.00
11173,2,savings,GBP,2024-02-09,,0.00
11174,14,savings,GBP,2025-05-04,,0.00
11175,907,current,USD,2025-12-23,,250.00
11176,7161,current,USD,2024-01-25,,500.00
11177,1,current,GBP,2025-11-29,,500.00
11178,275,current,USD,2025-05-28,,500.00
11179,2048,savings,GBP,2024-08-23,,0.00
11180,2913,credit_card,GBP,2025-02-17,,0.00
11181,46,loan,GBP,2025-10-06,,0.00
11182,10,savings,GBP,2024-11-22,,0.00
11183,12,current,GBP,2025-06-03,,500.00
11184,149,credit_card,USD,2024-01-28,,0.00
11185,7658,loan,GBP,2025-05-21,,0.00
11186,534,loan,GBP,2025-11-09,,0.00
11187,17,savings,USD,2025-06-29,,0.00
11188,94,current,GBP,2024-05-22,,250.00
11189,1,current,GBP,2024-04-29,2025-04-30,0.00
11190,43,loan,GBP,2025-12-27,,0.00
11191,7166,current,GBP,2024-07-17,,500.00
11192,59,savings,GBP,2025-08-14,,0.00
11193,1,current,EUR,2024-05-01,2025-02-12,1000.00
11194,137,savings,GBP,2024-06-10,,0.00
11195,813,savings,GBP,2024-04-18,2024-10-21,0.00
11196,624,credit_card,EUR,2024-12-29,,0.00
11197,7575,credit_card,GBP,2024-05-20,,0.00
11198,7,savings,EUR,2024-11-27,,0.00
11199,1,current,GBP,2024-12-07,,500.00
11200,1,loan,GBP,2024-11-03,,0.00
11201,697,savings,USD,2024-11-20,,0.00
11202,160,current,GBP,2024-06-09,2025-09-12,2000.00
11203,2302,current,USD,2025-01-25,,1000.00
11204,1,savings,USD,2024-06-13,,0.00
11205,451,credit_card,GBP,2025-08-11,,0.00
11206,4,current,EUR,2024-04-13,,250.00
11207,3,credit_card,GBP,2025-09-25,,0.00
11208,6505,current,GBP,2024-05-07,,500.00
11209,1,savings,GBP,2024-12-31,,0.00
11210,4,credit_card,GBP,2024-01-28,,0.00
11211,2,current,GBP,2025-05-30,,500.00
11212,50,current,EUR,2025-10-15,,1000.00
11213,562,savings,GBP,2025-03-18,,0.00
11214,2876,credit_card,GBP,2025-06-08,,0.00
11215,4431,savings,USD,2024-01-16,,0.00
11216,571,current,GBP,2025-01-12,,0.00
11217,1,credit_card,GBP,2025-11-20,,0.00
11218,1,current,GBP,2024-09-24,,0.00
11219,5,current,GBP,2024-04-28,2025-04-05,250.00
11220,1,credit_card,GBP,2024-10-09,,0.00
11221,30,current,GBP,2025-11-23,,1000.00
11222,2570,current,GBP,2024-09-22,,250.00
11223,2,credit_card,EUR,2024-02-23,,0.00
11224,7881,current,EUR,2025-05-19,,250.00
11225,1,credit_card,GBP,2024-06-19,,0.00
11226,2111,credit_card,USD,2024-01-24,,0.00
11227,4,savings,GBP,2024-05-30,,0.00
11228,121,savings,USD,2025-01-26,,0.00
11229,1,credit_card,GBP,2024-02-17,,0.00
11230,919,current,USD,2025-04-17,,500.00
11231,251,current,GBP,2024-01-20,,1000.00
11232,2,savings,GBP,2024-05-18,,0.00
11233,162,savings,GBP,2025-12-04,,0.00
11234,60,current,GBP,2025-12-28,,2000.00
11235,18,current,USD,2025-08-18,,0.00
11236,9,savings,GBP,2025-10-06,,0.00
11237,4,credit_card,GBP,2025-09-29,,0.00
11238,2,savings,USD,2024-06-21,,0.00
11239,32,credit_card,GBP,2024-11-28,,0.00
11240,9,current,GBP,2024-08-17,,2000.00
11241,2,current,GBP,2024-01-09,,2000.00
11242,4023,savings,GBP,2024-02-14,,0.00
11243,2359,current,GBP,2024-03-11,,2000.00
11244,2209,credit_card,GBP,2024-11-29,,0.00
11245,254,savings,GBP,2025-10-20,,0.00
11246,307,savings,GBP,2024-01-13,,0.00
11247,2,loan,GBP,2025-06-13,,0.00
11248,952,current,USD,2025-12-22,,0.00
11249,68,current,GBP,2025-11-01,,250.00
11250,1,credit_card,USD,2025-11-07,,0.00
11251,74,savings,GBP,2024-02-28,,0.00
11252,2,current,USD,2024-02-26,,500.00
11253,2402,current,GBP,2024-08-01,,1000.00
11254,37,savings,USD,2024-05-23,,0.00
11255,4,savings,USD,2024-01-22,,0.00
11256,1,savings,GBP,2024-04-23,,0.00
11257,12,savings,GBP,2024-09-30,,0.00
11258,35,current,GBP,2024-03-05,,0.00
11259,77,current,GBP,2025-03-19,,2000.00
11260,162,current,GBP,2024-11-23,,1000.00
11261,7644,savings,USD,2024-11-16,,0.00
11262,2648,savings,GBP,2025-09-16,,0.00
11263,1,current,USD,2024-11-23,,250.00
11264,5,credit_card,GBP,2025-02-15,,0.00
11265,1130,current,EUR,2024-08-03,,500.00
11266,184,savings,GBP,2024-04-15,,0.00
11267,8,current,USD,2024-10-25,,250.00
11268,29,current,GBP,2025-10-04,,0.00
11269,154,current,GBP,2024-07-29,,1000.00
11270,19,current,GBP,2024-07-17,,500.00
11271,2,current,GBP,2025-04-06,,1000.00
11272,443,savings,GBP,2025-02-23,,0.00
11273,1,current,USD,2025-04-18,,1000.00
11274,53,current,USD,2025-06-09,,2000.00
11275,483,current,USD,2025-12-03,,500.00
11276,9,credit_card,GBP,2025-07-11,,0.00
11277,10,savings,GBP,2024-06-09,,0.00
11278,11,savings,GBP,2025-08-24,,0.00
11279,66,credit_card,EUR,2024-12-10,,0.00
11280,2670,loan,EUR,2024-07-21,,0.00
11281,17,current,USD,2024-11-29,,0.00
11282,2090,savings,GBP,2024-04-27,,0.00
11283,229,current,EUR,2024-04-16,,2000.00
11284,10,savings,GBP,2024-08-25,,0.00
11285,1,savings,EUR,2025-10-06,,0.00
11286,305,current,GBP,2025-08-04,,2000.00
11287,11,savings,GBP,2024-12-08,,0.00
11288,19,savings,GBP,2025-07-16,,0.00
11289,187,current,GBP,2025-12-19,,0.00
11290,1507,loan,GBP,2024-07-05,,0.00
11291,5,savings,GBP,2024-11-18,,0.00
11292,2,current,GBP,2025-06-27,,2000.00
11293,744,loan,USD,2024-07-28,2025-10-03,0.00
11294,67,savings,EUR,2025-03-14,,0.00
11295,20,credit_card,GBP,2024-03-19,,0.00
11296,685,current,EUR,2024-06-25,,250.00
11297,179,savings,EUR,2024-08-31,,0.00
11298,8803,current,GBP,2024-09-26,,0.00
11299,8,current,GBP,2024-01-13,,2000.00
11300,1,current,EUR,2024-12-19,,1000.00
11301,118,savings,EUR,2025-09-30,2026-07-07,0.00
11302,13,savings,GBP,2024-01-26,,0.00
11303,13,savings,EUR,2024-12-13,,0.00
11304,4554,credit_card,GBP,2024-12-31,,0.00
11305,14,current,GBP,2024-05-23,,2000.00
11306,723,savings,USD,2025-11-15,,0.00
11307,29,credit_card,GBP,2024-01-06,,0.00
11308,1,current,GBP,2024-11-11,,0.00
11309,114,current,GBP,2025-08-18,,0.00
11310,2,current,EUR,2025-07-20,,500.00
11311,1,savings,USD,2025-06-19,,0.00
11312,76,current,USD,2024-08-13,,0.00
11313,5,loan,GBP,2025-04-03,,0.00
11314,2,savings,GBP,2024-08-18,2024-10-09,0.00
11315,7815,current,GBP,2025-03-24,,250.00
11316,169,current,GBP,2024-05-17,,250.00
11317,10,current,GBP,2024-10-25,,2000.00
11318,1458,current,GBP,2024-12-24,,0.00
11319,39,credit_card,EUR,2024-10-16,,0.00
11320,11,savings,USD,2025-08-18,,0.00
11321,1657,current,EUR,2024-12-20,,250.00
11322,947,credit_card,USD,2025-11-29,,0.00
11323,128,current,GBP,2025-09-07,,250.00
11324,35,savings,EUR,2025-09-29,,0.00
11325,13,current,GBP,2024-08-13,,2000.00
11326,4,credit_card,GBP,2025-04-07,,0.00
11327,2,savings,USD,2024-04-15,,0.00
11328,2,savings,GBP,2025-10-06,,0.00
11329,532,current,GBP,2024-09-01,,0.00
11330,8,savings,GBP,2024-06-08,,0.00
11331,300,current,GBP,2024-01-26,,500.00
11332,280,current,GBP,2025-11-22,,500.00
11333,1,savings,GBP,2024-11-22,,0.00
11334,6,savings,GBP,2024-08-04,,0.00
11335,172,loan,GBP,2025-11-19,,0.00
11336,15,current,GBP,2024-02-08,,250.00
11337,61,current,USD,2024-07-13,,250.00
11338,8,current,GBP,2024-06-21,,2000.00
11339,57,current,USD,2025-06-02,,1000.00
11340,32,savings,GBP,2024-03-19,,0.00
11341,3,savings,GBP,2025-10-14,,0.00
11342,1,credit_card,GBP,2024-04-01,,0.00
11343,310,savings,GBP,2025-11-04,,0.00
11344,1,credit_card,EUR,2024-08-28,,0.00
11345,7,current,GBP,2025-09-25,,250.00
11346,491,credit_card,USD,2024-12-06,,0.00
11347,207,savings,GBP,2024-09-27,,0.00
11348,4,current,EUR,2025-06-16,,0.00
11349,3,current,GBP,2025-12-28,,1000.00
11350,2756,savings,GBP,2024-08-08,,0.00
11351,1040,loan,GBP,2024-10-06,,0.00
11352,1673,loan,USD,2024-04-17,,0.00
11353,39,credit_card,GBP,2025-04-06,,0.00
11354,2,current,GBP,2025-09-05,,2000.00
11355,7,savings,GBP,2024-02-25,,0.00
11356,395,current,GBP,2025-09-05,,0.00
11357,1033,current,GBP,2024-02-05,,250.00
11358,4426,current,USD,2025-09-04,,250.00
11359,91,current,GBP,2024-08-16,2025-03-02,250.00
11360,2,savings,USD,2024-12-17,,0.00
11361,1,savings,GBP,2024-07-05,,0.00
11362,1,savings,GBP,2024-06-23,,0.00
11363,140,savings,GBP,2024-01-13,,0.00
11364,7,current,GBP,2025-03-11,,500.00
11365,2,current,USD,2024-08-02,,1000.00
11366,2026,savings,GBP,2025-02-08,,0.00
11367,4,current,GBP,2025-01-06,,1000.00
11368,3,current,EUR,2025-11-06,,250.00
11369,2135,credit_card,GBP,2024-08-14,,0.00
11370,3567,current,EUR,2024-02-28,,0.00
11371,1488,current,GBP,2025-08-05,,0.00
11372,2,current,GBP,2024-11-01,,250.00
11373,1,savings,GBP,2025-03-28,,0.00
11374,983,current,USD,2024-06-01,,500.00
11375,25,savings,GBP,2025-09-09,,0.00
11376,4095,savings,GBP,2024-12-01,,0.00
11377,10,savings,GBP,2025-11-04,,0.00
11378,7604,current,USD,2025-03-31,,0.00
11379,2678,credit_card,GBP,2025-11-12,,0.00
11380,78,savings,GBP,2024-01-17,,0.00
11381,22,current,USD,2024-04-18,,0.00
11382,2,credit_card,USD,2025-12-14,,0.00
11383,2005,credit_card,GBP,2025-04-07,,0.00
11384,12,savings,GBP,2024-08-19,,0.00
11385,6,credit_card,EUR,2025-12-08,,0.00
11386,670,current,EUR,2024-05-26,,250.00
11387,2,savings,USD,2025-01-04,,0.00
11388,2,current,GBP,2025-06-14,,1000.00
11389,173,savings,GBP,2024-03-03,,0.00
11390,839,current,USD,2025-03-07,,2000.00
11391,19,loan,GBP,2025-07-02,,0.00
11392,12,savings,USD,2025-11-26,,0.00
11393,3,savings,USD,2025-03-29,,0.00
11394,195,current,GBP,2025-11-04,,250.00
11395,7,current,USD,2024-12-18,,250.00
11396,96,current,GBP,2024-07-13,,0.00
11397,8805,current,GBP,2025-05-23,,1000.00
11398,9,credit_card,EUR,2024-12-15,,0.00
11399,451,current,GBP,2025-12-08,,0.00
11400,93,current,GBP,2024-06-12,,1000.00
11401,7,current,GBP,2025-07-18,,2000.00
11402,177,credit_card,GBP,2024-04-17,,0.00
11403,92,loan,GBP,2025-07-05,,0.00
11404,3,savings,GBP,2025-04-10,,0.00
11405,8,current,EUR,2025-04-08,,0.00
11406,2,current,USD,2025-11-10,,500.00
11407,484,savings,GBP,2024-04-04,,0.00
11408,21,savings,GBP,2025-05-02,,0.00
11409,7,current,GBP,2025-07-24,,1000.00
11410,15,current,GBP,2025-09-02,,250.00
11411,52,current,USD,2025-01-24,,2000.00
11412,3323,savings,GBP,2024-07-16,,0.00
11413,2,current,USD,2025-05-20,,1000.00
11414,4,savings,GBP,2024-05-24,,0.00
11415,2,savings,USD,2025-04-06,,0.00
11416,2609,savings,GBP,2024-05-11,,0.00
11417,1,credit_card,USD,2025-11-13,,0.00
11418,1,current,GBP,2025-03-31,,500.00
11419,28,loan,GBP,2024-07-16,,0.00
11420,1,credit_card,GBP,2024-02-26,,0.00
11421,1907,current,GBP,2024-11-14,,250.00
11422,2168,current,GBP,2025-07-10,,500.00
11423,23,current,EUR,2024-05-26,,250.00
11424,49,savings,GBP,2025-08-14,,0.00
11425,9,current,EUR,2024-04-26,2024-09-10,2000.00
11426,8,current,USD,2024-04-04,,0.00
11427,1,current,USD,2025-06-21,,500.00
11428,20,current,GBP,2025-12-28,,1000.00
11429,3,loan,GBP,2025-10-19,,0.00
11430,123,current,EUR,2025-06-29,,250.00
11431,1,current,EUR,2024-10-06,,1000.00
11432,1,savings,GBP,2024-03-09,,0.00
11433,2,current,GBP,2025-04-01,,500.00
11434,7,current,GBP,2024-10-02,2025-06-03,500.00
11435,17,current,GBP,2024-07-21,,0.00
11436,5,savings,USD,2025-08-03,,0.00
11437,6,current,GBP,2024-07-18,,0.00
11438,578,credit_card,USD,2024-01-21,,0.00
11439,1,current,EUR,2025-03-06,2025-10-02,2000.00
11440,67,current,USD,2024-08-15,,0.00
11441,9,credit_card,GBP,2025-12-29,,0.00
11442,3,current,USD,2024-10-12,,1000.00
11443,7169,savings,GBP,2025-10-28,,0.00
11444,40,current,GBP,2024-03-01,,1000.00
11445,200,savings,USD,2025-04-11,,0.00
11446,2,current,GBP,2025-05-27,,250.00
11447,3,savings,GBP,2025-12-06,,0.00
11448,32,current,GBP,2025-07-11,,0.00
11449,71,savings,USD,2025-03-10,,0.00
11450,250,current,EUR,2025-09-25,,1000.00
11451,3071,current,USD,2025-10-11,,500.00
11452,788,credit_card,EUR,2025-04-05,2025-08-19,0.00
11453,1046,current,GBP,2024-09-05,,500.00
11454,2,current,GBP,2025-03-20,,1000.00
11455,12,current,USD,2025-08-19,2026-01-04,2000.00
11456,8,savings,USD,2025-10-02,,0.00
11457,18,loan,GBP,2024-08-30,,0.00
11458,1,savings,USD,2024-04-29,,0.00
11459,318,current,GBP,2025-09-24,,0.00
11460,4,savings,GBP,2025-12-22,,0.00
11461,6090,current,EUR,2024-10-28,,1000.00
11462,103,current,USD,2025-01-25,,2000.00
11463,1,current,GBP,2025-02-02,,500.00
11464,343,loan,EUR,2024-10-23,,0.00
11465,17,savings,USD,2024-04-28,,0.00
11466,3,current,GBP,2024-01-30,,1000.00
11467,95,current,EUR,2024-11-25,,0.00
11468,2,savings,GBP,2024-03-18,,0.00
11469,136,savings,GBP,2025-03-06,,0.00
11470,333,loan,USD,2024-05-23,,0.00
11471,2,current,USD,2024-01-24,,500.00
11472,1,savings,USD,2025-03-25,,0.00
11473,58,current,GBP,2025-09-30,,1000.00
11474,8,current,GBP,2024-04-11,2024-08-27,500.00
11475,51,current,GBP,2024-05-20,,0.00
11476,1,current,USD,2025-10-24,,2000.00
11477,15,current,USD,2024-09-28,,2000.00
11478,1444,current,GBP,2025-05-11,,0.00
11479,1,savings,GBP,2025-12-19,,0.00
11480,696,current,GBP,2024-11-09,,2000.00
11481,82,savings,GBP,2025-07-24,,0.00
11482,2447,savings,GBP,2025-07-28,,0.00
11483,871,savings,GBP,2024-09-08,,0.00
11484,59,loan,EUR,2024-10-23,2026-01-30,0.00
11485,91,current,EUR,2025-06-18,,500.00
11486,3674,savings,EUR,2024-11-06,,0.00
11487,1,savings,GBP,2024-04-13,,0.00
11488,2,current,EUR,2024-04-09,,500.00
11489,5411,savings,GBP,2024-06-19,,0.00
11490,1290,current,GBP,2025-08-07,2026-02-17,0.00
11491,45,credit_card,GBP,2024-10-16,,0.00
11492,136,savings,USD,2024-08-12,,0.00
11493,3,current,GBP,2024-08-09,,2000.00
11494,8,loan,EUR,2024-09-23,,0.00
11495,3,savings,GBP,2024-11-13,2025-12-04,0.00
11496,1,savings,USD,2025-12-12,,0.00
11497,69,savings,EUR,2024-11-27,,0.00
11498,2,savings,GBP,2024-07-05,,0.00
11499,59,loan,GBP,2024-09-20,,0.00
11500,1,savings,USD,2025-02-10,,0.00
11501,1,credit_card,GBP,2024-07-28,,0.00
11502,486,current,GBP,2024-12-08,,2000.00
11503,2907,credit_card,GBP,2024-02-02,,0.00
11504,563,current,GBP,2024-06-16,,2000.00
11505,1,current,GBP,2025-02-01,,1000.00
11506,1,savings,GBP,2024-09-07,,0.00
11507,41,savings,USD,2025-11-03,,0.00
11508,2,loan,EUR,2024-03-10,,0.00
11509,77,savings,GBP,2025-11-15,,0.00
11510,24,savings,EUR,2025-04-25,,0.00
11511,534,current,EUR,2024-12-18,,250.00
11512,1,current,USD,2025-09-28,,250.00
11513,8,savings,GBP,2025-05-31,,0.00
11514,907,current,GBP,2025-05-16,2026-01-09,500.00
11515,31,savings,GBP,2025-12-12,,0.00
11516,1613,savings,GBP,2024-01-07,2024-02-12,0.00
11517,6,current,GBP,2025-01-11,,500.00
11518,123,current,USD,2025-10-13,,2000.00
11519,269,current,GBP,2025-07-02,,2000.00
11520,4,current,EUR,2024-07-22,,250.00
11521,4290,current,USD,2024-06-26,,500.00
11522,1,current,USD,2024-06-18,,0.00
11523,101,savings,GBP,2024-05-16,,0.00
11524,118,savings,GBP,2024-04-10,,0.00
11525,15,credit_card,GBP,2024-11-23,,0.00
11526,2,current,GBP,2024-07-24,,1000.00
11527,177,credit_card,GBP,2024-08-12,,0.00
11528,2120,current,GBP,2024-04-17,,2000.00
11529,546,loan,GBP,2024-02-19,,0.00
11530,44,loan,GBP,2025-05-27,,0.00
11531,170,credit_card,USD,2025-01-08,,0.00
11532,386,current,GBP,2025-12-12,,1000.00
11533,12,current,EUR,2024-03-13,,250.00
11534,27,savings,GBP,2025-01-30,,0.00
11535,692,credit_card,USD,2024-05-01,,0.00
11536,18,credit_card,GBP,2025-08-01,,0.00
11537,2,savings,GBP,2025-08-08,2026-04-02,0.00
11538,15,credit_card,USD,2025-11-14,,0.00
11539,9,credit_card,GBP,2024-09-27,,0.00
11540,260,loan,GBP,2025-02-02,,0.00
11541,2,loan,GBP,2025-11-09,,0.00
11542,1,savings,GBP,2024-09-26,,0.00
11543,46,savings,GBP,2024-02-06,,0.00
11544,1,savings,GBP,2024-12-17,,0.00
11545,116,current,USD,2024-06-26,,500.00
11546,442,savings,GBP,2024-02-19,,0.00
11547,91,loan,GBP,2025-08-03,,0.00
11548,1589,savings,GBP,2024-08-23,,0.00
11549,2,current,USD,2025-09-06,,1000.00
11550,29,current,USD,2024-12-08,,250.00
11551,60,savings,GBP,2024-10-26,,0.00
11552,59,credit_card,GBP,2024-06-11,,0.00
11553,28,current,GBP,2025-06-09,,2000.00
11554,144,current,USD,2025-06-28,,500.00
11555,1,current,GBP,2025-05-08,,1000.00
11556,16,savings,GBP,2025-04-02,,0.00
11557,15,current,GBP,2024-12-03,,1000.00
11558,1,loan,GBP,2025-10-17,,0.00
11559,1,savings,USD,2024-07-02,,0.00
11560,33,current,EUR,2025-12-04,,0.00
11561,182,current,GBP,2025-11-11,,0.00
11562,434,current,GBP,2025-06-02,,0.00
11563,59,current,USD,2025-09-15,,1000.00
11564,10,savings,GBP,2025-11-29,,0.00
11565,2,savings,GBP,2024-09-15,,0.00
11566,1,credit_card,EUR,2024-10-16,,0.00
11567,3,savings,GBP,2025-01-07,2025-08-28,0.00
11568,2,credit_card,GBP,2024-03-07,,0.00
11569,5,savings,USD,2025-10-09,,0.00
11570,8619,current,GBP,2024-10-06,,2000.00
11571,3,current,GBP,2024-07-18,,2000.00
11572,1,savings,GBP,2025-05-14,,0.00
11573,581,loan,GBP,2025-12-20,,0.00
11574,294,current,GBP,2025-04-25,,500.00
11575,1,current,GBP,2024-07-27,,250.00
11576,1,savings,USD,2024-12-11,,0.00
11577,3,savings,GBP,2024-10-15,,0.00
11578,362,current,EUR,2025-12-04,2026-05-18,500.00
11579,25,current,GBP,2024-01-13,,2000.00
11580,2,credit_card,USD,2024-07-05,2025-09-20,0.00
11581,3,current,USD,2024-12-06,,1000.00
11582,289,current,GBP,2024-08-21,,1000.00
11583,2,credit_card,GBP,2024-07-29,,0.00
11584,3,current,EUR,2025-12-01,,250.00
11585,124,current,GBP,2025-03-31,,0.00
11586,148,current,GBP,2025-10-19,,0.00
11587,6233,current,EUR,2025-02-11,,500.00
11588,65,savings,GBP,2025-05-01,,0.00
11589,10,current,GBP,2024-07-03,,0.00
11590,218,current,GBP,2025-12-22,,0.00
11591,93,savings,EUR,2025-11-20,,0.00
11592,2,current,GBP,2025-02-03,,250.00
11593,415,savings,EUR,2025-02-20,,0.00
11594,82,savings,USD,2025-05-14,,0.00
11595,44,loan,GBP,2024-06-06,,0.00
11596,92,savings,EUR,2025-12-06,,0.00
11597,23,current,GBP,2024-06-24,,2000.00
11598,5,savings,GBP,2025-10-21,,0.00
11599,15,current,USD,2024-02-26,,2000.00
11600,1,savings,GBP,2025-08-08,,0.00
11601,2,savings,USD,2024-02-12,,0.00
11602,4894,credit_card,GBP,2025-11-01,,0.00
11603,1,credit_card,GBP,2025-10-11,,0.00
11604,100,savings,USD,2025-01-22,,0.00
11605,8469,current,USD,2024-03-30,,0.00
11606,1,credit_card,EUR,2024-06-15,,0.00
11607,5,credit_card,GBP,2025-10-08,,0.00
11608,97,credit_card,GBP,2025-02-22,,0.00
11609,135,loan,EUR,2024-12-28,,0.00
11610,102,credit_card,GBP,2025-10-29,,0.00
11611,2,savings,USD,2025-08-19,,0.00
11612,2,savings,GBP,2024-03-14,,0.00
11613,459,current,GBP,2024-01-22,,2000.00
11614,2,current,USD,2025-08-29,,1000.00
11615,9,credit_card,USD,2024-09-09,,0.00
11616,32,current,USD,2025-03-10,,500.00
11617,23,current,GBP,2025-11-21,,250.00
11618,2,credit_card,GBP,2024-11-24,,0.00
11619,1,credit_card,GBP,2024-03-03,,0.00
11620,10,current,USD,2025-08-22,,2000.00
11621,7,current,USD,2025-04-26,,2000.00
11622,18,savings,GBP,2024-05-06,,0.00
11623,3,credit_card,GBP,2024-02-17,,0.00
11624,1,current,USD,2025-01-22,,0.00
11625,13,current,GBP,2024-01-13,,2000.00
11626,7,current,USD,2025-10-11,,1000.00
11627,1,current,GBP,2024-02-22,2025-03-16,2000.00
11628,338,current,GBP,2024-06-13,,500.00
11629,460,savings,GBP,2024-04-25,,0.00
11630,8444,savings,GBP,2025-01-05,,0.00
11631,36,credit_card,EUR,2024-08-31,,0.00
11632,439,savings,EUR,2024-06-27,,0.00
11633,8,credit_card,USD,2025-11-25,,0.00
11634,1,credit_card,GBP,2025-06-21,,0.00
11635,2812,savings,GBP,2024-08-10,2025-10-25,0.00
11636,80,savings,GBP,2024-07-18,2024-12-20,0.00
11637,1,savings,GBP,2025-10-25,,0.00
11638,9,savings,GBP,2025-07-12,,0.00
11639,1,credit_card,EUR,2025-12-27,2026-11-23,0.00
11640,90,credit_card,USD,2024-07-26,,0.00
11641,2,current,EUR,2024-01-05,,1000.00
11642,7,savings,GBP,2025-01-13,,0.00
11643,3835,current,USD,2025-08-12,,1000.00
11644,1387,savings,USD,2025-08-23,,0.00
11645,1,credit_card,GBP,2025-10-31,,0.00
11646,5,savings,EUR,2024-05-04,,0.00
11647,5,loan,USD,2024-04-16,,0.00
11648,924,credit_card,GBP,2025-05-23,,0.00
11649,13,current,GBP,2024-09-29,,1000.00
11650,5938,credit_card,GBP,2025-07-24,,0.00
11651,135,current,GBP,2025-09-06,,1000.00
11652,1,credit_card,EUR,2024-04-07,,0.00
11653,376,current,GBP,2025-06-13,,0.00
11654,1129,current,USD,2024-02-07,,250.00
11655,14,current,GBP,2025-07-26,,0.00
11656,180,loan,GBP,2025-12-01,,0.00
11657,1,loan,USD,2024-08-15,,0.00
11658,21,current,USD,2025-02-19,,500.00
11659,754,savings,GBP,2024-07-18,,0.00
11660,40,credit_card,USD,2025-07-22,,0.00
11661,14,savings,USD,2024-10-17,,0.00
11662,5799,savings,USD,2025-01-01,,0.00
11663,3571,credit_card,GBP,2025-02-13,,0.00
11664,23,current,EUR,2024-03-17,,1000.00
11665,312,savings,USD,2024-05-23,,0.00
11666,1,current,GBP,2024-08-25,,0.00
11667,338,savings,EUR,2025-12-15,,0.00
11668,96,current,GBP,2025-07-22,,1000.00
11669,7373,loan,USD,2024-04-19,,0.00
11670,1,credit_card,GBP,2024-02-17,,0.00
11671,4,savings,USD,2025-05-31,,0.00
11672,1967,savings,GBP,2025-04-17,,0.00
11673,29,current,EUR,2025-07-11,,250.00
11674,237,savings,GBP,2025-03-02,,0.00
11675,596,savings,GBP,2025-05-01,2026-04-01,0.00
11676,133,current,GBP,2025-10-13,,250.00
11677,703,credit_card,USD,2025-05-05,,0.00
11678,504,current,GBP,2024-11-28,,250.00
11679,377,credit_card,EUR,2024-02-28,2024-06-09,0.00
11680,3,current,GBP,2025-04-05,2026-02-05,500.00
11681,637,current,GBP,2025-09-25,,1000.00
11682,5,current,GBP,2024-06-24,,250.00
11683,225,savings,GBP,2025-07-17,,0.00
11684,3,current,GBP,2025-07-30,,2000.00
11685,111,credit_card,GBP,2025-07-19,,0.00
11686,2,current,GBP,2025-03-26,,2000.00
11687,91,credit_card,GBP,2024-06-05,,0.00
11688,13,current,GBP,2025-05-28,,500.00
11689,225,loan,GBP,2025-04-28,,0.00
11690,16,credit_card,GBP,2025-06-22,,0.00
11691,15,savings,GBP,2024-12-06,,0.00
11692,9,current,EUR,2025-12-23,,250.00
11693,1,current,USD,2024-11-16,,250.00
11694,7464,savings,GBP,2024-09-05,,0.00
11695,56,loan,GBP,2024-07-07,,0.00
11696,73,current,GBP,2025-06-14,,0.00
11697,274,current,GBP,2025-10-24,,250.00
11698,2,current,GBP,2025-05-03,,2000.00
11699,44,current,GBP,2025-12-04,,2000.00
11700,20,savings,GBP,2025-01-07,,0.00
11701,243,current,GBP,2025-07-17,,2000.00
11702,547,current,GBP,2024-05-23,,2000.00
11703,7,current,GBP,2025-06-17,2026-06-21,1000.00
11704,1621,current,GBP,2025-09-14,,1000.00
11705,83,loan,USD,2024-12-17,,0.00
11706,88,current,EUR,2024-09-15,,500.00
11707,1,current,GBP,2024-04-27,,1000.00
11708,36,savings,USD,2025-08-29,,0.00
11709,35,savings,GBP,2024-06-14,,0.00
11710,8,current,GBP,2025-12-09,,0.00
11711,457,current,GBP,2025-06-23,,250.00
11712,1,savings,USD,2025-03-14,,0.00
11713,19,credit_card,GBP,2025-07-15,,0.00
11714,29,credit_card,GBP,2025-08-04,,0.00
11715,67,credit_card,GBP,2024-03-31,,0.00
11716,449,savings,GBP,2024-01-14,,0.00
11717,33,savings,EUR,2025-01-28,,0.00
11718,4,credit_card,GBP,2025-05-10,,0.00
11719,1,credit_card,GBP,2024-10-12,,0.00
11720,11,current,EUR,2025-10-23,,500.00
11721,1,current,GBP,2025-04-16,,1000.00
11722,866,savings,GBP,2024-06-17,,0.00
11723,6,current,GBP,2025-11-18,2027-01-04,2000.00
11724,4278,savings,GBP,2024-05-11,,0.00
11725,318,savings,USD,2025-05-08,,0.00
11726,74,current,GBP,2024-07-12,,250.00
11727,4,current,USD,2024-09-08,,250.00
11728,1,savings,GBP,2024-09-25,,0.00
11729,1,current,GBP,2025-04-21,,1000.00
11730,2,savings,GBP,2025-06-02,,0.00
11731,3,current,EUR,2025-12-08,,500.00
11732,1571,credit_card,GBP,2025-12-20,,0.00
11733,27,current,GBP,2025-06-22,,1000.00
11734,588,current,EUR,2024-01-18,,0.00
11735,1,savings,EUR,2024-08-17,,0.00
11736,938,current,GBP,2024-09-16,2025-03-23,2000.00
11737,5,current,GBP,2025-06-25,,500.00
11738,743,current,GBP,2025-11-21,,500.00
11739,7,credit_card,EUR,2024-05-01,,0.00
11740,23,current,USD,2025-06-01,,500.00
11741,29,current,GBP,2025-07-14,,2000.00
11742,6,loan,EUR,2024-06-17,,0.00
11743,452,current,GBP,2024-12-07,,1000.00
11744,73,current,USD,2024-10-07,,1000.00
11745,1,savings,USD,2025-10-24,,0.00
11746,3,current,USD,2024-06-02,,1000.00
11747,10,loan,GBP,2025-08-07,2026-10-16,0.00
11748,7278,current,GBP,2025-05-22,,0.00
11749,308,savings,GBP,2024-09-13,,0.00
11750,13,savings,GBP,2025-11-11,,0.00
11751,74,savings,EUR,2024-12-04,,0.00
11752,4457,savings,GBP,2025-01-13,,0.00
11753,2,savings,EUR,2024-03-17,,0.00
11754,8,credit_card,GBP,2024-10-28,2025-09-11,0.00
11755,800,savings,GBP,2025-04-21,,0.00
11756,8,savings,GBP,2024-05-07,2025-02-09,0.00
11757,3,loan,GBP,2025-11-26,,0.00
11758,2,current,USD,2024-05-25,,0.00
11759,1,credit_card,EUR,2024-04-16,,0.00
11760,95,savings,USD,2024-12-04,,0.00
11761,323,current,GBP,2024-03-07,,500.00
11762,37,loan,EUR,2025-02-12,,0.00
11763,1,savings,GBP,2025-10-14,,0.00
11764,503,current,EUR,2024-07-26,,2000.00
11765,157,credit_card,EUR,2024-10-31,,0.00
11766,448,current,USD,2025-09-06,,0.00
11767,143,current,USD,2024-06-09,,250.00
11768,3832,loan,EUR,2024-08-23,,0.00
11769,7,current,GBP,2024-06-13,,500.00
11770,1234,savings,GBP,2025-01-10,,0.00
11771,3,savings,EUR,2024-05-25,2025-07-17,0.00
11772,437,savings,GBP,2025-10-19,,0.00
11773,377,loan,GBP,2024-05-20,,0.00
11774,235,savings,USD,2025-01-10,,0.00
11775,2,current,GBP,2024-10-11,,0.00
11776,1,savings,GBP,2025-05-02,,0.00
11777,3022,savings,EUR,2025-05-24,,0.00
11778,4,current,EUR,2024-03-29,,250.00
11779,170,savings,GBP,2025-09-12,,0.00
11780,77,current,GBP,2024-03-01,,0.00
11781,6,savings,GBP,2025-03-09,,0.00
11782,16,current,USD,2025-10-11,,2000.00
11783,42,savings,GBP,2024-12-29,,0.00
11784,5,credit_card,USD,2024-08-26,,0.00
11785,117,current,GBP,2024-05-09,,2000.00
11786,10,current,GBP,2024-07-11,,1000.00
11787,80,current,GBP,2024-09-30,,250.00
11788,4,savings,USD,2025-05-21,,0.00
11789,1,credit_card,GBP,2024-01-16,,0.00
11790,161,current,GBP,2024-07-04,,0.00
11791,4939,current,USD,2025-10-07,,0.00
11792,2,current,GBP,2025-03-23,,250.00
11793,1895,savings,EUR,2025-11-02,,0.00
11794,199,current,GBP,2024-05-18,,250.00
11795,97,current,GBP,2025-10-02,,1000.00
11796,1,current,GBP,2024-08-21,,500.00
11797,15,savings,GBP,2025-07-17,2026-08-30,0.00
11798,181,savings,EUR,2025-10-23,,0.00
11799,497,current,GBP,2024-07-30,,2000.00
11800,111,savings,GBP,2024-04-17,,0.00
11801,3,current,GBP,2024-02-12,,2000.00
11802,68,credit_card,USD,2024-06-16,2025-02-04,0.00
11803,69,current,GBP,2025-09-19,,0.00
11804,3494,savings,GBP,2024-11-01,,0.00
11805,83,current,GBP,2024-01-27,,2000.00
11806,53,loan,GBP,2025-04-15,2026-02-20,0.00
11807,3,savings,GBP,2025-09-13,,0.00
11808,5,savings,EUR,2025-05-08,,0.00
11809,7,current,GBP,2024-09-05,,2000.00
11810,28,current,GBP,2025-01-04,2026-04-24,1000.00
11811,243,current,GBP,2024-02-01,,500.00
11812,5330,savings,USD,2024-04-26,,0.00
11813,3276,current,EUR,2025-01-03,,0.00
11814,3259,savings,GBP,2024-11-10,,0.00
11815,665,current,GBP,2025-05-24,,0.00
11816,973,current,GBP,2024-10-16,,1000.00
11817,2142,current,USD,2025-03-22,,0.00
11818,6,savings,EUR,2024-12-26,,0.00
11819,28,credit_card,USD,2024-03-03,,0.00
11820,113,savings,GBP,2024-07-25,2025-12-04,0.00
11821,15,current,EUR,2025-12-12,,0.00
11822,519,current,USD,2024-02-13,,2000.00
11823,4,current,GBP,2025-08-25,,500.00
11824,162,loan,EUR,2025-03-17,,0.00
11825,7,current,GBP,2025-01-15,,2000.00
11826,1005,savings,GBP,2024-12-02,,0.00
11827,10,credit_card,USD,2025-12-17,,0.00
11828,13,savings,GBP,2024-12-04,2025-01-05,0.00
11829,1726,savings,USD,2024-01-09,,0.00
11830,1,loan,GBP,2024-11-13,,0.00
11831,3027,current,GBP,2024-10-01,,2000.00
11832,2,credit_card,GBP,2024-12-25,,0.00
11833,4,credit_card,GBP,2025-01-28,,0.00
11834,1,current,USD,2024-09-30,,500.00
11835,3,credit_card,USD,2025-02-16,,0.00
11836,17,loan,GBP,2025-07-15,,0.00
11837,31,savings,GBP,2024-12-01,,0.00
11838,468,savings,GBP,2024-02-21,,0.00
11839,1260,credit_card,GBP,2025-11-28,,0.00
11840,66,credit_card,USD,2025-06-13,,0.00
11841,1,current,GBP,2024-08-09,,2000.00
11842,2,savings,USD,2025-10-26,,0.00
11843,54,loan,GBP,2025-10-06,,0.00
11844,6,current,GBP,2025-02-19,,2000.00
11845,64,current,GBP,2024-03-12,,2000.00
11846,2341,savings,USD,2024-08-06,,0.00
11847,59,current,GBP,2025-02-10,,500.00
11848,222,current,USD,2025-07-30,,250.00
11849,1509,savings,GBP,2024-11-02,,0.00
11850,45,credit_card,EUR,2024-12-05,,0.00
11851,176,loan,GBP,2025-12-17,2027-01-29,0.00
11852,497,savings,GBP,2025-06-06,2026-04-10,0.00
11853,3,savings,USD,2025-07-03,,0.00
11854,208,savings,GBP,2025-11-17,,0.00
11855,717,current,GBP,2025-03-31,2025-06-22,1000.00
11856,2,current,USD,2024-06-01,,2000.00
11857,1,current,GBP,2024-06-06,,2000.00
11858,595,savings,EUR,2024-11-28,,0.00
11859,8,current,GBP,2025-01-30,,2000.00
11860,2,current,USD,2024-12-18,,250.00
11861,118,savings,GBP,2025-07-02,,0.00
11862,12,credit_card,USD,2025-12-06,,0.00
11863,1078,current,GBP,2025-08-18,,500.00
11864,3069,current,GBP,2024-05-22,,2000.00
11865,148,credit_card,USD,2024-01-25,,0.00
11866,575,savings,GBP,2024-04-13,,0.00
11867,1245,savings,USD,2025-03-15,,0.00
11868,2380,current,GBP,2025-12-15,,1000.00
11869,2,savings,GBP,2025-09-02,,0.00
11870,3,savings,GBP,2025-04-03,,0.00
11871,9,current,USD,2024-06-30,,500.00
11872,19,savings,GBP,2024-08-14,,0.00
11873,6,savings,GBP,2025-05-01,,0.00
11874,1751,loan,GBP,2025-03-28,,0.00
11875,22,credit_card,USD,2024-12-15,,0.00
11876,106,loan,GBP,2024-12-17,,0.00
11877,8,current,EUR,2024-08-30,,1000.00
11878,1,loan,GBP,2024-03-11,,0.00
11879,254,savings,EUR,2024-06-06,,0.00
11880,216,savings,GBP,2025-10-19,,0.00
11881,3174,savings,GBP,2025-08-14,,0.00
11882,1,current,GBP,2025-10-22,,500.00
11883,4,current,GBP,2024-08-14,,500.00
11884,5,loan,USD,2025-12-21,,0.00
11885,4,loan,GBP,2025-09-26,,0.00
11886,4,current,GBP,2025-01-30,,500.00
11887,4,current,GBP,2025-08-29,,500.00
11888,51,current,GBP,2024-03-11,,2000.00
11889,1016,current,USD,2024-06-08,,500.00
11890,10,current,GBP,2024-02-02,2025-02-03,1000.00
11891,2,current,USD,2025-05-06,,0.00
11892,1327,current,USD,2025-12-24,,1000.00
11893,60,loan,EUR,2025-02-28,,0.00
11894,32,current,USD,2025-09-26,,250.00
11895,1,savings,EUR,2025-09-26,,0.00
11896,1,savings,USD,2025-03-05,,0.00
11897,30,savings,GBP,2025-12-15,,0.00
11898,3286,current,GBP,2024-03-20,2025-02-26,0.00
11899,1467,current,EUR,2025-12-26,,2000.00
11900,6,savings,GBP,2025-10-15,,0.00
11901,2,savings,EUR,2024-11-26,,0.00
11902,469,savings,GBP,2024-12-11,,0.00
11903,2137,loan,USD,2024-04-22,,0.00
11904,5,savings,EUR,2025-01-10,2026-03-26,0.00
11905,5,current,GBP,2024-06-02,,0.00
11906,239,current,GBP,2025-11-21,,2000.00
11907,1,current,GBP,2025-05-28,,250.00
11908,3,savings,USD,2024-02-13,,0.00
11909,33,savings,GBP,2025-03-21,,0.00
11910,3,credit_card,USD,2024-05-09,,0.00
11911,32,savings,USD,2025-06-01,,0.00
11912,161,current,GBP,2025-04-12,,2000.00
11913,81,credit_card,GBP,2025-11-30,,0.00
11914,1,current,USD,2024-03-09,,250.00
11915,686,current,EUR,2024-12-02,,500.00
11916,115,current,GBP,2025-02-05,,500.00
11917,23,credit_card,GBP,2025-07-24,,0.00
11918,1,savings,EUR,2024-07-07,2025-11-08,0.00
11919,1,loan,USD,2024-08-03,2025-09-18,0.00
11920,57,current,GBP,2024-07-27,,250.00
11921,20,current,GBP,2024-12-21,,2000.00
11922,6324,current,GBP,2024-12-14,,2000.00
11923,2404,current,GBP,2025-07-19,,1000.00
11924,2,savings,GBP,2024-06-11,,0.00
11925,7,savings,GBP,2024-06-28,,0.00
11926,4,current,EUR,2025-02-13,,500.00
11927,1890,savings,GBP,2024-04-13,,0.00
11928,3,savings,GBP,2024-01-01,,0.00
11929,44,loan,USD,2025-11-07,,0.00
11930,1,current,GBP,2024-05-22,,2000.00
11931,3,savings,GBP,2025-11-13,,0.00
11932,720,current,EUR,2024-02-25,,0.00
11933,624,credit_card,USD,2025-02-15,,0.00
11934,288,current,EUR,2024-02-27,,2000.00
11935,2,current,GBP,2025-12-20,,250.00
11936,231,savings,GBP,2025-11-25,,0.00
11937,3,current,GBP,2025-07-20,,0.00
11938,139,current,USD,2025-05-29,,250.00
11939,4,current,GBP,2024-01-05,,1000.00
11940,5,current,GBP,2025-11-27,,1000.00
11941,51,current,EUR,2024-02-07,,1000.00
11942,216,current,GBP,2024-10-06,,0.00
11943,1,savings,GBP,2024-06-30,,0.00
11944,1,current,USD,2025-12-25,2026-04-19,1000.00
11945,2,current,USD,2024-09-21,,1000.00
11946,32,current,EUR,2024-05-19,,250.00
11947,1,savings,USD,2024-11-17,,0.00
11948,1,credit_card,GBP,2024-06-05,,0.00
11949,4,loan,GBP,2025-08-14,,0.00
11950,72,savings,GBP,2025-03-05,,0.00
11951,19,savings,GBP,2025-07-20,,0.00
11952,1,current,GBP,2025-04-04,,500.00
11953,3,current,USD,2024-11-03,,2000.00
11954,6,current,GBP,2024-09-18,,0.00
11955,61,credit_card,GBP,2025-06-06,2026-09-14,0.00
11956,97,loan,GBP,2024-04-08,,0.00
11957,15,current,GBP,2025-01-20,,2000.00
11958,19,current,GBP,2025-11-21,,1000.00
11959,1,savings,GBP,2024-09-08,,0.00
11960,4,loan,USD,2024-12-01,,0.00
11961,1,current,EUR,2025-02-02,,0.00
11962,3428,loan,GBP,2025-04-12,,0.00
11963,256,current,EUR,2024-05-04,,500.00
11964,21,savings,GBP,2025-11-03,,0.00
11965,3,savings,USD,2024-03-11,,0.00
11966,1,current,GBP,2024-09-05,,1000.00
11967,1775,current,GBP,2024-06-15,,2000.00
11968,2,credit_card,GBP,2025-07-16,,0.00
11969,1378,current,GBP,2025-04-11,,250.00
11970,119,credit_card,USD,2024-12-06,,0.00
11971,1928,credit_card,GBP,2025-10-19,,0.00
11972,46,current,USD,2025-02-15,,250.00
11973,1369,current,USD,2024-05-06,2025-06-06,500.00
11974,3636,current,GBP,2025-12-24,,0.00
11975,452,current,EUR,2025-04-11,,250.00
11976,1,savings,GBP,2024-12-28,2025-02-17,0.00
11977,1449,savings,GBP,2024-09-30,,0.00
11978,512,savings,EUR,2025-03-08,2026-04-30,0.00
11979,626,savings,USD,2024-02-04,,0.00
11980,1,savings,GBP,2024-11-09,,0.00
11981,407,current,EUR,2025-10-17,,1000.00
11982,1,current,GBP,2024-09-21,,2000.00
11983,76,current,USD,2024-04-26,,1000.00
11984,3,current,GBP,2024-08-04,,250.00
11985,62,current,GBP,2024-11-06,,500.00
11986,6,credit_card,GBP,2025-01-19,,0.00
11987,11,current,USD,2025-04-14,,2000.00
11988,3231,savings,EUR,2025-03-04,,0.00
11989,1797,current,USD,2024-02-12,,2000.00
11990,11,savings,GBP,2024-03-29,,0.00
11991,1,savings,GBP,2024-08-27,,0.00
11992,85,savings,USD,2025-02-02,,0.00
11993,1,credit_card,GBP,2025-11-04,,0.00
11994,16,current,GBP,2024-01-24,,1000.00
11995,97,current,GBP,2025-12-15,,0.00
11996,1,savings,GBP,2025-06-08,,0.00
11997,4,current,USD,2024-06-30,,1000.00
11998,7561,current,GBP,2024-12-03,2025-03-01,2000.00
11999,220,savings,USD,2025-09-05,,0.00
12000,41,savings,GBP,2025-11-28,,0.00
12001,1,current,GBP,2024-06-14,,500.00
12002,60,savings,GBP,2024-10-29,,0.00
12003,249,current,USD,2024-12-15,,250.00
12004,3398,savings,GBP,2025-10-15,,0.00
12005,1,current,GBP,2025-07-30,,250.00
12006,6,savings,USD,2024-02-24,,0.00
12007,32,current,GBP,2024-07-09,,1000.00
12008,35,current,GBP,2025-01-27,,500.00
12009,159,savings,GBP,2024-07-30,,0.00
12010,1,credit_card,EUR,2025-12-07,2027-04-04,0.00
12011,9,current,GBP,2025-11-16,,250.00
12012,158,credit_card,GBP,2024-11-08,,0.00
12013,6,current,USD,2024-05-24,,500.00
12014,49,credit_card,USD,2024-08-06,,0.00
12015,198,current,USD,2024-06-08,,0.00
12016,5,current,USD,2025-09-02,,2000.00
12017,14,loan,EUR,2024-04-07,,0.00
12018,22,current,EUR,2024-12-31,2025-04-27,0.00
12019,4,current,GBP,2024-12-10,,2000.00
12020,9,current,GBP,2025-11-22,2026-11-03,0.00
12021,3163,credit_card,GBP,2024-10-01,2025-02-03,0.00
12022,1,credit_card,GBP,2024-04-29,,0.00
12023,3,savings,GBP,2025-12-07,,0.00
12024,3,savings,GBP,2024-10-18,2025-10-26,0.00
12025,2,current,USD,2025-02-15,,0.00
12026,2,savings,GBP,2025-11-01,,0.00
12027,1943,current,USD,2024-05-02,,250.00
12028,4,savings,GBP,2025-10-26,,0.00
12029,11,current,USD,2024-10-26,,1000.00
12030,39,credit_card,GBP,2025-02-03,2025-05-27,0.00
12031,1,savings,GBP,2024-02-01,,0.00
12032,22,savings,GBP,2025-08-05,,0.00
12033,4047,current,EUR,2025-07-30,,1000.00
12034,667,savings,EUR,2024-07-07,,0.00
12035,4,current,GBP,2024-05-03,,500.00
12036,24,credit_card,EUR,2025-09-12,,0.00
12037,613,credit_card,GBP,2025-12-15,2026-11-12,0.00
12038,1,current,GBP,2024-03-05,,250.00
12039,279,current,USD,2025-11-04,,500.00
12040,7,credit_card,GBP,2025-12-29,,0.00
12041,713,savings,USD,2024-03-16,,0.00
12042,62,current,GBP,2024-05-20,,1000.00
12043,56,savings,EUR,2025-08-15,,0.00
12044,643,savings,GBP,2025-12-15,,0.00
12045,145,savings,GBP,2024-04-27,,0.00
12046,182,savings,EUR,2024-05-22,,0.00
12047,1,current,GBP,2024-01-09,,1000.00
12048,815,savings,EUR,2024-03-07,,0.00
12049,1,current,GBP,2025-05-07,,1000.00
12050,1,savings,GBP,2024-01-18,2025-04-08,0.00
12051,3,current,GBP,2025-07-24,,0.00
12052,4680,current,GBP,2025-09-17,2026-04-20,1000.00
12053,3084,savings,USD,2024-12-23,,0.00
12054,7,current,EUR,2025-08-01,2026-02-22,2000.00
12055,54,current,USD,2024-11-22,,1000.00
12056,4145,savings,GBP,2025-09-29,,0.00
12057,2,current,USD,2025-03-30,,250.00
12058,705,savings,GBP,2025-10-30,,0.00
12059,2781,current,GBP,2024-03-16,,250.00
12060,2,credit_card,GBP,2024-01-11,,0.00
12061,1,credit_card,USD,2024-03-20,,0.00
12062,1,savings,GBP,2024-10-24,,0.00
12063,22,credit_card,GBP,2025-10-06,,0.00
12064,2678,loan,GBP,2025-11-17,,0.00
12065,9,current,GBP,2024-11-27,,1000.00
12066,1,savings,USD,2025-12-09,,0.00
12067,1,current,GBP,2024-07-17,,250.00
12068,3,current,GBP,2025-10-26,,0.00
12069,8,current,GBP,2024-11-05,,1000.00
12070,1,current,GBP,2024-06-11,,500.00
12071,1,current,EUR,2025-09-03,,2000.00
12072,7666,current,USD,2025-07-19,,250.00
12073,10,savings,GBP,2024-08-16,,0.00
12074,82,savings,USD,2024-03-07,,0.00
12075,10,current,GBP,2024-04-26,,0.00
12076,5331,current,GBP,2025-02-09,,0.00
12077,22,current,USD,2024-03-03,,250.00
12078,1,credit_card,USD,2024-04-10,,0.00
12079,2,loan,USD,2024-11-09,,0.00
12080,14,loan,USD,2024-10-04,,0.00
12081,423,current,USD,2024-04-16,,0.00
12082,1230,savings,GBP,2024-11-30,2026-01-07,0.00
12083,597,savings,USD,2024-02-27,,0.00
12084,41,current,GBP,2024-07-26,,500.00
12085,1,current,EUR,2025-09-14,2026-10-30,500.00
12086,4813,savings,GBP,2025-07-27,,0.00
12087,1,credit_card,GBP,2025-01-30,,0.00
12088,1,current,GBP,2024-01-02,,2000.00
12089,2,current,EUR,2024-04-28,,0.00
12090,1002,credit_card,GBP,2024-07-15,,0.00
12091,177,current,USD,2025-10-12,,500.00
12092,3,current,EUR,2025-01-18,,250.00
12093,1,current,EUR,2024-11-30,,250.00
12094,34,current,GBP,2024-11-19,,0.00
12095,128,current,EUR,2025-03-26,,2000.00
12096,157,current,USD,2024-12-24,,250.00
12097,51,savings,USD,2024-12-21,,0.00
12098,5,loan,GBP,2024-08-05,,0.00
12099,269,current,GBP,2024-12-19,,1000.00
12100,158,current,GBP,2025-06-07,,1000.00
12101,2,current,USD,2025-03-18,2025-08-19,2000.00
12102,46,loan,GBP,2024-11-04,,0.00
12103,3444,savings,EUR,2025-07-04,2025-12-02,0.00
12104,176,credit_card,EUR,2025-08-01,,0.00
12105,1160,current,GBP,2024-01-06,,1000.00
12106,53,current,EUR,2024-08-06,,250.00
12107,21,savings,EUR,2025-03-16,,0.00
12108,558,loan,GBP,2024-03-10,,0.00
12109,1,current,EUR,2024-11-16,2025-09-28,500.00
12110,6,current,GBP,2024-06-08,,2000.00
12111,2,savings,GBP,2024-12-21,,0.00
12112,40,credit_card,GBP,2025-11-18,,0.00
12113,425,loan,USD,2024-08-10,,0.00
12114,96,savings,USD,2025-12-18,,0.00
12115,567,credit_card,EUR,2025-07-15,,0.00
12116,2508,current,GBP,2024-03-14,,250.00
12117,3,credit_card,USD,2024-06-29,,0.00
12118,663,savings,GBP,2024-11-05,,0.00
12119,10,savings,USD,2024-07-14,,0.00
12120,1,current,GBP,2024-10-22,,0.00
12121,2,savings,GBP,2025-04-22,,0.00
12122,58,savings,GBP,2025-04-18,,0.00
12123,4,credit_card,GBP,2024-08-13,,0.00
12124,252,savings,GBP,2025-08-10,,0.00
12125,1,savings,USD,2025-05-29,,0.00
12126,1,savings,GBP,2025-10-18,,0.00
12127,18,savings,EUR,2025-03-02,,0.00
12128,117,savings,GBP,2024-11-14,,0.00
12129,1,current,USD,2024-05-18,,250.00
12130,79,current,GBP,2025-01-12,,250.00
12131,843,savings,USD,2025-08-02,,0.00
12132,44,savings,USD,2025-06-08,,0.00
12133,4,current,EUR,2024-09-10,,2000.00
12134,1,current,GBP,2025-10-06,,0.00
12135,269,current,GBP,2024-04-19,,250.00
12136,1,current,GBP,2024-07-14,,1000.00
12137,2045,current,GBP,2025-08-28,,2000.00
12138,539,savings,GBP,2024-09-14,,0.00
12139,415,loan,GBP,2024-04-02,2024-11-08,0.00
12140,3702,current,GBP,2025-02-03,,2000.00
12141,10,savings,GBP,2025-11-24,2026-08-14,0.00
12142,8551,savings,GBP,2024-04-30,,0.00
12143,697,current,EUR,2024-10-28,,500.00
12144,65,current,GBP,2024-04-18,,1000.00
12145,6,loan,GBP,2024-07-07,,0.00
12146,18,savings,USD,2025-04-27,,0.00
12147,8,current,GBP,2025-06-11,,2000.00
12148,1,loan,GBP,2025-03-24,,0.00
12149,1,current,GBP,2024-05-05,,2000.00
12150,50,loan,GBP,2024-01-29,,0.00
12151,21,loan,GBP,2025-11-16,,0.00
12152,52,savings,GBP,2024-10-02,,0.00
12153,5,current,USD,2025-11-03,,2000.00
12154,33,savings,USD,2024-01-21,,0.00
12155,5,current,GBP,2025-07-01,,250.00
12156,1,credit_card,USD,2024-07-27,,0.00
12157,10,savings,USD,2025-04-24,,0.00
12158,498,current,GBP,2025-06-09,,1000.00
12159,1,current,GBP,2025-09-09,,250.00
12160,3,savings,GBP,2025-03-04,,0.00
12161,1,current,GBP,2025-01-07,,2000.00
12162,5,current,GBP,2025-02-02,,2000.00
12163,2326,savings,GBP,2025-08-10,,0.00
12164,1,credit_card,USD,2024-01-14,,0.00
12165,15,credit_card,EUR,2025-05-14,,0.00
12166,235,savings,GBP,2024-01-03,,0.00
12167,1,current,GBP,2024-06-12,,2000.00
12168,74,current,GBP,2025-08-05,2026-09-30,0.00
12169,1,credit_card,GBP,2025-01-08,,0.00
12170,1490,savings,GBP,2025-04-22,,0.00
12171,6,current,GBP,2025-06-02,,2000.00
12172,1,current,GBP,2025-04-20,,1000.00
12173,7,current,GBP,2025-02-13,,250.00
12174,59,loan,GBP,2024-07-28,,0.00
12175,5,current,USD,2025-12-04,,0.00
12176,8,savings,GBP,2024-03-24,,0.00
12177,1865,savings,EUR,2025-02-23,,0.00
12178,6,savings,GBP,2025-10-10,,0.00
12179,164,current,GBP,2025-10-11,,1000.00
12180,3,current,GBP,2025-03-07,,2000.00
12181,1,current,GBP,2024-10-01,,0.00
12182,967,savings,GBP,2024-02-24,,0.00
12183,4,savings,GBP,2025-06-03,,0.00
12184,84,current,GBP,2024-04-20,,500.00
12185,1832,current,EUR,2024-04-01,,0.00
12186,2,loan,GBP,2025-08-01,,0.00
12187,1,credit_card,GBP,2024-02-19,2024-12-16,0.00
12188,3125,loan,GBP,2025-04-03,,0.00
12189,68,savings,GBP,2025-03-31,,0.00
12190,1,credit_card,GBP,2025-07-16,,0.00
12191,4,current,EUR,2024-05-10,,1000.00
12192,14,current,GBP,2025-12-30,,2000.00
12193,4,savings,EUR,2025-10-28,,0.00
12194,5707,savings,GBP,2025-01-04,,0.00
12195,27,current,GBP,2024-04-01,,250.00
12196,51,current,USD,2024-07-02,,0.00
12197,31,credit_card,GBP,2025-01-08,,0.00
12198,1,current,GBP,2025-01-11,,2000.00
12199,149,credit_card,GBP,2025-04-21,,0.00
12200,8,current,GBP,2024-06-16,,0.00
12201,1423,savings,GBP,2025-10-07,,0.00
12202,2,savings,GBP,2024-01-09,,0.00
12203,2,savings,EUR,2025-02-19,,0.00
12204,49,savings,GBP,2024-06-20,,0.00
12205,2,current,USD,2024-06-21,2024-11-13,1000.00
12206,25,current,GBP,2024-12-05,,2000.00
12207,7246,savings,GBP,2024-01-06,,0.00
12208,1,savings,GBP,2025-06-09,,0.00
12209,94,savings,GBP,2025-01-04,,0.00
12210,7,loan,GBP,2025-05-30,,0.00
12211,4,savings,GBP,2024-05-01,,0.00
12212,1348,savings,USD,2025-01-10,2026-03-14,0.00
12213,38,loan,EUR,2024-08-22,,0.00
12214,1,savings,GBP,2024-06-18,,0.00
12215,7138,savings,GBP,2024-03-25,,0.00
12216,179,current,USD,2024-12-14,,2000.00
12217,20,current,GBP,2024-10-19,,250.00
12218,2396,current,EUR,2025-08-29,,1000.00
12219,9,savings,GBP,2025-12-28,2027-04-23,0.00
12220,5,current,USD,2025-05-17,,500.00
12221,1,credit_card,GBP,2024-06-06,,0.00
12222,15,current,GBP,2024-01-01,,1000.00
12223,45,current,EUR,2024-04-03,,2000.00
12224,932,savings,GBP,2024-01-14,,0.00
12225,86,current,GBP,2025-04-15,,2000.00
12226,3746,current,USD,2025-06-09,,0.00
12227,48,current,EUR,2025-05-26,,250.00
12228,40,savings,GBP,2025-01-14,,0.00
12229,4342,savings,USD,2024-09-06,,0.00
12230,139,savings,USD,2024-08-01,,0.00
12231,109,credit_card,EUR,2025-08-09,,0.00
12232,2,credit_card,GBP,2024-07-21,2025-09-06,0.00
12233,49,savings,GBP,2025-04-12,,0.00
12234,763,current,GBP,2025-12-06,,250.00
12235,519,current,EUR,2024-03-15,,250.00
12236,1957,savings,GBP,2024-04-15,,0.00
12237,48,current,USD,2024-02-07,2024-03-19,500.00
12238,6429,savings,EUR,2025-03-08,,0.00
12239,5578,savings,EUR,2024-11-26,,0.00
12240,1,savings,USD,2025-01-12,,0.00
12241,1,current,GBP,2025-09-30,2026-09-23,0.00
12242,7,current,EUR,2024-07-23,,250.00
12243,88,savings,GBP,2024-09-21,,0.00
12244,3,savings,GBP,2025-05-27,,0.00
12245,2,current,EUR,2025-06-14,,0.00
12246,1,savings,GBP,2025-05-01,,0.00
12247,2,current,USD,2024-05-24,,250.00
12248,15,loan,GBP,2025-06-04,,0.00
12249,1,current,GBP,2024-11-30,,250.00
12250,79,savings,GBP,2024-10-25,,0.00
12251,1,savings,GBP,2024-02-10,,0.00
12252,5,current,GBP,2024-05-27,,2000.00
12253,150,credit_card,EUR,2024-12-18,,0.00
12254,1,savings,USD,2025-08-12,,0.00
12255,5384,current,EUR,2024-12-04,,0.00
12256,55,savings,USD,2025-09-24,2026-01-19,0.00
12257,10,savings,GBP,2024-07-27,,0.00
12258,892,credit_card,GBP,2025-01-17,,0.00
12259,110,savings,GBP,2024-09-25,,0.00
12260,5,loan,GBP,2024-03-05,,0.00
12261,1,loan,GBP,2024-07-19,,0.00
12262,8672,savings,GBP,2024-03-12,,0.00
12263,7,credit_card,EUR,2025-07-03,,0.00
12264,7,savings,EUR,2024-05-11,,0.00
12265,2,savings,EUR,2024-03-06,,0.00
12266,20,current,GBP,2025-04-27,,2000.00
12267,10,savings,GBP,2024-02-07,,0.00
12268,3,loan,EUR,2024-08-04,2025-08-08,0.00
12269,5,credit_card,GBP,2024-05-10,,0.00
12270,7,current,USD,2024-06-28,,1000.00
12271,2,current,GBP,2024-08-11,2025-08-10,0.00
12272,13,savings,USD,2025-03-03,,0.00
12273,68,savings,GBP,2024-07-17,,0.00
12274,349,savings,GBP,2024-06-28,,0.00
12275,2,current,EUR,2024-03-23,,1000.00
12276,17,current,GBP,2025-05-03,,2000.00
12277,22,credit_card,GBP,2025-09-07,,0.00
12278,499,credit_card,EUR,2024-10-03,,0.00
12279,60,savings,GBP,2025-08-06,,0.00
12280,1917,loan,EUR,2024-05-12,,0.00
12281,14,current,GBP,2024-12-13,,250.00
12282,1810,current,USD,2024-01-23,,250.00
12283,1,current,USD,2024-06-30,,250.00
12284,30,credit_card,GBP,2025-02-24,,0.00
12285,1240,current,EUR,2025-09-12,,2000.00
12286,13,current,EUR,2025-05-19,,0.00
12287,437,savings,GBP,2024-04-01,2025-05-03,0.00
12288,380,current,GBP,2025-02-26,,2000.00
12289,4,savings,USD,2025-03-09,,0.00
12290,2,current,GBP,2024-01-16,,2000.00
12291,8,current,GBP,2024-10-01,,1000.00
12292,1,savings,GBP,2024-01-22,,0.00
12293,4036,savings,USD,2024-10-24,,0.00
12294,67,current,GBP,2024-10-01,,500.00
12295,29,current,EUR,2025-06-26,,250.00
12296,3,current,USD,2025-06-25,,500.00
12297,4,savings,GBP,2025-05-14,,0.00
12298,1,savings,GBP,2024-12-01,,0.00
12299,1,current,GBP,2024-01-18,,500.00
12300,1,savings,GBP,2024-11-11,,0.00
12301,5,credit_card,EUR,2024-07-20,,0.00
12302,1,savings,USD,2025-12-17,,0.00
12303,2,loan,GBP,2024-02-05,,0.00
12304,204,credit_card,GBP,2025-04-15,,0.00
12305,323,savings,GBP,2025-06-26,,0.00
12306,5,current,USD,2024-11-05,,2000.00
12307,135,current,GBP,2025-12-27,,500.00
12308,22,savings,GBP,2024-02-13,,0.00
12309,1550,savings,GBP,2024-02-26,,0.00
12310,3,current,GBP,2025-06-03,,250.00
12311,15,current,USD,2024-07-15,2025-06-12,250.00
12312,34,savings,USD,2025-06-25,,0.00
12313,332,savings,EUR,2025-10-15,,0.00
12314,3,current,EUR,2025-11-24,,500.00
12315,145,current,GBP,2025-04-05,,250.00
12316,1,savings,GBP,2024-10-03,,0.00
12317,337,savings,GBP,2024-02-17,,0.00
12318,1908,current,EUR,2025-08-30,,2000.00
12319,208,credit_card,GBP,2024-09-30,2025-11-02,0.00
12320,45,loan,GBP,2025-09-12,,0.00
12321,93,current,GBP,2025-07-06,,250.00
12322,6,current,USD,2024-06-26,,1000.00
12323,910,credit_card,GBP,2024-09-05,,0.00
12324,802,current,GBP,2024-01-31,,500.00
12325,43,savings,GBP,2024-12-29,,0.00
12326,1,current,GBP,2025-05-21,,250.00
12327,2735,credit_card,GBP,2024-04-22,,0.00
12328,751,current,GBP,2024-12-07,,250.00
12329,4100,savings,EUR,2025-10-21,,0.00
12330,4071,savings,GBP,2024-12-22,,0.00
12331,10,savings,GBP,2024-05-05,,0.00
12332,241,current,GBP,2025-07-03,,250.00
12333,31,current,USD,2025-08-29,,2000.00
12334,2,credit_card,GBP,2024-02-13,2025-05-31,0.00
12335,2,current,GBP,2025-08-31,,2000.00
12336,17,current,GBP,2024-12-21,,500.00
12337,6,current,GBP,2025-05-28,,250.00
12338,317,savings,USD,2024-03-07,,0.00
12339,256,current,GBP,2025-12-09,,1000.00
12340,23,savings,EUR,2024-05-29,,0.00
12341,1,current,GBP,2024-02-02,,0.00
12342,3,loan,GBP,2024-12-25,,0.00
12343,16,credit_card,EUR,2024-01-23,,0.00
12344,1,credit_card,EUR,2024-01-16,,0.00
12345,210,savings,GBP,2024-09-29,,0.00
12346,4,current,EUR,2025-05-01,,500.00
12347,7,current,GBP,2024-09-26,,2000.00
12348,451,current,GBP,2025-05-19,,0.00
12349,10,current,USD,2025-01-07,,1000.00
12350,3398,credit_card,EUR,2025-12-16,,0.00
12351,2,savings,USD,2025-05-31,,0.00
12352,1,credit_card,GBP,2025-01-23,,0.00
12353,4,savings,USD,2025-03-22,,0.00
12354,1476,current,GBP,2024-06-01,,500.00
12355,4,savings,EUR,2024-05-22,,0.00
12356,267,credit_card,USD,2024-01-05,,0.00
12357,1068,current,GBP,2025-08-25,,250.00
12358,6181,savings,GBP,2025-10-07,,0.00
12359,1106,current,GBP,2025-01-19,,250.00
12360,3623,savings,GBP,2024-02-17,2024-07-04,0.00
12361,4,current,GBP,2024-01-22,,0.00
12362,3401,credit_card,GBP,2025-07-17,2026-01-05,0.00
12363,1,savings,GBP,2025-02-17,,0.00
12364,82,loan,GBP,2025-05-01,,0.00
12365,1336,current,USD,2024-01-20,2025-05-08,1000.00
12366,464,savings,GBP,2025-11-16,,0.00
12367,127,current,GBP,2025-01-08,,2000.00
12368,1,savings,GBP,2024-08-07,,0.00
12369,4145,current,EUR,2024-08-09,,2000.00
12370,114,current,GBP,2024-08-07,2025-11-10,500.00
12371,6,current,GBP,2025-05-24,,0.00
12372,14,current,GBP,2024-04-14,,1000.00
12373,566,credit_card,GBP,2024-09-13,,0.00
12374,2,current,USD,2024-05-27,,1000.00
12375,625,current,GBP,2025-11-08,,1000.00
12376,4899,savings,USD,2025-10-30,,0.00
12377,12,current,GBP,2024-11-05,2025-12-26,0.00
12378,36,credit_card,GBP,2025-03-08,,0.00
12379,5947,credit_card,EUR,2024-11-02,2025-11-23,0.00
12380,1,current,USD,2025-03-19,,250.00
12381,1,credit_card,GBP,2025-05-10,,0.00
12382,37,current,GBP,2024-12-23,,250.00
12383,26,current,USD,2024-09-08,,2000.00
12384,942,savings,GBP,2024-04-21,,0.00
12385,149,current,GBP,2024-04-20,,0.00
12386,789,current,GBP,2025-06-23,,250.00
12387,14,savings,GBP,2024-10-19,2024-11-30,0.00
12388,1,current,EUR,2025-12-24,,0.00
12389,55,savings,USD,2025-11-30,,0.00
12390,51,savings,EUR,2025-11-12,,0.00
12391,1,credit_card,GBP,2024-08-25,,0.00
12392,4326,savings,GBP,2024-05-19,,0.00
12393,1160,current,EUR,2024-10-12,,0.00
12394,17,current,GBP,2024-06-08,2024-11-23,500.00
12395,169,savings,GBP,2024-01-31,,0.00
12396,45,credit_card,USD,2024-09-01,,0.00
12397,13,loan,GBP,2024-01-28,,0.00
12398,209,loan,USD,2024-04-18,,0.00
12399,159,savings,GBP,2024-12-14,,0.00
12400,1,current,GBP,2025-07-07,,250.00
12401,58,savings,GBP,2025-04-07,,0.00
12402,2164,current,GBP,2025-10-27,,1000.00
12403,686,savings,GBP,2024-03-31,,0.00
12404,38,loan,USD,2025-03-13,,0.00
12405,10,savings,USD,2025-09-15,,0.00
12406,42,current,GBP,2024-11-18,,1000.00
12407,1,credit_card,GBP,2025-04-08,,0.00
12408,15,credit_card,GBP,2025-08-04,,0.00
12409,3,savings,EUR,2025-08-12,,0.00
12410,9,savings,USD,2024-01-21,,0.00
12411,8,savings,GBP,2024-04-26,,0.00
12412,2,savings,GBP,2024-11-09,,0.00
12413,276,savings,EUR,2025-12-30,,0.00
12414,41,current,GBP,2024-01-14,,1000.00
12415,59,savings,GBP,2024-10-23,,0.00
12416,735,credit_card,GBP,2024-05-10,,0.00
12417,655,current,GBP,2025-05-28,,2000.00
12418,593,loan,GBP,2025-10-18,2026-08-11,0.00
12419,383,current,GBP,2024-11-30,,1000.00
12420,723,current,USD,2024-09-14,,250.00
12421,2,loan,GBP,2024-05-06,,0.00
12422,1762,current,USD,2024-11-13,,2000.00
12423,54,savings,EUR,2024-12-11,,0.00
12424,57,savings,GBP,2024-01-23,,0.00
12425,4,current,GBP,2025-12-29,,500.00
12426,1,credit_card,GBP,2024-06-10,2025-08-13,0.00
12427,7,current,USD,2024-10-21,,1000.00
12428,1,savings,USD,2025-06-12,,0.00
12429,6,current,GBP,2025-09-08,,250.00
12430,3017,savings,GBP,2024-05-19,,0.00
12431,63,current,EUR,2024-02-11,2024-12-30,500.00
12432,1888,current,USD,2024-04-26,,0.00
12433,1,current,GBP,2024-07-27,,500.00
12434,168,current,GBP,2025-11-16,,500.00
12435,18,savings,GBP,2025-01-18,,0.00
12436,44,savings,USD,2024-12-22,2026-02-18,0.00
12437,25,current,GBP,2025-01-30,,0.00
12438,971,credit_card,GBP,2025-06-25,,0.00
12439,790,savings,USD,2025-09-08,,0.00
12440,1,current,GBP,2024-10-13,,1000.00
12441,110,loan,GBP,2024-05-27,,0.00
12442,41,savings,USD,2025-07-21,,0.00
12443,461,savings,GBP,2024-12-17,,0.00
12444,13,current,EUR,2024-11-03,,500.00
12445,462,current,GBP,2024-11-14,,250.00
12446,60,savings,GBP,2024-04-23,,0.00
12447,1,credit_card,GBP,2024-12-08,,0.00
12448,8,savings,USD,2025-11-23,,0.00
12449,1,current,USD,2025-09-18,,500.00
12450,391,current,EUR,2025-04-20,,1000.00
12451,1,current,GBP,2025-10-12,,2000.00
12452,662,current,GBP,2025-10-12,2026-07-22,500.00
12453,12,current,USD,2025-11-07,,1000.00
12454,1,current,GBP,2025-03-10,,500.00
12455,20,loan,GBP,2025-07-10,,0.00
12456,40,current,GBP,2024-12-05,,1000.00
12457,53,savings,GBP,2025-06-20,,0.00
12458,12,current,GBP,2025-01-01,,500.00
12459,1,current,GBP,2024-12-14,,500.00
12460,15,current,USD,2024-03-10,,250.00
12461,1749,current,GBP,2025-03-08,,0.00
12462,79,current,EUR,2024-03-16,,2000.00
12463,113,credit_card,USD,2024-05-09,,0.00
12464,63,current,GBP,2025-06-14,,0.00
12465,11,credit_card,GBP,2025-11-26,,0.00
12466,306,current,GBP,2025-05-17,,250.00
12467,35,current,USD,2025-07-10,,0.00
12468,2005,loan,GBP,2025-08-01,,0.00
12469,830,savings,GBP,2024-12-05,,0.00
12470,25,savings,USD,2024-03-16,,0.00
12471,4,current,GBP,2025-03-30,,250.00
12472,27,current,GBP,2025-06-07,,250.00
12473,1,savings,GBP,2024-07-06,,0.00
12474,19,current,GBP,2024-01-17,,250.00
12475,71,current,GBP,2024-12-07,,0.00
12476,118,loan,GBP,2024-11-06,,0.00
12477,85,current,GBP,2024-03-10,,250.00
12478,677,current,GBP,2024-11-11,,250.00
12479,1,current,GBP,2025-11-02,2026-11-25,2000.00
12480,22,credit_card,EUR,2024-11-17,,0.00
12481,7,current,EUR,2024-11-05,,1000.00
12482,2,credit_card,EUR,2024-03-11,,0.00
12483,2,current,GBP,2024-06-09,,250.00
12484,75,current,GBP,2025-10-28,,0.00
12485,8,savings,EUR,2024-01-23,,0.00
12486,1,savings,USD,2025-02-16,,0.00
12487,38,credit_card,GBP,2025-06-10,,0.00
12488,14,savings,USD,2024-08-24,2025-07-14,0.00
12489,14,loan,EUR,2025-11-07,,0.00
12490,100,current,GBP,2024-08-04,,250.00
12491,314,loan,GBP,2024-07-12,,0.00
12492,280,credit_card,USD,2025-05-05,,0.00
12493,1041,savings,GBP,2024-11-02,2024-12-17,0.00
12494,7,savings,USD,2024-04-17,,0.00
12495,706,credit_card,EUR,2025-08-03,,0.00
12496,3,current,USD,2025-01-08,,1000.00
12497,4551,savings,GBP,2024-05-12,,0.00
12498,137,savings,EUR,2024-08-07,,0.00
12499,58,current,GBP,2024-02-09,,500.00
12500,17,loan,EUR,2025-04-13,,0.00
12501,933,current,GBP,2024-10-20,,1000.00
12502,1,current,GBP,2025-07-20,2025-11-23,500.00
12503,6,current,GBP,2025-03-10,,500.00
12504,451,current,USD,2024-01-05,,2000.00
12505,67,loan,USD,2025-03-26,,0.00
12506,1,credit_card,GBP,2025-07-21,,0.00
12507,6,current,EUR,2024-09-08,,0.00
12508,7,current,GBP,2025-04-22,,250.00
12509,9,current,GBP,2025-12-06,,500.00
12510,461,current,USD,2024-09-13,,0.00
12511,48,current,GBP,2024-12-06,,500.00
12512,326,current,USD,2025-07-20,,2000.00
12513,452,savings,GBP,2024-02-23,,0.00
12514,648,savings,GBP,2024-08-05,,0.00
12515,112,current,GBP,2025-11-17,,2000.00
12516,662,current,GBP,2025-10-11,,250.00
12517,1,current,GBP,2024-12-21,,500.00
12518,380,savings,GBP,2025-02-21,,0.00
12519,156,current,USD,2025-01-30,,1000.00
12520,1231,credit_card,USD,2024-05-16,,0.00
12521,1,savings,GBP,2024-12-06,,0.00
12522,2510,current,GBP,2025-01-01,,250.00
12523,581,credit_card,EUR,2025-11-02,,0.00
12524,1846,savings,GBP,2025-05-30,,0.00
12525,134,savings,EUR,2024-06-16,,0.00
12526,66,current,GBP,2024-02-12,,250.00
12527,2,current,USD,2025-11-12,,0.00
12528,9,current,EUR,2025-09-29,,2000.00
12529,1178,current,USD,2024-03-29,,1000.00
12530,32,current,USD,2024-03-26,,500.00
12531,69,savings,GBP,2024-11-29,,0.00
12532,44,current,GBP,2024-03-20,,2000.00
12533,45,current,GBP,2025-02-26,,2000.00
12534,7670,current,GBP,2024-05-08,,1000.00
12535,53,current,GBP,2025-12-16,,0.00
12536,5,savings,GBP,2025-12-09,,0.00
12537,28,savings,EUR,2025-11-01,,0.00
12538,1,current,GBP,2024-08-10,,2000.00
12539,135,savings,GBP,2025-12-31,,0.00
12540,1,savings,GBP,2025-09-05,,0.00
12541,2953,current,GBP,2024-02-22,2025-02-18,1000.00
12542,1090,savings,USD,2025-01-14,,0.00
12543,501,credit_card,USD,2024-06-30,,0.00
12544,2513,savings,GBP,2024-05-17,,0.00
12545,12,current,GBP,2025-05-09,,2000.00
12546,1,credit_card,GBP,2024-11-14,,0.00
12547,2262,current,GBP,2025-10-25,,1000.00
12548,28,current,GBP,2024-08-23,,1000.00
12549,4,current,USD,2024-12-04,,1000.00
12550,8,savings,GBP,2025-05-20,,0.00
12551,1,current,GBP,2025-11-25,,0.00
12552,4,current,USD,2025-08-28,,500.00
12553,5013,current,USD,2025-11-22,,1000.00
12554,2,current,GBP,2025-10-13,,2000.00
12555,255,current,GBP,2025-12-13,,0.00
12556,19,current,USD,2025-06-05,,1000.00
12557,1,current,GBP,2025-09-13,,500.00
12558,8,savings,GBP,2025-02-17,,0.00
12559,3,current,USD,2024-05-13,,2000.00
12560,7,savings,GBP,2025-08-25,,0.00
12561,58,current,USD,2024-04-29,,0.00
12562,15,current,GBP,2024-08-15,,500.00
12563,6,savings,USD,2025-06-23,,0.00
12564,1,savings,USD,2025-07-13,,0.00
12565,4,loan,EUR,2025-02-18,,0.00
12566,14,current,USD,2025-06-15,,2000.00
12567,763,current,EUR,2025-12-18,,0.00
12568,19,savings,EUR,2025-06-30,,0.00
12569,18,savings,GBP,2025-11-23,,0.00
12570,1,current,GBP,2025-09-11,2025-10-26,250.00
12571,72,current,GBP,2024-07-08,,250.00
12572,22,current,GBP,2024-07-09,,2000.00
12573,835,savings,GBP,2025-05-02,2025-07-18,0.00
12574,137,current,GBP,2024-10-17,,500.00
12575,10,current,GBP,2025-06-04,,2000.00
12576,30,savings,GBP,2025-12-05,,0.00
12577,1,savings,GBP,2025-03-03,,0.00
12578,21,loan,GBP,2024-10-13,,0.00
12579,69,loan,GBP,2024-09-16,,0.00
12580,26,current,EUR,2025-04-09,,500.00
12581,4,credit_card,USD,2025-05-24,,0.00
12582,1,credit_card,GBP,2025-11-28,,0.00
12583,4466,current,GBP,2024-03-12,,250.00
12584,110,current,EUR,2024-11-18,,500.00
12585,1714,current,GBP,2025-05-27,,1000.00
12586,990,current,GBP,2024-12-25,2026-04-25,1000.00
12587,71,savings,GBP,2024-02-20,,0.00
12588,695,current,GBP,2025-05-06,,500.00
12589,1,current,GBP,2024-08-14,,2000.00
12590,9,current,EUR,2025-07-30,,250.00
12591,435,current,USD,2025-01-31,,500.00
12592,50,savings,GBP,2024-06-04,,0.00
12593,2,loan,GBP,2024-03-09,,0.00
12594,3,credit_card,GBP,2024-11-09,,0.00
12595,1095,savings,USD,2025-12-16,,0.00
12596,101,savings,GBP,2024-11-23,,0.00
12597,6657,current,GBP,2025-08-25,,500.00
12598,693,credit_card,GBP,2025-11-21,2026-04-17,0.00
12599,31,savings,GBP,2024-12-31,2025-08-14,0.00
12600,15,savings,GBP,2025-09-10,,0.00
12601,295,current,EUR,2025-09-26,,2000.00
12602,8108,savings,GBP,2024-10-30,,0.00
12603,2,savings,GBP,2025-06-16,,0.00
12604,887,credit_card,GBP,2025-01-05,,0.00
12605,160,current,GBP,2025-10-23,2026-05-07,0.00
12606,4,savings,EUR,2025-01-15,2026-04-21,0.00
12607,24,savings,USD,2025-05-29,,0.00
12608,5,current,GBP,2024-06-03,,250.00
12609,1347,credit_card,USD,2025-11-01,,0.00
12610,159,current,EUR,2025-01-22,,0.00
12611,1936,current,GBP,2024-08-15,,0.00
12612,2205,current,GBP,2024-05-24,,1000.00
12613,51,current,GBP,2025-12-20,2027-04-12,500.00
12614,3,savings,EUR,2024-03-21,,0.00
12615,1100,current,GBP,2024-02-09,,2000.00
12616,27,savings,GBP,2024-01-06,2024-09-04,0.00
12617,12,current,GBP,2025-08-25,,2000.00
12618,847,current,GBP,2024-02-29,,2000.00
12619,202,current,GBP,2024-03-07,,2000.00
12620,1627,loan,GBP,2025-06-09,,0.00
12621,3,current,GBP,2024-06-27,,1000.00
12622,662,current,GBP,2025-12-09,2027-03-03,2000.00
12623,8,savings,EUR,2024-12-30,,0.00
12624,472,credit_card,GBP,2024-12-26,,0.00
12625,258,credit_card,GBP,2024-05-09,,0.00
12626,1,current,USD,2025-12-17,,0.00
12627,56,savings,GBP,2024-12-05,,0.00
12628,73,current,USD,2025-11-25,,2000.00
12629,5,savings,GBP,2024-03-24,,0.00
12630,1,current,USD,2025-03-17,,2000.00
12631,4,credit_card,GBP,2024-09-23,,0.00
12632,118,credit_card,GBP,2025-04-19,,0.00
12633,43,current,USD,2025-09-02,,2000.00
12634,111,current,GBP,2025-12-22,2026-10-01,1000.00
12635,1609,loan,USD,2024-08-22,,0.00
12636,78,current,USD,2025-04-25,,500.00
12637,19,current,GBP,2025-07-21,,0.00
12638,293,savings,USD,2024-03-26,,0.00
12639,689,savings,GBP,2024-08-22,,0.00
12640,846,current,GBP,2025-12-30,,2000.00
12641,7430,savings,USD,2025-04-07,,0.00
12642,20,current,GBP,2024-01-09,,250.00
12643,5114,current,GBP,2024-04-05,,0.00
12644,1,credit_card,EUR,2025-01-31,,0.00
12645,3521,current,EUR,2024-05-28,,0.00
12646,266,savings,USD,2024-09-08,,0.00
12647,3,savings,GBP,2025-01-11,,0.00
12648,1,current,USD,2024-11-14,,0.00
12649,5,savings,USD,2025-07-09,,0.00
12650,3078,current,USD,2025-01-11,,2000.00
12651,3194,savings,GBP,2025-03-18,,0.00
12652,693,savings,GBP,2025-06-22,,0.00
12653,6,credit_card,GBP,2024-02-14,,0.00
12654,5,savings,USD,2024-09-06,,0.00
12655,89,credit_card,GBP,2025-02-21,,0.00
12656,16,credit_card,USD,2024-07-22,,0.00
12657,2,savings,GBP,2025-10-28,2026-04-05,0.00
12658,1,current,EUR,2024-12-05,,2000.00
12659,25,savings,EUR,2024-12-09,,0.00
12660,2,current,USD,2025-09-11,,500.00
12661,123,current,GBP,2025-01-18,,0.00
12662,2,current,USD,2025-04-18,,250.00
12663,131,loan,GBP,2024-06-16,,0.00
12664,259,savings,GBP,2024-08-29,,0.00
12665,99,credit_card,GBP,2025-05-25,,0.00
12666,89,savings,GBP,2024-11-21,,0.00
12667,6750,current,USD,2025-12-27,,250.00
12668,366,current,GBP,2024-11-18,,500.00
12669,6348,loan,USD,2025-11-13,,0.00
12670,353,savings,EUR,2024-03-16,,0.00
12671,1,savings,GBP,2024-10-01,,0.00
12672,203,current,USD,2024-12-23,,250.00
12673,215,credit_card,USD,2024-02-06,,0.00
12674,1,savings,USD,2025-01-13,,0.00
12675,141,savings,GBP,2024-09-21,,0.00
12676,1,current,EUR,2025-10-23,,2000.00
12677,2,savings,GBP,2024-04-08,,0.00
12678,2003,current,GBP,2024-12-25,,500.00
12679,17,current,GBP,2024-06-24,,250.00
12680,65,current,EUR,2025-04-14,,250.00
12681,4,savings,GBP,2025-05-13,,0.00
12682,4707,current,USD,2025-02-05,,1000.00
12683,1,current,GBP,2025-11-21,,500.00
12684,954,savings,USD,2025-04-23,,0.00
12685,663,savings,USD,2025-01-24,,0.00
12686,114,current,GBP,2024-01-27,,1000.00
12687,8,savings,GBP,2024-06-28,,0.00
12688,184,savings,GBP,2025-07-20,,0.00
12689,3,loan,USD,2024-09-25,,0.00
12690,73,current,GBP,2024-09-16,,0.00
12691,1,credit_card,USD,2024-03-01,,0.00
12692,13,current,GBP,2025-04-13,,500.00
12693,11,savings,USD,2025-04-26,,0.00
12694,4,current,GBP,2025-09-14,,500.00
12695,122,current,GBP,2024-04-19,,2000.00
12696,17,current,GBP,2025-06-06,,0.00
12697,22,loan,USD,2024-11-16,,0.00
12698,18,savings,GBP,2024-09-19,,0.00
12699,2,current,GBP,2025-03-06,,500.00
12700,1645,credit_card,GBP,2025-02-26,,0.00
12701,768,credit_card,GBP,2024-04-07,,0.00
12702,14,savings,GBP,2024-02-01,,0.00
12703,683,current,GBP,2025-12-08,,0.00
12704,4159,current,GBP,2025-12-28,,0.00
12705,64,current,GBP,2025-05-20,,0.00
12706,23,current,USD,2025-07-05,,250.00
12707,5,current,GBP,2024-08-01,,250.00
12708,5798,savings,GBP,2025-12-10,2026-11-16,0.00
12709,77,savings,EUR,2025-05-25,,0.00
12710,3,savings,GBP,2024-11-01,,0.00
12711,271,current,GBP,2024-09-02,,1000.00
12712,3,savings,GBP,2025-09-01,,0.00
12713,3739,savings,GBP,2025-12-26,,0.00
12714,2,current,GBP,2024-11-01,,2000.00
12715,12,savings,USD,2025-04-16,2025-12-20,0.00
12716,1,savings,GBP,2025-04-01,,0.00
12717,8,credit_card,GBP,2024-09-27,,0.00
12718,2471,current,GBP,2024-01-25,,0.00
12719,39,credit_card,GBP,2024-09-07,,0.00
12720,54,current,EUR,2024-01-01,,250.00
12721,5,current,GBP,2024-11-23,,1000.00
12722,2,current,GBP,2024-12-25,,0.00
12723,5,credit_card,GBP,2024-06-29,,0.00
12724,37,savings,GBP,2025-05-10,,0.00
12725,1,loan,GBP,2024-12-13,,0.00
12726,26,savings,GBP,2024-08-16,,0.00
12727,1091,current,GBP,2025-02-26,,250.00
12728,4,credit_card,GBP,2025-03-19,,0.00
12729,18,current,EUR,2024-05-22,,0.00
12730,1,current,GBP,2025-11-03,,2000.00
12731,220,current,GBP,2024-05-02,,1000.00
12732,275,current,GBP,2025-12-17,,0.00
12733,14,current,GBP,2024-04-02,,500.00
12734,89,current,GBP,2025-07-03,,1000.00
12735,2,current,GBP,2024-04-23,,250.00
12736,169,current,USD,2024-04-14,,500.00
12737,6204,current,GBP,2025-05-31,,2000.00
12738,1688,savings,EUR,2025-11-27,,0.00
12739,3,current,USD,2025-12-29,,250.00
12740,4,current,USD,2024-10-01,,0.00
12741,7,savings,EUR,2025-04-10,,0.00
12742,351,savings,GBP,2024-10-24,,0.00
12743,13,savings,GBP,2025-04-14,,0.00
12744,1957,current,GBP,2025-08-13,,0.00
12745,1,current,USD,2024-09-30,,500.00
12746,1,current,EUR,2025-04-12,,2000.00
12747,17,credit_card,EUR,2024-11-23,,0.00
12748,2,current,GBP,2024-09-17,,0.00
12749,94,current,GBP,2025-10-20,,2000.00
12750,1,loan,USD,2024-07-07,,0.00
12751,348,credit_card,GBP,2024-12-21,,0.00
12752,2,loan,USD,2025-05-08,,0.00
12753,23,savings,GBP,2024-03-09,,0.00
12754,25,current,GBP,2024-08-31,,2000.00
12755,1,savings,GBP,2025-04-19,,0.00
12756,11,current,EUR,2024-02-14,,2000.00
12757,1964,loan,GBP,2025-02-24,,0.00
12758,1,credit_card,GBP,2024-08-09,,0.00
12759,3,current,GBP,2024-10-31,,2000.00
12760,45,savings,GBP,2024-09-21,,0.00
12761,7,savings,USD,2025-08-17,2026-09-27,0.00
12762,386,credit_card,EUR,2025-12-18,,0.00
12763,115,savings,USD,2024-06-20,,0.00
12764,11,savings,GBP,2024-12-16,,0.00
12765,2699,savings,EUR,2025-06-02,,0.00
12766,28,current,EUR,2024-07-10,,1000.00
12767,2,savings,EUR,2024-03-21,,0.00
12768,3,current,USD,2024-01-14,,1000.00
12769,26,savings,GBP,2024-07-18,,0.00
12770,4,current,GBP,2024-02-10,,500.00
12771,122,savings,USD,2025-05-27,,0.00
12772,5,loan,EUR,2024-10-06,,0.00
12773,76,current,GBP,2025-05-02,,0.00
12774,33,current,GBP,2025-07-12,2026-08-31,0.00
12775,2,credit_card,GBP,2024-03-14,,0.00
12776,25,current,GBP,2024-09-16,,2000.00
12777,52,current,GBP,2024-12-25,,0.00
12778,2,savings,GBP,2024-07-26,,0.00
12779,810,savings,GBP,2025-03-15,,0.00
12780,35,current,GBP,2024-04-11,,1000.00
12781,5320,loan,GBP,2024-08-22,,0.00
12782,19,savings,USD,2024-07-27,,0.00
12783,3,savings,USD,2025-08-02,,0.00
12784,4085,current,GBP,2025-03-22,,500.00
12785,1,current,USD,2024-11-16,,2000.00
12786,10,current,USD,2024-12-05,,0.00
12787,1,savings,GBP,2025-12-07,,0.00
12788,11,current,USD,2024-04-16,,0.00
12789,386,current,GBP,2025-05-24,2025-10-10,250.00
12790,2,current,USD,2024-09-05,,0.00
12791,6622,credit_card,GBP,2025-03-23,,0.00
12792,2,current,USD,2024-06-01,,500.00
12793,1,current,GBP,2024-04-13,,0.00
12794,6,current,GBP,2025-12-07,,1000.00
12795,8,savings,GBP,2025-01-11,2026-04-05,0.00
12796,4,credit_card,EUR,2024-02-15,,0.00
12797,1,savings,GBP,2025-10-24,,0.00
12798,1,current,GBP,2025-05-20,,2000.00
12799,1,credit_card,GBP,2024-11-06,,0.00
12800,207,savings,GBP,2025-10-27,,0.00
12801,885,savings,GBP,2025-03-28,,0.00
12802,174,current,GBP,2025-05-08,,2000.00
12803,23,credit_card,GBP,2024-12-24,2025-07-21,0.00
12804,7518,current,GBP,2024-12-14,,2000.00
12805,3733,current,EUR,2024-03-23,2025-03-19,0.00
12806,1434,credit_card,GBP,2025-04-21,,0.00
12807,1051,savings,USD,2024-10-10,,0.00
12808,4,loan,GBP,2024-06-08,,0.00
12809,282,current,GBP,2024-04-10,2025-02-02,250.00
12810,416,current,GBP,2025-09-05,,2000.00
12811,20,credit_card,EUR,2025-08-12,,0.00
12812,14,savings,GBP,2024-10-27,,0.00
12813,32,credit_card,USD,2024-12-30,,0.00
12814,2,current,GBP,2024-04-08,,250.00
12815,388,savings,GBP,2024-06-24,2025-10-05,0.00
12816,5884,credit_card,GBP,2025-10-04,,0.00
12817,1064,current,GBP,2025-12-20,,0.00
12818,681,credit_card,GBP,2025-09-24,,0.00
12819,1,current,USD,2024-12-15,,500.00
12820,1,credit_card,GBP,2024-10-02,,0.00
12821,6,current,USD,2025-04-11,,1000.00
12822,43,savings,EUR,2025-02-25,,0.00
12823,5,current,GBP,2025-05-01,,0.00
12824,93,savings,USD,2025-01-22,2025-10-22,0.00
12825,7319,savings,GBP,2024-03-06,,0.00
12826,1,current,GBP,2024-09-05,,2000.00
12827,2,loan,GBP,2024-07-26,,0.00
12828,858,current,GBP,2025-09-14,,1000.00
12829,699,current,USD,2024-09-02,,250.00
12830,4,loan,EUR,2025-05-28,,0.00
12831,85,credit_card,GBP,2024-06-15,,0.00
12832,290,savings,GBP,2025-11-25,,0.00
12833,9,current,GBP,2024-12-09,,2000.00
12834,5,current,EUR,2024-01-24,,500.00
12835,941,savings,GBP,2024-03-21,,0.00
12836,330,savings,USD,2025-04-29,,0.00
12837,3,savings,GBP,2025-02-27,,0.00
12838,2,current,USD,2025-12-03,,0.00
12839,19,credit_card,GBP,2025-07-24,,0.00
12840,38,current,GBP,2024-10-07,,2000.00
12841,3,current,USD,2024-09-17,,0.00
12842,322,savings,EUR,2025-08-07,,0.00
12843,1,credit_card,GBP,2024-06-12,,0.00
12844,370,savings,USD,2025-06-26,2026-09-22,0.00
12845,133,savings,GBP,2025-12-30,,0.00
12846,20,current,GBP,2025-07-14,,250.00
12847,5,savings,EUR,2025-08-31,,0.00
12848,3740,current,GBP,2024-08-12,,1000.00
12849,7479,credit_card,GBP,2025-08-08,,0.00
12850,84,current,EUR,2024-05-31,,1000.00
12851,1460,credit_card,GBP,2025-11-25,,0.00
12852,138,savings,GBP,2024-02-21,2024-08-09,0.00
12853,20,current,USD,2025-11-21,,1000.00
12854,23,current,EUR,2025-07-02,,250.00
12855,425,savings,USD,2025-01-26,,0.00
12856,13,current,EUR,2024-11-09,2024-12-10,1000.00
12857,5722,current,GBP,2024-04-23,,250.00
12858,127,current,GBP,2025-07-04,,2000.00
12859,2,loan,USD,2025-11-30,,0.00
12860,4,savings,USD,2024-10-28,,0.00
12861,175,savings,USD,2024-04-17,,0.00
12862,26,savings,GBP,2024-07-29,,0.00
12863,1498,current,EUR,2024-09-05,,1000.00
12864,869,savings,GBP,2025-02-15,,0.00
12865,2,credit_card,GBP,2024-12-12,,0.00
12866,203,savings,GBP,2025-11-19,,0.00
12867,1534,savings,GBP,2024-12-29,,0.00
12868,207,current,EUR,2024-05-25,,0.00
12869,10,current,GBP,2025-06-27,,1000.00
12870,3,credit_card,EUR,2025-04-18,,0.00
12871,7,loan,GBP,2025-08-13,,0.00
12872,3428,current,GBP,2024-03-12,,0.00
12873,8,current,GBP,2024-08-13,,250.00
12874,987,credit_card,GBP,2025-02-12,,0.00
12875,295,savings,EUR,2024-03-16,,0.00
12876,8,savings,USD,2025-03-03,,0.00
12877,2,savings,EUR,2025-08-21,,0.00
12878,17,savings,GBP,2024-09-12,,0.00
12879,50,current,GBP,2024-05-21,,1000.00
12880,6,current,GBP,2024-07-06,,500.00
12881,315,current,GBP,2024-04-01,,2000.00
12882,10,loan,GBP,2024-12-19,,0.00
12883,569,savings,GBP,2024-08-15,,0.00
12884,1,credit_card,USD,2025-04-22,,0.00
12885,1228,savings,GBP,2024-12-06,,0.00
12886,5875,savings,GBP,2025-08-12,,0.00
12887,5969,savings,USD,2025-07-14,,0.00
12888,2,current,GBP,2024-07-10,,250.00
12889,2613,credit_card,EUR,2025-12-31,,0.00
12890,32,credit_card,GBP,2024-07-31,,0.00
12891,1,current,GBP,2025-08-27,2027-01-04,2000.00
12892,269,current,GBP,2025-10-18,,0.00
12893,1,current,USD,2024-06-22,,1000.00
12894,1,savings,GBP,2025-11-16,,0.00
12895,1,savings,EUR,2025-09-01,,0.00
12896,5,savings,EUR,2024-11-08,2025-10-30,0.00
12897,19,credit_card,GBP,2025-06-15,,0.00
12898,17,current,EUR,2025-11-13,,2000.00
12899,1190,savings,USD,2025-08-26,,0.00
12900,4471,credit_card,GBP,2025-09-17,,0.00
12901,352,current,GBP,2025-08-15,,2000.00
12902,81,credit_card,GBP,2025-09-27,,0.00
12903,2,loan,GBP,2025-10-21,2026-05-05,0.00
12904,3,savings,USD,2024-04-10,,0.00
12905,10,current,GBP,2024-04-04,,250.00
12906,644,savings,GBP,2025-11-12,,0.00
12907,11,current,GBP,2025-04-29,,2000.00
12908,7,savings,GBP,2025-08-21,,0.00
12909,4,current,GBP,2025-07-16,,2000.00
12910,706,current,GBP,2024-04-25,,500.00
12911,7047,savings,GBP,2025-06-28,,0.00
12912,6,current,EUR,2025-04-17,,1000.00
12913,2,credit_card,GBP,2025-04-13,,0.00
12914,1,current,GBP,2025-04-05,,0.00
12915,1,current,GBP,2024-09-11,,1000.00
12916,1,current,GBP,2025-03-23,,500.00
12917,16,credit_card,GBP,2025-06-04,2026-01-29,0.00
12918,1,current,EUR,2024-02-03,,1000.00
12919,82,credit_card,GBP,2024-10-01,,0.00
12920,43,current,GBP,2024-08-17,,2000.00
12921,1,savings,USD,2024-06-05,2025-08-22,0.00
12922,212,current,GBP,2025-03-07,,2000.00
12923,4886,savings,GBP,2024-04-21,,0.00
12924,2,current,EUR,2024-05-08,,1000.00
12925,35,credit_card,GBP,2025-05-31,2026-05-02,0.00
12926,143,current,USD,2024-09-22,,1000.00
12927,366,credit_card,EUR,2025-12-05,,0.00
12928,7,savings,GBP,2025-07-25,,0.00
12929,1,current,GBP,2025-12-21,,2000.00
12930,1,current,GBP,2025-09-30,,1000.00
12931,2,loan,GBP,2024-04-21,,0.00
12932,6,savings,EUR,2025-05-10,2026-01-26,0.00
12933,6,credit_card,EUR,2025-05-21,,0.00
12934,1,credit_card,EUR,2024-11-16,2025-07-11,0.00
12935,99,current,GBP,2025-12-23,,500.00
12936,43,credit_card,GBP,2024-08-12,,0.00
12937,1,savings,GBP,2024-06-12,,0.00
12938,150,current,GBP,2025-08-11,,500.00
12939,3,current,GBP,2025-09-25,,1000.00
12940,2,savings,GBP,2025-12-24,,0.00
12941,12,savings,USD,2025-08-30,,0.00
12942,132,savings,EUR,2024-06-11,,0.00
12943,1,credit_card,GBP,2025-03-25,,0.00
12944,1,savings,GBP,2024-10-05,,0.00
12945,4276,current,GBP,2024-05-03,,2000.00
12946,7,credit_card,GBP,2024-04-14,,0.00
12947,1,current,GBP,2024-08-15,,250.00
12948,18,savings,EUR,2024-12-02,,0.00
12949,4,savings,USD,2024-02-10,,0.00
12950,283,savings,GBP,2025-04-24,,0.00
12951,1876,current,GBP,2024-05-06,,250.00
12952,1,current,GBP,2025-07-15,,500.00
12953,2420,savings,GBP,2025-09-06,,0.00
12954,640,savings,GBP,2024-11-10,,0.00
12955,10,current,EUR,2025-04-06,,1000.00
12956,9,current,GBP,2025-12-25,,1000.00
12957,23,savings,GBP,2024-08-03,,0.00
12958,1,current,GBP,2024-03-24,,0.00
12959,1,savings,USD,2024-11-15,,0.00
12960,420,credit_card,GBP,2025-01-07,,0.00
12961,2,savings,GBP,2024-10-18,,0.00
12962,6392,current,GBP,2025-06-06,,0.00
12963,7,savings,EUR,2024-04-20,,0.00
12964,2,savings,USD,2025-12-08,,0.00
12965,7,credit_card,GBP,2025-08-30,,0.00
12966,1,current,GBP,2024-03-09,,2000.00
12967,661,current,USD,2025-11-15,,0.00
12968,3171,current,GBP,2025-04-10,,1000.00
12969,61,current,GBP,2025-07-19,,2000.00
12970,243,current,GBP,2024-08-08,,250.00
12971,53,savings,GBP,2024-07-30,,0.00
12972,17,current,GBP,2024-07-23,,250.00
12973,38,savings,USD,2025-08-14,,0.00
12974,1,loan,EUR,2025-12-22,,0.00
12975,986,savings,GBP,2025-11-22,,0.00
12976,952,savings,GBP,2024-11-12,,0.00
12977,202,savings,GBP,2024-11-25,,0.00
12978,1,savings,GBP,2024-06-29,,0.00
12979,458,current,GBP,2024-08-12,,0.00
12980,2,current,GBP,2025-09-26,,500.00
12981,516,credit_card,GBP,2024-07-29,2025-02-03,0.00
12982,2273,current,GBP,2024-01-25,,0.00
12983,27,current,GBP,2025-10-27,,1000.00
12984,117,savings,USD,2025-10-27,,0.00
12985,3,current,EUR,2025-08-01,,500.00
12986,25,savings,GBP,2025-05-13,,0.00
12987,1359,current,GBP,2025-10-02,,1000.00
12988,20,credit_card,GBP,2025-04-14,2026-08-15,0.00
12989,329,savings,GBP,2025-08-12,,0.00
12990,1,credit_card,GBP,2025-06-13,2026-08-22,0.00
12991,45,current,EUR,2025-11-10,,250.00
12992,3,loan,GBP,2024-03-09,,0.00
12993,19,current,GBP,2025-03-30,,250.00
12994,69,current,EUR,2025-05-08,,500.00
12995,1,current,GBP,2024-11-29,,0.00
12996,302,current,EUR,2024-01-25,,2000.00
12997,31,savings,GBP,2024-04-14,,0.00
12998,85,loan,GBP,2025-08-05,2025-09-20,0.00
12999,217,savings,USD,2025-08-27,,0.00
13000,6,savings,GBP,2025-09-26,,0.00
13001,1,savings,GBP,2024-03-16,,0.00
13002,1,current,USD,2025-08-01,,250.00
13003,132,current,GBP,2025-09-08,,2000.00
13004,7,current,GBP,2024-03-07,,1000.00
13005,3,current,USD,2024-01-09,,2000.00
13006,4298,current,USD,2025-05-17,,1000.00
13007,2,credit_card,EUR,2024-09-02,,0.00
13008,259,current,GBP,2024-01-09,,1000.00
13009,1,current,GBP,2025-05-18,,1000.00
13010,314,credit_card,GBP,2024-05-25,,0.00
13011,56,credit_card,GBP,2024-11-04,,0.00
13012,123,credit_card,GBP,2025-02-14,,0.00
13013,186,current,GBP,2025-05-17,,500.00
13014,192,savings,GBP,2024-10-01,,0.00
13015,1,current,EUR,2024-08-05,,1000.00
13016,21,savings,GBP,2025-05-04,2026-02-22,0.00
13017,4,current,GBP,2024-08-17,,2000.00
13018,4,current,GBP,2024-10-23,,250.00
13019,490,credit_card,GBP,2024-05-18,2025-08-11,0.00
13020,4,savings,EUR,2025-02-05,,0.00
13021,2,savings,GBP,2025-08-08,,0.00
13022,18,loan,USD,2025-11-10,,0.00
13023,137,current,GBP,2025-02-22,,2000.00
13024,223,current,USD,2024-07-08,,1000.00
13025,298,loan,USD,2025-04-19,,0.00
13026,9,current,GBP,2025-10-13,,2000.00
13027,2,loan,GBP,2025-11-11,,0.00
13028,2,savings,GBP,2025-06-04,,0.00
13029,1354,current,GBP,2024-03-20,,250.00
13030,32,credit_card,USD,2025-10-15,,0.00
13031,21,credit_card,USD,2025-11-01,,0.00
13032,117,current,GBP,2025-10-15,2026-10-17,1000.00
13033,16,savings,USD,2025-03-07,,0.00
13034,3,current,USD,2024-02-18,,250.00
13035,1,current,GBP,2024-05-21,,500.00
13036,2944,savings,GBP,2025-10-27,,0.00
13037,2,current,GBP,2025-08-11,,500.00
13038,651,current,GBP,2024-04-19,,1000.00
13039,8,current,GBP,2025-09-05,,2000.00
13040,968,savings,GBP,2025-04-25,,0.00
13041,1,current,GBP,2024-06-14,2025-03-19,1000.00
13042,593,current,USD,2024-08-06,,500.00
13043,7,savings,USD,2025-11-07,,0.00
13044,2498,current,USD,2025-02-08,,2000.00
13045,1034,current,GBP,2025-08-27,,250.00
13046,2,savings,GBP,2024-06-21,,0.00
13047,2,savings,USD,2025-09-25,,0.00
13048,35,savings,GBP,2025-08-31,,0.00
13049,646,savings,USD,2024-12-15,2025-11-27,0.00
13050,1866,current,USD,2025-04-29,,1000.00
13051,1,current,GBP,2025-11-01,,1000.00
13052,1,current,GBP,2025-12-24,,250.00
13053,1,current,GBP,2025-07-23,,2000.00
13054,1856,current,USD,2025-07-20,,1000.00
13055,2,current,EUR,2025-12-04,,2000.00
13056,501,current,GBP,2025-08-23,,0.00
13057,22,current,USD,2024-03-15,,2000.00
13058,5,savings,GBP,2024-08-18,,0.00
13059,1,savings,USD,2025-05-16,,0.00
13060,36,current,GBP,2025-07-28,,500.00
13061,376,loan,GBP,2024-07-16,2025-06-10,0.00
13062,4346,savings,USD,2025-08-28,2026-11-14,0.00
13063,8,current,GBP,2024-02-04,,0.00
13064,1,savings,GBP,2025-04-27,,0.00
13065,12,savings,GBP,2024-12-19,,0.00
13066,1,current,GBP,2025-01-19,,500.00
13067,2,current,USD,2024-08-13,,2000.00
13068,3,loan,GBP,2025-11-22,,0.00
13069,123,current,GBP,2025-04-15,2026-02-23,500.00
13070,90,credit_card,EUR,2025-06-06,,0.00
13071,3,current,EUR,2024-02-20,,0.00
13072,1,savings,USD,2024-04-04,,0.00
13073,227,savings,USD,2025-08-02,,0.00
13074,1,current,USD,2025-02-18,,500.00
13075,18,current,GBP,2025-01-15,2025-12-30,2000.00
13076,88,current,USD,2024-08-12,2024-12-12,500.00
13077,18,loan,USD,2024-05-11,,0.00
13078,175,credit_card,EUR,2024-08-02,,0.00
13079,46,savings,GBP,2024-06-20,,0.00
13080,23,savings,GBP,2025-06-12,,0.00
13081,11,current,USD,2025-03-23,,500.00
13082,66,credit_card,USD,2025-07-04,2025-12-13,0.00
13083,66,credit_card,GBP,2024-07-25,,0.00
13084,1,credit_card,GBP,2024-11-03,,0.00
13085,168,savings,EUR,2025-07-16,,0.00
13086,111,current,GBP,2025-04-01,,0.00
13087,1,current,EUR,2025-07-07,,0.00
13088,1,savings,GBP,2024-02-27,,0.00
13089,4,current,GBP,2025-12-27,,2000.00
13090,9,credit_card,GBP,2025-08-08,,0.00
13091,5,current,GBP,2024-10-31,2026-02-27,0.00
13092,36,credit_card,GBP,2025-10-05,,0.00
13093,1,savings,EUR,2025-12-30,,0.00
13094,5,credit_card,GBP,2024-08-15,,0.00
13095,295,current,USD,2025-01-16,,0.00
13096,1,current,EUR,2024-01-13,2024-03-30,1000.00
13097,6,current,GBP,2025-03-19,,500.00
13098,8,loan,GBP,2025-12-02,,0.00
13099,870,savings,EUR,2025-04-18,,0.00
13100,1936,current,GBP,2025-08-12,,2000.00
13101,13,savings,GBP,2024-11-12,,0.00
13102,133,current,USD,2024-09-24,,1000.00
13103,7,current,USD,2024-09-20,,250.00
13104,39,current,USD,2024-05-01,,250.00
13105,68,current,EUR,2024-11-24,,2000.00
13106,2,savings,USD,2024-04-19,,0.00
13107,2825,loan,USD,2024-11-29,2026-01-22,0.00
13108,3260,loan,USD,2025-11-05,,0.00
13109,254,savings,GBP,2024-02-18,,0.00
13110,3703,credit_card,EUR,2024-09-01,2025-11-07,0.00
13111,1,current,GBP,2025-04-29,,250.00
13112,18,savings,GBP,2025-06-05,,0.00
13113,2,savings,GBP,2025-05-20,,0.00
13114,1,current,GBP,2024-09-05,,0.00
13115,24,savings,USD,2024-03-26,2025-04-21,0.00
13116,4,savings,EUR,2025-04-16,,0.00
13117,968,current,USD,2025-01-01,,500.00
13118,79,current,GBP,2024-10-10,,250.00
13119,702,current,GBP,2025-09-16,,500.00
13120,145,savings,GBP,2024-12-09,,0.00
13121,3912,current,USD,2025-03-02,,1000.00
13122,1,current,GBP,2024-11-17,,0.00
13123,1119,current,GBP,2025-02-01,,250.00
13124,8,current,GBP,2024-10-02,,500.00
13125,1,credit_card,EUR,2025-03-15,,0.00
13126,4,current,GBP,2025-12-25,,1000.00
13127,40,current,EUR,2024-11-16,,0.00
13128,1,current,GBP,2025-10-15,,1000.00
13129,967,savings,GBP,2025-10-20,,0.00
13130,4,savings,GBP,2025-02-09,,0.00
13131,704,credit_card,GBP,2024-03-01,,0.00
13132,1489,savings,GBP,2024-06-09,,0.00
13133,1,current,GBP,2025-04-07,,1000.00
13134,8,current,USD,2025-03-11,,0.00
13135,209,savings,GBP,2024-11-26,,0.00
13136,1,current,USD,2025-12-03,,1000.00
13137,42,current,USD,2024-07-01,,1000.00
13138,4,credit_card,EUR,2025-04-18,,0.00
13139,5,credit_card,GBP,2024-01-29,,0.00
13140,1446,current,GBP,2025-02-13,,500.00
13141,38,loan,GBP,2025-05-17,,0.00
13142,3,current,USD,2025-09-25,,2000.00
13143,2,loan,USD,2024-06-11,,0.00
13144,141,savings,USD,2025-12-25,,0.00
13145,6246,savings,GBP,2024-12-21,,0.00
13146,12,current,GBP,2025-02-27,,2000.00
13147,98,credit_card,USD,2024-03-13,,0.00
13148,833,current,EUR,2025-01-02,,500.00
13149,1,savings,GBP,2024-08-06,,0.00
13150,25,credit_card,GBP,2025-03-30,2026-03-06,0.00
13151,2441,current,GBP,2024-11-18,,500.00
13152,650,current,GBP,2024-10-10,,500.00
13153,1,current,GBP,2024-03-28,,250.00
13154,3,credit_card,USD,2024-12-24,,0.00
13155,12,current,EUR,2025-08-04,,1000.00
13156,1801,current,GBP,2024-09-20,2025-12-01,500.00
13157,7,savings,USD,2025-04-05,2025-05-05,0.00
13158,257,current,GBP,2024-03-23,,250.00
13159,3433,savings,GBP,2024-12-22,,0.00
13160,39,credit_card,GBP,2025-04-17,,0.00
13161,54,savings,USD,2024-06-19,,0.00
13162,81,savings,USD,2025-06-01,,0.00
13163,3,current,USD,2024-01-31,,1000.00
13164,2129,savings,GBP,2024-12-15,,0.00
13165,149,current,USD,2024-09-22,,0.00
13166,2,current,GBP,2025-09-25,,1000.00
13167,2,current,GBP,2024-09-10,,0.00
13168,2,current,GBP,2025-11-08,2026-07-02,250.00
13169,2,credit_card,GBP,2024-12-02,,0.00
13170,1,current,USD,2025-07-19,,250.00
13171,178,savings,GBP,2024-08-03,,0.00
13172,137,current,GBP,2025-03-12,,500.00
13173,25,current,GBP,2025-10-12,,2000.00
13174,802,current,USD,2024-10-21,,1000.00
13175,1,savings,GBP,2024-06-24,,0.00
13176,4,loan,USD,2024-12-05,2025-05-21,0.00
13177,2,current,EUR,2024-07-24,2025-10-04,250.00
13178,6874,savings,GBP,2024-12-06,,0.00
13179,1,savings,GBP,2025-10-24,,0.00
13180,682,current,EUR,2024-03-03,,500.00
13181,2317,current,EUR,2024-09-29,,2000.00
13182,3253,credit_card,USD,2025-05-02,,0.00
13183,227,current,GBP,2024-02-18,,500.00
13184,76,savings,USD,2025-02-08,,0.00
13185,10,current,GBP,2025-01-28,,250.00
13186,2,savings,GBP,2025-08-10,2026-07-25,0.00
13187,2,current,GBP,2024-02-19,,2000.00
13188,18,current,EUR,2025-05-06,,250.00
13189,1,current,GBP,2024-07-24,,0.00
13190,31,current,GBP,2025-03-01,,1000.00
13191,682,loan,GBP,2024-06-02,2024-08-09,0.00
13192,41,credit_card,USD,2025-02-04,,0.00
13193,3,current,USD,2025-10-13,,1000.00
13194,3751,savings,GBP,2024-03-18,,0.00
13195,3,savings,GBP,2025-06-05,2025-09-08,0.00
13196,106,current,USD,2024-12-26,,250.00
13197,1,savings,GBP,2025-10-30,,0.00
13198,610,credit_card,USD,2025-11-21,,0.00
13199,646,savings,EUR,2025-06-14,,0.00
13200,494,current,GBP,2025-01-24,,250.00
13201,48,savings,GBP,2024-06-09,,0.00
13202,1,savings,GBP,2025-01-17,,0.00
13203,4,current,EUR,2025-06-16,,2000.00
13204,5385,savings,USD,2024-01-31,,0.00
13205,44,savings,EUR,2024-03-25,,0.00
13206,170,current,GBP,2025-09-11,,500.00
13207,16,savings,GBP,2025-12-05,,0.00
13208,40,current,GBP,2025-08-07,,1000.00
13209,281,loan,GBP,2025-05-25,,0.00
13210,53,savings,GBP,2024-07-01,,0.00
13211,317,current,EUR,2025-03-08,,0.00
13212,3,credit_card,GBP,2024-04-03,,0.00
13213,2,current,GBP,2025-02-07,,500.00
13214,2,savings,USD,2024-03-10,,0.00
13215,39,current,GBP,2025-11-27,,0.00
13216,298,credit_card,USD,2024-08-11,,0.00
13217,4,current,GBP,2024-10-25,,500.00
13218,4720,savings,GBP,2024-09-25,,0.00
13219,11,current,EUR,2024-12-30,,0.00
13220,39,current,GBP,2025-09-14,,500.00
13221,978,savings,GBP,2024-11-03,,0.00
13222,120,savings,GBP,2024-02-02,,0.00
13223,1,current,GBP,2024-08-14,,500.00
13224,1,savings,GBP,2024-02-12,,0.00
13225,18,current,USD,2024-09-10,,1000.00
13226,1,current,GBP,2025-02-13,,500.00
13227,18,savings,GBP,2024-07-02,,0.00
13228,3,current,USD,2024-02-03,,500.00
13229,1,savings,GBP,2025-06-06,,0.00
13230,387,savings,GBP,2024-05-17,,0.00
13231,729,savings,GBP,2025-01-26,,0.00
13232,49,savings,EUR,2025-05-15,,0.00
13233,471,savings,GBP,2024-10-02,2025-10-26,0.00
13234,460,current,GBP,2024-05-22,,2000.00
13235,19,current,GBP,2025-03-23,,250.00
13236,5,current,GBP,2024-03-20,,250.00
13237,93,current,EUR,2024-06-12,,500.00
13238,4,credit_card,EUR,2024-06-22,,0.00
13239,9,savings,GBP,2025-08-21,2026-03-21,0.00
13240,766,credit_card,GBP,2025-01-29,,0.00
13241,2148,savings,EUR,2025-08-18,2025-11-11,0.00
13242,1,current,GBP,2025-03-20,,0.00
13243,893,current,EUR,2025-01-14,,250.00
13244,25,loan,GBP,2025-01-24,,0.00
13245,12,savings,USD,2024-06-23,,0.00
13246,51,current,USD,2024-11-29,,1000.00
13247,1512,savings,GBP,2024-07-28,,0.00
13248,18,current,GBP,2024-12-03,,250.00
13249,8322,savings,GBP,2025-10-04,2025-12-28,0.00
13250,3,current,GBP,2025-03-14,,0.00
13251,60,savings,GBP,2024-04-28,,0.00
13252,1,current,GBP,2024-05-13,,2000.00
13253,3181,savings,GBP,2025-02-28,,0.00
13254,17,current,GBP,2024-09-04,,250.00
13255,6,current,GBP,2024-05-13,2024-10-15,2000.00
13256,784,current,GBP,2025-11-11,,500.00
13257,5,current,USD,2025-12-31,,0.00
13258,9,savings,USD,2025-04-01,,0.00
13259,6,current,GBP,2025-03-13,,0.00
13260,545,current,GBP,2025-01-09,,0.00
13261,77,current,GBP,2024-08-23,,250.00
13262,2204,current,USD,2024-09-15,,500.00
13263,281,current,GBP,2024-12-07,,500.00
13264,3074,current,USD,2025-02-11,,250.00
13265,5,credit_card,USD,2024-11-05,,0.00
13266,5485,current,GBP,2025-09-24,,2000.00
13267,271,loan,GBP,2025-02-27,,0.00
13268,93,credit_card,USD,2024-09-12,,0.00
13269,266,savings,GBP,2024-06-15,,0.00
13270,23,current,USD,2024-10-28,,250.00
13271,32,current,GBP,2024-11-03,,250.00
13272,3,loan,GBP,2025-06-12,,0.00
13273,2,current,USD,2024-01-18,,500.00
13274,1,savings,USD,2024-01-10,,0.00
13275,491,savings,GBP,2025-02-25,,0.00
13276,670,current,EUR,2024-06-29,,1000.00
13277,2259,current,EUR,2024-11-17,,2000.00
13278,4,current,USD,2025-12-08,,1000.00
13279,1,loan,USD,2025-08-18,,0.00
13280,61,savings,GBP,2025-06-02,,0.00
13281,53,credit_card,GBP,2024-06-30,,0.00
13282,50,current,GBP,2024-12-10,,2000.00
13283,297,current,USD,2025-03-10,,0.00
13284,6998,credit_card,EUR,2024-11-11,,0.00
13285,1986,current,USD,2024-09-26,,0.00
13286,4,current,USD,2024-02-24,,250.00
13287,1029,savings,USD,2024-03-14,,0.00
13288,9,savings,USD,2025-06-05,,0.00
13289,5837,loan,GBP,2025-01-18,,0.00
13290,7,current,EUR,2024-03-12,,250.00
13291,257,current,GBP,2025-02-16,,250.00
13292,5800,savings,GBP,2025-07-08,,0.00
13293,19,current,GBP,2025-10-09,,250.00
13294,20,current,USD,2025-08-07,,500.00
13295,436,savings,EUR,2025-07-29,,0.00
13296,52,savings,EUR,2025-02-05,,0.00
13297,2,current,GBP,2025-04-20,,2000.00
13298,7190,current,GBP,2025-10-21,,2000.00
13299,49,current,GBP,2024-03-06,,0.00
13300,114,current,GBP,2025-12-13,,2000.00
13301,3419,savings,GBP,2025-07-30,,0.00
13302,89,savings,GBP,2024-05-07,,0.00
13303,1,savings,USD,2024-08-19,2025-06-25,0.00
13304,26,current,USD,2024-06-21,,2000.00
13305,520,current,GBP,2024-12-27,,0.00
13306,1010,credit_card,EUR,2025-01-28,,0.00
13307,7,current,GBP,2024-08-21,,500.00
13308,912,credit_card,GBP,2025-10-12,,0.00
13309,373,current,GBP,2024-02-24,,2000.00
13310,110,savings,USD,2025-08-17,,0.00
13311,1,current,GBP,2025-07-16,,2000.00
13312,20,savings,USD,2024-09-28,,0.00
13313,31,current,GBP,2025-10-04,2025-11-07,2000.00
13314,2544,current,EUR,2024-07-03,2024-12-25,250.00
13315,5,savings,USD,2024-01-16,,0.00
13316,6961,savings,GBP,2024-08-02,,0.00
13317,3,current,GBP,2024-10-09,,0.00
13318,3,credit_card,EUR,2025-04-03,,0.00
13319,1627,current,GBP,2024-11-29,,2000.00
13320,1,current,GBP,2024-12-02,,2000.00
13321,156,credit_card,GBP,2025-08-03,,0.00
13322,2144,credit_card,EUR,2025-05-17,2025-06-21,0.00
13323,412,current,GBP,2024-03-31,,1000.00
13324,1,savings,GBP,2024-06-27,,0.00
13325,1368,current,GBP,2024-02-13,,0.00
13326,3,credit_card,GBP,2024-12-13,,0.00
13327,64,current,EUR,2025-05-09,,2000.00
13328,531,current,GBP,2025-12-25,,2000.00
13329,80,savings,GBP,2025-09-15,,0.00
13330,1,current,EUR,2024-11-10,2025-09-08,250.00
13331,3075,savings,GBP,2024-07-27,,0.00
13332,2,savings,USD,2025-11-09,,0.00
13333,50,loan,GBP,2024-04-08,,0.00
13334,120,loan,GBP,2024-06-19,,0.00
13335,1,current,USD,2024-09-28,,1000.00
13336,132,savings,USD,2025-01-16,,0.00
13337,16,current,GBP,2025-07-09,,500.00
13338,27,savings,USD,2024-07-25,,0.00
13339,3,credit_card,GBP,2025-08-20,,0.00
13340,617,loan,GBP,2025-09-05,,0.00
13341,24,current,USD,2024-01-26,,250.00
13342,18,savings,GBP,2025-04-21,,0.00
13343,635,current,GBP,2025-10-12,,250.00
13344,4,current,GBP,2024-05-11,2024-12-24,0.00
13345,30,current,GBP,2024-02-16,,2000.00
13346,8415,current,GBP,2024-03-31,,0.00
13347,2828,current,EUR,2024-01-13,,500.00
13348,1,current,USD,2024-03-30,2025-06-15,250.00
13349,1,savings,EUR,2025-08-14,2026-06-14,0.00
13350,9,credit_card,GBP,2024-03-09,,0.00
13351,2,current,USD,2024-08-12,,2000.00
13352,6255,savings,GBP,2024-07-08,,0.00
13353,2,current,USD,2024-01-19,,250.00
13354,8,credit_card,GBP,2025-03-17,,0.00
13355,28,savings,GBP,2024-05-08,,0.00
13356,7,credit_card,USD,2024-04-07,,0.00
13357,398,current,USD,2025-11-08,2027-02-18,500.00
13358,2,current,GBP,2024-07-27,,250.00
13359,7584,savings,EUR,2025-02-05,,0.00
13360,2,credit_card,GBP,2025-02-08,,0.00
13361,7,current,USD,2024-01-18,,0.00
13362,2,current,GBP,2025-11-12,,2000.00
13363,538,current,GBP,2025-06-04,,0.00
13364,1246,current,EUR,2025-02-25,,2000.00
13365,4175,savings,GBP,2025-06-23,,0.00
13366,2565,current,USD,2024-04-05,,2000.00
13367,5,savings,USD,2025-11-01,,0.00
13368,702,savings,GBP,2024-08-07,,0.00
13369,4,credit_card,USD,2025-03-15,,0.00
13370,27,savings,GBP,2024-08-15,,0.00
13371,218,current,GBP,2025-05-23,,250.00
13372,49,credit_card,EUR,2024-04-25,,0.00
13373,43,current,GBP,2024-08-01,,2000.00
13374,1999,credit_card,EUR,2024-01-22,,0.00
13375,21,loan,USD,2025-05-16,,0.00
13376,5,loan,GBP,2024-05-12,2024-08-07,0.00
13377,2,savings,USD,2024-06-29,,0.00
13378,78,credit_card,EUR,2025-02-16,,0.00
13379,2,current,USD,2025-10-01,,500.00
13380,4,credit_card,GBP,2024-10-20,,0.00
13381,8,savings,USD,2025-11-27,,0.00
13382,1,current,USD,2024-07-13,,1000.00
13383,2,loan,GBP,2025-11-21,2026-03-26,0.00
13384,28,savings,GBP,2025-10-01,,0.00
13385,913,current,GBP,2024-05-19,,2000.00
13386,3,current,GBP,2024-12-25,,0.00
13387,176,savings,EUR,2025-07-19,,0.00
13388,102,savings,USD,2024-06-29,2024-08-14,0.00
13389,2,current,USD,2024-09-11,,0.00
13390,4,credit_card,USD,2025-12-26,2026-08-28,0.00
13391,21,savings,USD,2024-08-31,,0.00
13392,1000,credit_card,GBP,2025-10-19,,0.00
13393,36,current,GBP,2025-07-14,,1000.00
13394,256,current,GBP,2025-02-10,,1000.00
13395,183,savings,GBP,2024-03-07,,0.00
13396,9,current,GBP,2024-07-07,,2000.00
13397,1866,current,EUR,2025-06-08,,2000.00
13398,1157,savings,GBP,2024-08-26,2024-11-26,0.00
13399,5,current,GBP,2025-10-09,,500.00
13400,19,current,EUR,2025-12-16,,1000.00
13401,9,current,GBP,2024-04-07,,0.00
13402,861,current,GBP,2025-01-20,,500.00
13403,10,savings,GBP,2024-12-25,,0.00
13404,2,credit_card,GBP,2025-06-17,2026-07-30,0.00
13405,48,savings,GBP,2024-07-27,,0.00
13406,3,current,USD,2024-12-02,,2000.00
13407,1,savings,USD,2024-05-03,,0.00
13408,14,savings,GBP,2024-01-16,,0.00
13409,42,savings,GBP,2025-04-10,,0.00
13410,588,current,USD,2025-01-24,,1000.00
13411,1721,current,GBP,2025-01-20,,500.00
13412,1,current,GBP,2024-02-10,,250.00
13413,3,current,GBP,2024-06-22,,500.00
13414,435,current,GBP,2024-09-26,,1000.00
13415,1965,loan,EUR,2024-11-21,,0.00
13416,379,savings,GBP,2024-03-09,,0.00
13417,5,current,USD,2024-07-08,,2000.00
13418,3,loan,EUR,2024-06-16,,0.00
13419,3,current,EUR,2024-03-22,,250.00
13420,20,credit_card,EUR,2024-04-18,,0.00
13421,7102,current,GBP,2025-03-01,,500.00
13422,1,current,GBP,2024-03-11,,500.00
13423,220,credit_card,GBP,2024-04-20,,0.00
13424,864,current,EUR,2025-06-08,,500.00
13425,3,loan,GBP,2025-05-26,,0.00
13426,44,savings,USD,2025-09-21,,0.00
13427,11,savings,USD,2024-01-20,,0.00
13428,5,savings,GBP,2025-01-06,,0.00
13429,19,current,GBP,2025-02-19,,500.00
13430,1,current,GBP,2025-07-15,,500.00
13431,67,savings,USD,2025-04-13,,0.00
13432,194,loan,USD,2024-01-12,,0.00
13433,103,credit_card,GBP,2024-02-20,,0.00
13434,2,loan,GBP,2025-04-01,,0.00
13435,3073,current,GBP,2024-04-03,,500.00
13436,1,current,GBP,2024-01-28,,1000.00
13437,199,credit_card,GBP,2024-07-14,,0.00
13438,89,savings,EUR,2024-12-07,,0.00
13439,470,current,USD,2024-01-18,,1000.00
13440,2,savings,USD,2025-10-18,,0.00
13441,4,savings,GBP,2025-02-11,,0.00
13442,3,current,GBP,2024-04-21,,0.00
13443,11,loan,GBP,2024-04-09,,0.00
13444,178,savings,GBP,2025-10-11,,0.00
13445,1,current,USD,2025-01-21,,1000.00
13446,2088,credit_card,GBP,2025-07-29,,0.00
13447,4800,current,GBP,2025-03-03,,0.00
13448,4,current,GBP,2025-07-03,,2000.00
13449,110,current,GBP,2025-02-18,,0.00
13450,1,savings,EUR,2024-04-12,,0.00
13451,3,savings,USD,2024-04-17,,0.00
13452,4,savings,GBP,2024-09-27,,0.00
13453,43,current,USD,2024-01-03,,2000.00
13454,2074,current,USD,2024-12-30,,1000.00
13455,26,savings,USD,2024-03-07,,0.00
13456,20,current,EUR,2024-12-24,,250.00
13457,284,current,GBP,2025-07-02,,2000.00
13458,218,current,GBP,2025-05-09,,2000.00
13459,6,current,USD,2025-07-05,,2000.00
13460,62,savings,EUR,2025-07-20,,0.00
13461,4,savings,GBP,2024-05-05,,0.00
13462,1,credit_card,GBP,2025-03-15,,0.00
13463,3,current,USD,2025-10-14,,1000.00
13464,85,current,GBP,2025-02-05,,0.00
13465,144,savings,GBP,2025-02-20,,0.00
13466,1,credit_card,GBP,2025-08-19,,0.00
13467,426,credit_card,GBP,2024-01-24,2024-05-27,0.00
13468,7,current,GBP,2025-07-22,,500.00
13469,1,current,EUR,2024-05-14,,1000.00
13470,60,credit_card,USD,2025-10-22,,0.00
13471,3368,savings,GBP,2025-02-22,,0.00
13472,481,savings,USD,2024-07-08,,0.00
13473,37,savings,GBP,2025-08-03,,0.00
13474,3,credit_card,USD,2025-07-11,2026-11-21,0.00
13475,13,current,USD,2025-05-29,,250.00
13476,3,current,USD,2025-11-30,,0.00
13477,3,current,GBP,2024-11-08,,2000.00
13478,517,current,EUR,2024-11-30,,1000.00
13479,734,savings,GBP,2025-07-31,,0.00
13480,23,loan,USD,2025-05-17,,0.00
13481,1113,current,GBP,2024-12-15,,500.00
13482,183,savings,USD,2024-11-27,,0.00
13483,1,current,GBP,2024-04-19,,500.00
13484,3,current,GBP,2024-11-03,,2000.00
13485,473,loan,USD,2024-12-18,,0.00
13486,43,current,GBP,2024-01-19,,500.00
13487,1,savings,GBP,2024-11-17,,0.00
13488,6,loan,GBP,2025-02-22,,0.00
13489,3,savings,GBP,2024-01-23,,0.00
13490,1,loan,USD,2024-08-29,2025-04-08,0.00
13491,281,current,EUR,2024-01-27,2024-04-05,0.00
13492,3,current,USD,2024-01-29,,0.00
13493,18,credit_card,GBP,2025-01-29,,0.00
13494,1,credit_card,GBP,2024-07-29,,0.00
13495,1,loan,GBP,2024-12-20,,0.00
13496,16,loan,GBP,2024-12-21,,0.00
13497,2,current,USD,2025-03-29,,2000.00
13498,2,current,GBP,2024-12-31,,2000.00
13499,35,savings,USD,2025-09-07,2026-03-09,0.00
13500,1,savings,USD,2025-12-06,,0.00
13501,2,savings,USD,2025-07-05,,0.00
13502,5734,current,GBP,2025-05-28,,500.00
13503,4068,current,EUR,2024-06-30,,500.00
13504,1,current,USD,2024-11-05,2025-04-16,250.00
13505,179,savings,USD,2024-01-09,,0.00
13506,925,current,GBP,2025-05-25,,500.00
13507,3715,current,GBP,2025-02-19,,0.00
13508,2,savings,GBP,2025-07-12,,0.00
13509,284,current,GBP,2025-12-02,,2000.00
13510,18,credit_card,EUR,2024-11-24,,0.00
13511,44,loan,USD,2024-03-08,,0.00
13512,44,current,GBP,2024-12-18,,500.00
13513,5,current,USD,2024-08-28,,500.00
13514,4,credit_card,GBP,2025-01-15,,0.00
13515,816,current,USD,2025-03-25,,250.00
13516,15,savings,GBP,2025-06-22,,0.00
13517,8,current,EUR,2024-02-17,,1000.00
13518,18,current,GBP,2025-02-12,,250.00
13519,7,credit_card,GBP,2024-12-16,,0.00
13520,1,savings,EUR,2025-10-11,,0.00
13521,19,current,USD,2025-09-17,,250.00
13522,71,current,GBP,2025-05-25,,2000.00
13523,190,current,GBP,2024-09-19,,1000.00
13524,2664,current,GBP,2025-02-18,,1000.00
13525,3,current,USD,2025-10-09,,1000.00
13526,11,current,GBP,2024-12-02,,2000.00
13527,7,loan,GBP,2024-03-20,,0.00
13528,6,savings,USD,2025-08-21,2026-08-17,0.00
13529,4,credit_card,GBP,2024-07-11,,0.00
13530,4,savings,GBP,2024-07-11,,0.00
13531,1157,credit_card,GBP,2024-09-03,2025-04-05,0.00
13532,52,current,USD,2024-12-17,,1000.00
13533,3,current,GBP,2025-11-28,,250.00
13534,19,current,USD,2024-12-31,,500.00
13535,33,credit_card,GBP,2024-01-01,,0.00
13536,1647,credit_card,GBP,2025-05-18,,0.00
13537,750,loan,GBP,2025-07-09,,0.00
13538,1328,loan,GBP,2024-06-28,,0.00
13539,286,savings,GBP,2024-12-13,,0.00
13540,5,savings,GBP,2024-04-20,,0.00
13541,4,current,GBP,2025-03-29,2026-03-19,1000.00
13542,5,current,GBP,2024-01-30,,1000.00
13543,4,savings,GBP,2024-11-10,,0.00
13544,18,current,USD,2024-12-29,,0.00
13545,44,savings,GBP,2024-02-26,,0.00
13546,114,credit_card,GBP,2024-03-19,,0.00
13547,132,credit_card,GBP,2025-04-16,2026-01-03,0.00
13548,35,current,GBP,2025-12-16,,250.00
13549,1320,current,EUR,2024-12-04,,500.00
13550,3132,savings,EUR,2024-12-27,2025-12-25,0.00
13551,249,credit_card,GBP,2024-12-26,,0.00
13552,5,current,GBP,2025-04-10,,250.00
13553,100,savings,GBP,2025-06-02,,0.00
13554,49,current,EUR,2025-08-03,,0.00
13555,2390,current,GBP,2024-09-08,,0.00
13556,1,current,USD,2025-09-20,,250.00
13557,1105,loan,EUR,2025-03-26,2026-06-05,0.00
13558,5454,savings,GBP,2024-05-19,2024-07-31,0.00
13559,10,current,GBP,2025-05-11,,250.00
13560,4,current,GBP,2025-08-07,,0.00
13561,174,savings,GBP,2025-12-04,,0.00
13562,9,savings,EUR,2024-06-19,,0.00
13563,1018,current,USD,2024-12-02,,0.00
13564,47,current,GBP,2025-11-13,,1000.00
13565,260,credit_card,GBP,2024-01-02,,0.00
13566,4322,savings,EUR,2025-09-12,,0.00
13567,274,loan,USD,2025-08-24,,0.00
13568,3,current,USD,2024-12-24,,250.00
13569,403,savings,GBP,2024-03-18,,0.00
13570,28,current,GBP,2025-01-04,,250.00
13571,43,savings,USD,2024-04-27,,0.00
13572,179,current,USD,2025-05-07,,2000.00
13573,360,savings,EUR,2024-09-01,,0.00
13574,1,current,USD,2025-08-18,,2000.00
13575,889,credit_card,USD,2025-03-07,,0.00
13576,1,loan,GBP,2024-08-28,,0.00
13577,3033,current,EUR,2024-04-29,,1000.00
13578,30,current,GBP,2025-10-08,,2000.00
13579,74,savings,GBP,2024-03-25,,0.00
13580,47,savings,GBP,2024-03-09,,0.00
13581,2161,current,USD,2024-05-10,2025-04-29,2000.00
13582,259,savings,USD,2025-04-04,,0.00
13583,3,current,USD,2025-05-10,,1000.00
13584,76,loan,USD,2025-02-07,,0.00
13585,25,savings,USD,2024-07-08,,0.00
13586,387,current,EUR,2024-07-27,,1000.00
13587,5,savings,GBP,2024-12-04,,0.00
13588,128,current,GBP,2025-11-05,,2000.00
13589,2,credit_card,USD,2025-07-07,,0.00
13590,2,savings,GBP,2024-10-18,,0.00
13591,23,savings,EUR,2024-01-15,,0.00
13592,1,savings,GBP,2025-11-19,,0.00
13593,540,credit_card,USD,2025-12-11,,0.00
13594,39,current,USD,2025-11-25,2026-08-24,250.00
13595,2,current,GBP,2024-11-23,,0.00
13596,5238,current,GBP,2025-05-09,,250.00
13597,5,current,GBP,2024-07-23,,2000.00
13598,6,loan,GBP,2024-08-03,2025-06-06,0.00
13599,5324,current,GBP,2025-01-23,,500.00
13600,8205,current,GBP,2024-12-04,,0.00
13601,1,current,GBP,2024-12-11,,2000.00
13602,512,current,GBP,2024-10-26,,2000.00
13603,1,savings,GBP,2025-04-22,,0.00
13604,64,current,EUR,2024-02-06,,0.00
13605,5,savings,GBP,2024-11-24,,0.00
13606,6635,loan,USD,2025-11-21,,0.00
13607,8,current,GBP,2025-08-30,,2000.00
13608,25,current,USD,2024-09-03,,2000.00
13609,1320,savings,GBP,2025-10-25,,0.00
13610,2,current,USD,2024-06-17,,500.00
13611,21,current,GBP,2025-02-07,,500.00
13612,101,current,USD,2025-04-17,,500.00
13613,21,loan,USD,2025-04-03,,0.00
13614,5,current,GBP,2024-03-07,2024-10-19,0.00
13615,6,savings,USD,2025-07-08,,0.00
13616,5,current,USD,2024-12-12,,500.00
13617,36,current,USD,2025-05-27,,250.00
13618,4,current,GBP,2024-10-14,,1000.00
13619,4039,current,USD,2024-08-17,,1000.00
13620,13,savings,EUR,2025-09-25,,0.00
13621,2,current,USD,2025-08-06,,2000.00
13622,1,credit_card,EUR,2025-04-03,,0.00
13623,14,savings,GBP,2024-02-03,2025-04-30,0.00
13624,121,savings,GBP,2024-12-09,,0.00
13625,5243,current,GBP,2025-09-06,,250.00
13626,27,current,GBP,2025-06-28,,0.00
13627,293,current,USD,2025-11-21,2026-08-10,0.00
13628,40,current,USD,2024-10-18,,250.00
13629,76,savings,USD,2025-04-09,,0.00
13630,2,loan,GBP,2025-06-09,2026-07-30,0.00
13631,119,current,EUR,2025-01-21,,500.00
13632,2,current,GBP,2024-03-01,,1000.00
13633,143,credit_card,GBP,2024-10-04,,0.00
13634,5,savings,EUR,2024-01-07,,0.00
13635,1267,savings,GBP,2025-10-16,,0.00
13636,111,current,EUR,2024-12-22,,2000.00
13637,10,current,USD,2025-09-14,,0.00
13638,1249,savings,GBP,2024-02-02,,0.00
13639,400,current,USD,2025-10-04,,1000.00
13640,113,savings,GBP,2025-01-02,,0.00
13641,33,current,GBP,2024-02-22,,2000.00
13642,63,credit_card,USD,2024-09-25,,0.00
13643,318,current,USD,2025-07-23,,1000.00
13644,1,current,GBP,2025-02-21,,2000.00
13645,1174,current,EUR,2025-05-01,,2000.00
13646,1,savings,USD,2025-11-02,,0.00
13647,4579,current,GBP,2024-07-10,,0.00
13648,1,current,GBP,2024-09-18,,0.00
13649,1,loan,GBP,2024-07-29,,0.00
13650,4359,savings,GBP,2024-10-15,2026-02-17,0.00
13651,971,current,USD,2025-08-14,,500.00
13652,199,credit_card,GBP,2025-09-04,,0.00
13653,8027,current,GBP,2025-08-16,,250.00
13654,115,current,GBP,2025-09-22,,500.00
13655,5,current,USD,2024-07-01,2025-06-19,1000.00
13656,285,savings,GBP,2024-10-07,,0.00
13657,259,credit_card,GBP,2025-05-12,,0.00
13658,587,current,GBP,2025-03-04,,1000.00
13659,15,savings,USD,2024-01-25,,0.00
13660,36,savings,GBP,2024-06-21,,0.00
13661,53,current,GBP,2024-12-30,,250.00
13662,684,savings,GBP,2024-05-04,,0.00
13663,6,loan,GBP,2024-09-08,,0.00
13664,51,credit_card,GBP,2025-02-07,,0.00
13665,603,current,GBP,2024-01-14,,500.00
13666,2,current,GBP,2025-03-15,,0.00
13667,182,savings,USD,2024-03-17,,0.00
13668,837,savings,USD,2024-10-20,,0.00
13669,152,current,GBP,2025-06-04,,250.00
13670,407,savings,USD,2025-02-03,,0.00
13671,822,savings,GBP,2025-09-27,,0.00
13672,352,credit_card,GBP,2024-10-19,,0.00
13673,1,savings,USD,2025-09-03,,0.00
13674,3501,credit_card,GBP,2025-07-18,2026-01-01,0.00
13675,454,credit_card,GBP,2024-05-12,,0.00
13676,2642,credit_card,GBP,2024-04-22,,0.00
13677,1732,savings,USD,2024-06-29,,0.00
13678,1624,current,GBP,2025-04-22,,500.00
13679,350,savings,EUR,2025-12-23,,0.00
13680,39,current,GBP,2025-08-30,2026-10-23,0.00
13681,42,credit_card,USD,2024-12-26,,0.00
13682,1,current,GBP,2025-01-11,,500.00
13683,3355,current,USD,2025-08-15,,250.00
13684,5917,loan,USD,2024-02-13,,0.00
13685,6,loan,GBP,2025-05-03,2026-07-12,0.00
13686,3,current,GBP,2025-11-21,2026-11-21,250.00
13687,5,current,USD,2025-05-03,,2000.00
13688,52,current,GBP,2025-04-22,,2000.00
13689,3,current,USD,2025-08-26,,2000.00
13690,95,current,GBP,2025-05-16,,250.00
13691,4,current,GBP,2025-05-11,,2000.00
13692,1,current,GBP,2024-03-29,,250.00
13693,139,current,GBP,2024-06-30,,1000.00
13694,13,current,USD,2025-05-30,,250.00
13695,621,current,GBP,2024-06-06,,250.00
13696,291,current,GBP,2024-09-03,,250.00
13697,14,savings,USD,2025-08-19,,0.00
13698,34,current,EUR,2025-07-01,,1000.00
13699,2,current,USD,2024-09-10,,500.00
13700,4945,current,USD,2024-03-23,,500.00
13701,1,current,GBP,2024-06-11,,2000.00
13702,168,savings,GBP,2025-06-10,,0.00
13703,4321,savings,EUR,2024-08-04,,0.00
13704,7,savings,GBP,2025-10-17,,0.00
13705,10,savings,GBP,2024-04-26,,0.00
13706,29,current,GBP,2025-12-03,,250.00
13707,1,current,GBP,2025-08-02,2026-08-24,0.00
13708,18,current,GBP,2025-08-28,,0.00
13709,57,current,EUR,2025-10-26,,0.00
13710,1,savings,GBP,2024-04-29,,0.00
13711,21,current,EUR,2024-07-24,,0.00
13712,485,savings,GBP,2024-06-14,2025-07-16,0.00
13713,58,current,GBP,2025-01-25,,0.00
13714,9,current,EUR,2024-05-20,,0.00
13715,1,current,GBP,2024-04-10,,2000.00
13716,1,savings,GBP,2024-08-11,,0.00
13717,852,current,GBP,2024-05-18,,250.00
13718,37,current,GBP,2024-01-25,2024-05-31,0.00
13719,1,current,GBP,2024-10-22,,1000.00
13720,6091,current,GBP,2024-02-28,,500.00
13721,2,current,GBP,2025-12-27,,2000.00
13722,5,loan,GBP,2025-07-21,2026-03-04,0.00
13723,4,savings,EUR,2024-12-21,,0.00
13724,131,savings,GBP,2024-12-22,,0.00
13725,2,current,GBP,2025-06-13,,2000.00
13726,5280,credit_card,USD,2024-07-02,2024-12-14,0.00
13727,316,current,GBP,2024-10-27,,0.00
13728,12,current,EUR,2025-01-04,,500.00
13729,1,current,GBP,2024-12-22,,2000.00
13730,252,credit_card,USD,2024-01-19,,0.00
13731,1,savings,GBP,2025-11-08,,0.00
13732,2,credit_card,GBP,2025-07-31,,0.00
13733,9,current,GBP,2024-12-15,2025-12-27,500.00
13734,3,current,GBP,2024-06-13,2025-02-05,250.00
13735,1,savings,GBP,2025-06-10,,0.00
13736,23,savings,USD,2024-08-23,,0.00
13737,3,savings,GBP,2024-04-17,,0.00
13738,696,credit_card,EUR,2025-11-22,,0.00
13739,518,current,EUR,2024-12-24,,250.00
13740,1,current,USD,2025-08-22,,500.00
13741,2,loan,USD,2024-03-21,,0.00
13742,2246,current,GBP,2025-12-21,2026-08-10,2000.00
13743,2,loan,GBP,2024-12-25,2025-02-12,0.00
13744,14,current,GBP,2025-09-14,,1000.00
13745,23,savings,USD,2024-08-14,,0.00
13746,7,savings,EUR,2024-02-27,,0.00
13747,2,savings,GBP,2025-07-09,,0.00
13748,770,savings,GBP,2024-02-01,,0.00
13749,21,savings,USD,2025-05-31,,0.00
13750,3366,loan,GBP,2024-06-02,,0.00
13751,63,current,USD,2024-11-24,,250.00
13752,6000,current,GBP,2025-03-28,,0.00
13753,3,current,GBP,2024-04-26,,500.00
13754,2,current,USD,2025-05-06,,500.00
13755,9,current,GBP,2024-10-09,,1000.00
13756,1,current,GBP,2025-10-08,,250.00
13757,3,current,USD,2025-06-08,,2000.00
13758,1,loan,GBP,2025-08-23,,0.00
13759,1313,savings,GBP,2025-10-09,2025-11-24,0.00
13760,12,current,GBP,2024-08-20,,0.00
13761,26,credit_card,EUR,2025-04-27,,0.00
13762,1,credit_card,GBP,2025-10-03,,0.00
13763,30,current,USD,2025-12-22,,2000.00
13764,535,loan,GBP,2024-03-22,,0.00
13765,2,loan,USD,2024-09-29,,0.00
13766,25,current,USD,2024-04-06,,2000.00
13767,832,current,GBP,2025-07-25,,250.00
13768,7,credit_card,GBP,2024-01-27,,0.00
13769,9,savings,USD,2024-12-23,,0.00
13770,31,savings,GBP,2025-12-07,,0.00
13771,56,savings,EUR,2025-04-04,,0.00
13772,125,current,EUR,2025-06-25,,500.00
13773,5,current,EUR,2024-02-02,,1000.00
13774,44,savings,GBP,2025-10-13,,0.00
13775,22,current,USD,2024-05-22,,1000.00
13776,2,current,GBP,2024-09-05,,2000.00
13777,3869,savings,GBP,2024-03-09,,0.00
13778,8,current,USD,2024-12-05,,500.00
13779,186,savings,GBP,2025-03-14,,0.00
13780,4465,current,GBP,2025-10-21,,0.00
13781,1,savings,EUR,2024-03-13,,0.00
13782,184,current,GBP,2024-06-11,,0.00
13783,4020,savings,GBP,2025-05-10,,0.00
13784,4,credit_card,USD,2024-04-18,2025-02-17,0.00
13785,19,loan,GBP,2024-02-15,,0.00
13786,14,current,USD,2025-02-20,,2000.00
13787,23,current,GBP,2025-02-18,,500.00
13788,486,savings,GBP,2025-09-07,,0.00
13789,35,savings,GBP,2025-02-14,,0.00
13790,37,current,EUR,2024-02-25,,1000.00
13791,22,savings,USD,2024-12-15,,0.00
13792,103,current,GBP,2025-06-21,,2000.00
13793,44,current,USD,2024-11-01,,2000.00
13794,617,savings,GBP,2024-07-11,,0.00
13795,47,savings,GBP,2024-01-12,,0.00
13796,1,savings,EUR,2024-11-23,,0.00
13797,13,current,GBP,2025-08-21,,250.00
13798,6192,current,GBP,2024-03-25,,500.00
13799,121,loan,GBP,2024-12-23,,0.00
13800,117,savings,GBP,2025-11-17,,0.00
13801,8193,current,GBP,2024-09-03,,500.00
13802,1,current,GBP,2024-06-19,,2000.00
13803,159,savings,USD,2025-11-11,,0.00
13804,9,current,GBP,2025-10-25,2026-01-15,500.00
13805,4,current,GBP,2025-03-16,,2000.00
13806,28,savings,USD,2025-09-08,,0.00
13807,18,savings,GBP,2024-10-22,,0.00
13808,1414,credit_card,USD,2024-12-07,,0.00
13809,50,current,GBP,2025-08-08,,2000.00
13810,1717,credit_card,GBP,2025-07-07,,0.00
13811,2499,credit_card,GBP,2025-12-05,,0.00
13812,1,current,GBP,2025-03-02,,500.00
13813,1,current,USD,2025-03-15,,500.00
13814,2,credit_card,EUR,2024-12-19,,0.00
13815,1,savings,GBP,2024-04-18,2025-06-17,0.00
13816,174,credit_card,GBP,2025-10-23,,0.00
13817,3,current,GBP,2024-10-12,,0.00
13818,6,credit_card,USD,2025-05-05,,0.00
13819,249,current,GBP,2024-01-28,,500.00
13820,2,credit_card,EUR,2024-12-15,,0.00
13821,1930,savings,GBP,2025-01-06,,0.00
13822,2,savings,GBP,2025-02-27,,0.00
13823,1166,current,GBP,2025-10-25,,0.00
13824,51,savings,GBP,2025-03-23,,0.00
13825,5,current,GBP,2025-03-20,,1000.00
13826,4,current,GBP,2025-04-20,2026-02-28,250.00
13827,2,current,GBP,2024-07-12,,1000.00
13828,32,current,USD,2024-05-04,,2000.00
13829,1,credit_card,GBP,2025-07-06,,0.00
13830,22,current,GBP,2025-01-09,2025-04-04,500.00
13831,6,current,GBP,2024-08-06,,0.00
13832,23,savings,EUR,2025-01-06,,0.00
13833,12,savings,GBP,2025-05-28,2025-08-23,0.00
13834,506,current,GBP,2025-01-05,,0.00
13835,2,current,USD,2024-12-12,,0.00
13836,2,savings,GBP,2024-08-03,,0.00
13837,97,savings,EUR,2025-12-01,,0.00
13838,1,current,GBP,2025-03-13,,500.00
13839,2,current,GBP,2025-08-15,,1000.00
13840,1,savings,GBP,2025-01-10,,0.00
13841,1,current,GBP,2024-06-16,,0.00
13842,86,current,GBP,2024-12-06,,0.00
13843,30,credit_card,GBP,2025-02-12,,0.00
13844,970,loan,EUR,2024-03-03,,0.00
13845,1,savings,USD,2025-01-05,,0.00
13846,1,current,GBP,2024-11-12,,250.00
13847,2494,current,USD,2024-09-20,,250.00
13848,1014,savings,GBP,2025-01-06,,0.00
13849,2,current,GBP,2024-02-10,,500.00
13850,2,current,USD,2024-09-09,,1000.00
13851,38,current,GBP,2024-05-21,,500.00
13852,30,savings,EUR,2025-03-11,,0.00
13853,10,savings,GBP,2024-04-06,,0.00
13854,38,current,EUR,2024-05-12,,0.00
13855,1,current,GBP,2024-08-11,,1000.00
13856,54,current,GBP,2025-01-01,,250.00
13857,3209,current,GBP,2025-12-01,,0.00
13858,12,loan,GBP,2024-09-13,,0.00
13859,5,current,GBP,2024-07-06,2025-10-05,1000.00
13860,3,current,GBP,2025-07-04,,250.00
13861,668,credit_card,EUR,2024-10-18,,0.00
13862,1,savings,USD,2024-05-02,,0.00
13863,40,current,GBP,2024-03-13,,0.00
13864,72,loan,GBP,2024-02-25,,0.00
13865,61,savings,GBP,2024-06-19,,0.00
13866,5,current,USD,2024-10-21,,2000.00
13867,63,savings,USD,2025-03-07,,0.00
13868,3251,savings,GBP,2025-01-03,,0.00
13869,150,current,GBP,2024-12-20,,250.00
13870,17,current,GBP,2025-07-23,,0.00
13871,1,credit_card,GBP,2025-09-04,,0.00
13872,1,current,GBP,2024-08-27,,2000.00
13873,3936,current,USD,2024-06-29,,0.00
13874,2273,current,GBP,2024-01-07,,500.00
13875,15,savings,GBP,2025-09-20,,0.00
13876,62,savings,USD,2024-11-28,,0.00
13877,46,savings,EUR,2025-08-02,,0.00
13878,369,savings,USD,2024-06-06,,0.00
13879,1,loan,EUR,2024-12-03,,0.00
13880,280,savings,GBP,2025-12-31,,0.00
13881,900,savings,USD,2024-04-08,,0.00
13882,4,credit_card,EUR,2025-04-10,,0.00
13883,2,savings,GBP,2024-11-08,,0.00
13884,938,loan,GBP,2024-02-15,,0.00
13885,1,savings,GBP,2025-02-14,,0.00
13886,27,current,GBP,2024-07-21,2025-08-14,0.00
13887,2,current,GBP,2024-06-05,,2000.00
13888,9,current,GBP,2025-06-17,,1000.00
13889,31,current,GBP,2024-10-11,,0.00
13890,11,current,EUR,2024-11-04,,250.00
13891,1,credit_card,GBP,2025-05-23,,0.00
13892,9,savings,GBP,2025-06-13,,0.00
13893,2699,current,USD,2024-03-14,,0.00
13894,157,savings,EUR,2024-11-01,,0.00
13895,1881,current,EUR,2024-04-06,,1000.00
13896,4,loan,GBP,2025-03-22,,0.00
13897,127,current,GBP,2025-11-27,,2000.00
13898,34,savings,GBP,2024-09-09,,0.00
13899,78,current,USD,2025-01-04,,250.00
13900,34,current,GBP,2025-10-01,,2000.00
13901,88,current,GBP,2024-11-09,,1000.00
13902,15,current,GBP,2024-02-04,,250.00
13903,971,current,GBP,2024-07-06,,500.00
13904,168,credit_card,GBP,2025-10-05,,0.00
13905,1,savings,GBP,2025-10-23,,0.00
13906,2,current,GBP,2025-12-01,,500.00
13907,14,current,USD,2025-11-04,,250.00
13908,153,loan,USD,2024-05-21,,0.00
13909,1,credit_card,USD,2025-12-04,,0.00
13910,34,current,EUR,2025-03-26,2026-07-10,2000.00
13911,13,current,GBP,2024-05-05,,1000.00
13912,5049,savings,GBP,2025-07-18,,0.00
13913,1,loan,USD,2025-05-31,,0.00
13914,2,credit_card,GBP,2024-04-11,,0.00
13915,4357,current,GBP,2024-03-19,,1000.00
13916,1,current,GBP,2025-11-22,,2000.00
13917,1,loan,GBP,2025-07-18,,0.00
13918,4,loan,GBP,2025-11-06,,0.00
13919,9,current,EUR,2025-12-23,,0.00
13920,184,credit_card,EUR,2025-05-05,,0.00
13921,112,credit_card,EUR,2025-10-20,,0.00
13922,5951,current,GBP,2024-12-20,,250.00
13923,3,current,GBP,2025-09-02,,500.00
13924,10,savings,EUR,2025-02-03,2025-09-13,0.00
13925,1,savings,GBP,2025-04-26,,0.00
13926,246,savings,GBP,2025-09-18,,0.00
13927,94,current,GBP,2025-05-14,,500.00
13928,94,savings,GBP,2024-06-21,,0.00
13929,218,credit_card,EUR,2024-06-10,,0.00
13930,431,current,GBP,2024-12-26,,250.00
13931,6,credit_card,GBP,2024-01-26,,0.00
13932,6,current,USD,2025-10-20,,2000.00
13933,22,current,GBP,2024-10-12,,1000.00
13934,61,savings,GBP,2024-01-04,,0.00
13935,5,current,GBP,2025-05-29,,0.00
13936,6,savings,USD,2024-08-12,,0.00
13937,16,credit_card,GBP,2024-05-23,,0.00
13938,2605,current,GBP,2024-05-23,,1000.00
13939,1478,current,EUR,2025-01-01,,500.00
13940,22,current,GBP,2024-09-03,,250.00
13941,52,current,GBP,2025-12-27,,250.00
13942,107,current,GBP,2025-05-12,,2000.00
13943,246,savings,USD,2024-05-12,,0.00
13944,10,current,USD,2025-12-16,,0.00
13945,2,current,EUR,2025-05-18,,500.00
13946,2,credit_card,EUR,2024-07-08,,0.00
13947,5921,credit_card,GBP,2024-01-04,,0.00
13948,1,credit_card,GBP,2025-07-29,,0.00
13949,1271,current,GBP,2025-02-03,,0.00
13950,1,savings,GBP,2024-12-17,,0.00
13951,25,credit_card,GBP,2024-07-08,,0.00
13952,17,credit_card,EUR,2024-07-18,,0.00
13953,15,current,USD,2025-05-31,2026-04-26,500.00
13954,5,savings,EUR,2024-05-25,,0.00
13955,5,credit_card,EUR,2024-03-21,2024-10-29,0.00
13956,4408,current,USD,2024-04-19,,500.00
13957,2,current,GBP,2024-12-11,,500.00
13958,1,credit_card,GBP,2025-10-18,,0.00
13959,6409,loan,GBP,2024-08-09,,0.00
13960,1,current,GBP,2025-07-29,,1000.00
13961,450,current,GBP,2024-11-14,,2000.00
13962,14,current,USD,2025-07-02,,0.00
13963,4,savings,GBP,2024-03-12,,0.00
13964,26,savings,GBP,2024-12-03,,0.00
13965,3,current,USD,2024-09-01,,500.00
13966,50,savings,USD,2025-04-18,,0.00
13967,19,savings,GBP,2025-07-29,,0.00
13968,203,savings,GBP,2025-08-06,,0.00
13969,1959,loan,GBP,2024-12-30,,0.00
13970,2,savings,GBP,2025-07-21,,0.00
13971,896,savings,GBP,2024-09-16,,0.00
13972,196,loan,USD,2024-01-21,,0.00
13973,458,current,GBP,2025-03-10,,250.00
13974,78,savings,GBP,2024-11-15,,0.00
13975,1,credit_card,USD,2025-12-24,,0.00
13976,1,current,GBP,2025-01-27,,1000.00
13977,1,current,EUR,2024-03-27,,500.00
13978,1,current,EUR,2024-06-30,,250.00
13979,2617,loan,USD,2024-08-11,,0.00
13980,1,savings,USD,2025-04-10,,0.00
13981,191,current,GBP,2024-11-08,,250.00
13982,25,current,USD,2024-06-22,,250.00
13983,1,current,GBP,2024-05-29,,0.00
13984,1,credit_card,USD,2025-06-13,,0.00
13985,51,current,GBP,2024-11-09,2025-03-15,500.00
13986,1,current,GBP,2024-06-13,,0.00
13987,3897,savings,USD,2024-09-28,,0.00
13988,3,savings,USD,2024-01-08,2025-04-24,0.00
13989,74,current,GBP,2025-04-24,,2000.00
13990,7,current,GBP,2025-01-26,,0.00
13991,1,current,GBP,2024-10-25,,2000.00
13992,11,current,GBP,2025-03-10,,0.00
13993,4,savings,GBP,2025-06-27,,0.00
13994,485,current,GBP,2025-01-15,,2000.00
13995,1,credit_card,USD,2025-12-27,,0.00
13996,1,current,GBP,2025-09-17,2026-11-22,250.00
13997,4,current,USD,2024-03-19,2024-10-21,0.00
13998,2,current,GBP,2025-09-01,,500.00
13999,2,credit_card,GBP,2025-10-15,,0.00
14000,3484,loan,EUR,2025-05-01,,0.00
